# https://github.com/mikedh/trimesh
v -1.12500000 0.33000000 -2.17500000
v -1.12500000 0.33000000 2.87500000
v -1.12500000 0.93000000 -2.17500000
v -1.12500000 0.93000000 2.87500000
v 1.12500000 0.33000000 -2.17500000
v 1.12500000 0.33000000 2.87500000
v 1.12500000 0.93000000 -2.17500000
v 1.12500000 0.93000000 2.87500000
v -1.09000000 0.76945454 -2.42648042
v -1.09000000 0.85192017 -0.77854249
v -1.09000000 1.86807983 -2.48145751
v -1.09000000 1.95054546 -0.83351958
v 1.09000000 0.76945454 -2.42648042
v 1.09000000 0.85192017 -0.77854249
v 1.09000000 1.86807983 -2.48145751
v 1.09000000 1.95054546 -0.83351958
v -1.07000000 0.80000000 -0.25500000
v -1.07000000 0.80000000 2.59500000
v -1.07000000 1.92000000 -0.25500000
v -1.07000000 1.92000000 2.59500000
v 1.07000000 0.80000000 -0.25500000
v 1.07000000 0.80000000 2.59500000
v 1.07000000 1.92000000 -0.25500000
v 1.07000000 1.92000000 2.59500000
v -1.06000000 1.90000000 -0.21000000
v -1.06000000 1.90000000 2.55000000
v -1.06000000 2.00000000 -0.21000000
v -1.06000000 2.00000000 2.55000000
v 1.06000000 1.90000000 -0.21000000
v 1.06000000 1.90000000 2.55000000
v 1.06000000 2.00000000 -0.21000000
v 1.06000000 2.00000000 2.55000000
v -1.08551957 0.18063287 -2.58000000
v -1.08551957 0.18063287 -2.34000000
v -1.10348959 0.35973362 -2.58000000
v -1.10348959 0.35973362 -2.34000000
v 1.10348959 0.40026638 -2.58000000
v 1.10348959 0.40026638 -2.34000000
v 1.08551957 0.57936713 -2.58000000
v 1.08551957 0.57936713 -2.34000000
v -1.17000000 1.14000000 -0.07500000
v -1.17000000 1.14000000 2.57500000
v -1.17000000 1.36000000 -0.07500000
v -1.17000000 1.36000000 2.57500000
v -1.05000000 1.14000000 -0.07500000
v -1.05000000 1.14000000 2.57500000
v -1.05000000 1.36000000 -0.07500000
v -1.05000000 1.36000000 2.57500000
v 1.05000000 1.14000000 -0.07500000
v 1.05000000 1.14000000 2.57500000
v 1.05000000 1.36000000 -0.07500000
v 1.05000000 1.36000000 2.57500000
v 1.17000000 1.14000000 -0.07500000
v 1.17000000 1.14000000 2.57500000
v 1.17000000 1.36000000 -0.07500000
v 1.17000000 1.36000000 2.57500000
v -0.50948737 2.00000000 -1.59360508
v -0.43049263 2.00000000 2.35560495
v -0.50948737 2.10000000 -1.59360508
v -0.43049263 2.10000000 2.35560495
v -0.40950737 2.00000000 -1.59560495
v -0.33051263 2.00000000 2.35360508
v -0.40950737 2.10000000 -1.59560495
v -0.33051263 2.10000000 2.35360508
v 0.40950737 2.00000000 -1.59560495
v 0.33051263 2.00000000 2.35360508
v 0.40950737 2.10000000 -1.59560495
v 0.33051263 2.10000000 2.35360508
v 0.50948737 2.00000000 -1.59360508
v 0.43049263 2.00000000 2.35560495
v 0.50948737 2.10000000 -1.59360508
v 0.43049263 2.10000000 2.35560495
v -0.48000000 2.02250000 -1.22750000
v -0.48000000 2.02250000 -1.17250000
v -0.48000000 2.07750000 -1.22750000
v -0.48000000 2.07750000 -1.17250000
v 0.48000000 2.02250000 -1.22750000
v 0.48000000 2.02250000 -1.17250000
v 0.48000000 2.07750000 -1.22750000
v 0.48000000 2.07750000 -1.17250000
v -0.48000000 2.02250000 -0.70250000
v -0.48000000 2.02250000 -0.64750000
v -0.48000000 2.07750000 -0.70250000
v -0.48000000 2.07750000 -0.64750000
v 0.48000000 2.02250000 -0.70250000
v 0.48000000 2.02250000 -0.64750000
v 0.48000000 2.07750000 -0.70250000
v 0.48000000 2.07750000 -0.64750000
v -0.48000000 2.02250000 -0.17750000
v -0.48000000 2.02250000 -0.12250000
v -0.48000000 2.07750000 -0.17750000
v -0.48000000 2.07750000 -0.12250000
v 0.48000000 2.02250000 -0.17750000
v 0.48000000 2.02250000 -0.12250000
v 0.48000000 2.07750000 -0.17750000
v 0.48000000 2.07750000 -0.12250000
v -0.48000000 2.02250000 0.34750000
v -0.48000000 2.02250000 0.40250000
v -0.48000000 2.07750000 0.34750000
v -0.48000000 2.07750000 0.40250000
v 0.48000000 2.02250000 0.34750000
v 0.48000000 2.02250000 0.40250000
v 0.48000000 2.07750000 0.34750000
v 0.48000000 2.07750000 0.40250000
v -0.48000000 2.02250000 0.87250000
v -0.48000000 2.02250000 0.92750000
v -0.48000000 2.07750000 0.87250000
v -0.48000000 2.07750000 0.92750000
v 0.48000000 2.02250000 0.87250000
v 0.48000000 2.02250000 0.92750000
v 0.48000000 2.07750000 0.87250000
v 0.48000000 2.07750000 0.92750000
v -0.48000000 2.02250000 1.39750000
v -0.48000000 2.02250000 1.45250000
v -0.48000000 2.07750000 1.39750000
v -0.48000000 2.07750000 1.45250000
v 0.48000000 2.02250000 1.39750000
v 0.48000000 2.02250000 1.45250000
v 0.48000000 2.07750000 1.39750000
v 0.48000000 2.07750000 1.45250000
v -0.48000000 2.02250000 1.92250000
v -0.48000000 2.02250000 1.97750000
v -0.48000000 2.07750000 1.92250000
v -0.48000000 2.07750000 1.97750000
v 0.48000000 2.02250000 1.92250000
v 0.48000000 2.02250000 1.97750000
v 0.48000000 2.07750000 1.92250000
v 0.48000000 2.07750000 1.97750000
v -1.14000000 0.74740000 -1.55000000
v -1.19449659 0.73139836 -1.55000000
v -1.23169091 0.68847383 -1.55000000
v -1.23977400 0.63225466 -1.55000000
v -1.21617956 0.58059004 -1.55000000
v -1.16839864 0.54988311 -1.55000000
v -1.11160136 0.54988311 -1.55000000
v -1.06382044 0.58059004 -1.55000000
v -1.04022600 0.63225466 -1.55000000
v -1.04830909 0.68847383 -1.55000000
v -1.08550341 0.73139836 -1.55000000
v -1.14000000 0.73460078 -1.44868374
v -1.19449659 0.71910186 -1.45266319
v -1.23169091 0.67752589 -1.46333808
v -1.23977400 0.62307295 -1.47731922
v -1.21617956 0.57303146 -1.49016769
v -1.16839864 0.54328924 -1.49780419
v -1.11160136 0.54328924 -1.49780419
v -1.06382044 0.57303146 -1.49016769
v -1.04022600 0.62307295 -1.47731922
v -1.04830909 0.67752589 -1.46333808
v -1.08550341 0.71910186 -1.45266319
v -1.14000000 0.69700734 -1.35373355
v -1.19449659 0.68298499 -1.36144240
v -1.23169091 0.64536995 -1.38212145
v -1.23977400 0.59610471 -1.40920524
v -1.21617956 0.55083066 -1.43409487
v -1.16839864 0.52392197 -1.44888804
v -1.11160136 0.52392197 -1.44888804
v -1.06382044 0.55083066 -1.43409487
v -1.04022600 0.59610471 -1.40920524
v -1.04830909 0.64536995 -1.38212145
v -1.08550341 0.68298499 -1.36144240
v -1.14000000 0.63698182 -1.27111551
v -1.19449659 0.62531712 -1.28206939
v -1.23169091 0.59402649 -1.31145325
v -1.23977400 0.55304448 -1.34993792
v -1.21617956 0.51538259 -1.38530479
v -1.16839864 0.49299820 -1.40632513
v -1.11160136 0.49299820 -1.40632513
v -1.06382044 0.51538259 -1.38530479
v -1.04022600 0.55304448 -1.34993792
v -1.04830909 0.59402649 -1.31145325
v -1.08550341 0.62531712 -1.28206939
v -1.14000000 0.55829584 -1.20602080
v -1.19449659 0.54972173 -1.21953144
v -1.23169091 0.52672162 -1.25577381
v -1.23977400 0.49659788 -1.30324123
v -1.21617956 0.46891459 -1.34686311
v -1.16839864 0.45246099 -1.37278983
v -1.11160136 0.45246099 -1.37278983
v -1.06382044 0.46891459 -1.34686311
v -1.04022600 0.49659788 -1.30324123
v -1.04830909 0.52672162 -1.25577381
v -1.08550341 0.54972173 -1.21953144
v -1.14000000 0.46589352 -1.16253958
v -1.19449659 0.46094874 -1.17775804
v -1.23169091 0.44768434 -1.21858169
v -1.23977400 0.43031166 -1.27204930
v -1.21617956 0.41434641 -1.32118528
v -1.16839864 0.40485745 -1.35038930
v -1.11160136 0.40485745 -1.35038930
v -1.06382044 0.41434641 -1.32118528
v -1.04022600 0.43031166 -1.27204930
v -1.04830909 0.44768434 -1.21858169
v -1.08550341 0.46094874 -1.17775804
v -1.14000000 0.36558086 -1.14340391
v -1.19449659 0.36457611 -1.15937398
v -1.23169091 0.36188085 -1.20221380
v -1.23977400 0.35835082 -1.25832203
v -1.21617956 0.35510677 -1.30988471
v -1.16839864 0.35317867 -1.34053105
v -1.11160136 0.35317867 -1.34053105
v -1.06382044 0.35510677 -1.30988471
v -1.04022600 0.35835082 -1.25832203
v -1.04830909 0.36188085 -1.20221380
v -1.08550341 0.36457611 -1.15937398
v -1.14000000 0.26366085 -1.14981617
v -1.19449659 0.26665926 -1.16553438
v -1.23169091 0.27470252 -1.20769860
v -1.23977400 0.28523694 -1.26292197
v -1.21617956 0.29491792 -1.31367147
v -1.16839864 0.30067183 -1.34383450
v -1.11160136 0.30067183 -1.34383450
v -1.06382044 0.29491792 -1.31367147
v -1.04022600 0.28523694 -1.26292197
v -1.04830909 0.27470252 -1.20769860
v -1.08550341 0.26665926 -1.16553438
v -1.14000000 0.16653752 -1.18137346
v -1.19449659 0.17335069 -1.19585218
v -1.23169091 0.19162706 -1.23469145
v -1.23977400 0.21556402 -1.28556007
v -1.21617956 0.23756174 -1.33230763
v -1.16839864 0.25063612 -1.36009209
v -1.11160136 0.25063612 -1.36009209
v -1.06382044 0.23756174 -1.33230763
v -1.04022600 0.21556402 -1.28556007
v -1.04830909 0.19162706 -1.23469145
v -1.08550341 0.17335069 -1.19585218
v -1.14000000 0.08031347 -1.23609290
v -1.19449659 0.09051330 -1.24842238
v -1.23169091 0.11787442 -1.28149630
v -1.23977400 0.15370987 -1.32481391
v -1.21617956 0.18664214 -1.36462219
v -1.16839864 0.20621547 -1.38828229
v -1.11160136 0.20621547 -1.38828229
v -1.06382044 0.18664214 -1.36462219
v -1.04022600 0.15370987 -1.32481391
v -1.04830909 0.11787442 -1.28149630
v -1.08550341 0.09051330 -1.24842238
v -1.14000000 0.01040648 -1.31053629
v -1.19449659 0.02335208 -1.31994182
v -1.23169091 0.05807875 -1.34517222
v -1.23977400 0.10356101 -1.37821702
v -1.21617956 0.14535857 -1.40858472
v -1.16839864 0.17020100 -1.42663380
v -1.11160136 0.17020100 -1.42663380
v -1.06382044 0.14535857 -1.40858472
v -1.04022600 0.10356101 -1.37821702
v -1.04830909 0.05807875 -1.34517222
v -1.08550341 0.02335208 -1.31994182
v -1.14000000 -0.03879094 -1.40002606
v -1.19449659 -0.02391299 -1.40591666
v -1.23169091 0.01599722 -1.42171823
v -1.23977400 0.06826849 -1.44241388
v -1.21617956 0.11630504 -1.46143290
v -1.16839864 0.14485562 -1.47273687
v -1.11160136 0.14485562 -1.47273687
v -1.06382044 0.11630504 -1.46143290
v -1.04022600 0.06826849 -1.44241388
v -1.04830909 0.01599722 -1.42171823
v -1.08550341 -0.02391299 -1.40591666
v -1.14000000 -0.06418753 -1.49893924
v -1.19449659 -0.04831206 -1.50094478
v -1.23169091 -0.00572601 -1.50632465
v -1.23977400 0.05004985 -1.51337078
v -1.21617956 0.10130709 -1.51984607
v -1.16839864 0.13177188 -1.52369467
v -1.11160136 0.13177188 -1.52369467
v -1.06382044 0.10130709 -1.51984607
v -1.04022600 0.05004985 -1.51337078
v -1.04830909 -0.00572601 -1.50632465
v -1.08550341 -0.04831206 -1.50094478
v -1.14000000 -0.06418753 -1.60106076
v -1.19449659 -0.04831206 -1.59905522
v -1.23169091 -0.00572601 -1.59367535
v -1.23977400 0.05004985 -1.58662922
v -1.21617956 0.10130709 -1.58015393
v -1.16839864 0.13177188 -1.57630533
v -1.11160136 0.13177188 -1.57630533
v -1.06382044 0.10130709 -1.58015393
v -1.04022600 0.05004985 -1.58662922
v -1.04830909 -0.00572601 -1.59367535
v -1.08550341 -0.04831206 -1.59905522
v -1.14000000 -0.03879094 -1.69997394
v -1.19449659 -0.02391299 -1.69408334
v -1.23169091 0.01599722 -1.67828177
v -1.23977400 0.06826849 -1.65758612
v -1.21617956 0.11630504 -1.63856710
v -1.16839864 0.14485562 -1.62726313
v -1.11160136 0.14485562 -1.62726313
v -1.06382044 0.11630504 -1.63856710
v -1.04022600 0.06826849 -1.65758612
v -1.04830909 0.01599722 -1.67828177
v -1.08550341 -0.02391299 -1.69408334
v -1.14000000 0.01040648 -1.78946371
v -1.19449659 0.02335208 -1.78005818
v -1.23169091 0.05807875 -1.75482778
v -1.23977400 0.10356101 -1.72178298
v -1.21617956 0.14535857 -1.69141528
v -1.16839864 0.17020100 -1.67336620
v -1.11160136 0.17020100 -1.67336620
v -1.06382044 0.14535857 -1.69141528
v -1.04022600 0.10356101 -1.72178298
v -1.04830909 0.05807875 -1.75482778
v -1.08550341 0.02335208 -1.78005818
v -1.14000000 0.08031347 -1.86390710
v -1.19449659 0.09051330 -1.85157762
v -1.23169091 0.11787442 -1.81850370
v -1.23977400 0.15370987 -1.77518609
v -1.21617956 0.18664214 -1.73537781
v -1.16839864 0.20621547 -1.71171771
v -1.11160136 0.20621547 -1.71171771
v -1.06382044 0.18664214 -1.73537781
v -1.04022600 0.15370987 -1.77518609
v -1.04830909 0.11787442 -1.81850370
v -1.08550341 0.09051330 -1.85157762
v -1.14000000 0.16653752 -1.91862654
v -1.19449659 0.17335069 -1.90414782
v -1.23169091 0.19162706 -1.86530855
v -1.23977400 0.21556402 -1.81443993
v -1.21617956 0.23756174 -1.76769237
v -1.16839864 0.25063612 -1.73990791
v -1.11160136 0.25063612 -1.73990791
v -1.06382044 0.23756174 -1.76769237
v -1.04022600 0.21556402 -1.81443993
v -1.04830909 0.19162706 -1.86530855
v -1.08550341 0.17335069 -1.90414782
v -1.14000000 0.26366085 -1.95018383
v -1.19449659 0.26665926 -1.93446562
v -1.23169091 0.27470252 -1.89230140
v -1.23977400 0.28523694 -1.83707803
v -1.21617956 0.29491792 -1.78632853
v -1.16839864 0.30067183 -1.75616550
v -1.11160136 0.30067183 -1.75616550
v -1.06382044 0.29491792 -1.78632853
v -1.04022600 0.28523694 -1.83707803
v -1.04830909 0.27470252 -1.89230140
v -1.08550341 0.26665926 -1.93446562
v -1.14000000 0.36558086 -1.95659609
v -1.19449659 0.36457611 -1.94062602
v -1.23169091 0.36188085 -1.89778620
v -1.23977400 0.35835082 -1.84167797
v -1.21617956 0.35510677 -1.79011529
v -1.16839864 0.35317867 -1.75946895
v -1.11160136 0.35317867 -1.75946895
v -1.06382044 0.35510677 -1.79011529
v -1.04022600 0.35835082 -1.84167797
v -1.04830909 0.36188085 -1.89778620
v -1.08550341 0.36457611 -1.94062602
v -1.14000000 0.46589352 -1.93746042
v -1.19449659 0.46094874 -1.92224196
v -1.23169091 0.44768434 -1.88141831
v -1.23977400 0.43031166 -1.82795070
v -1.21617956 0.41434641 -1.77881472
v -1.16839864 0.40485745 -1.74961070
v -1.11160136 0.40485745 -1.74961070
v -1.06382044 0.41434641 -1.77881472
v -1.04022600 0.43031166 -1.82795070
v -1.04830909 0.44768434 -1.88141831
v -1.08550341 0.46094874 -1.92224196
v -1.14000000 0.55829584 -1.89397920
v -1.19449659 0.54972173 -1.88046856
v -1.23169091 0.52672162 -1.84422619
v -1.23977400 0.49659788 -1.79675877
v -1.21617956 0.46891459 -1.75313689
v -1.16839864 0.45246099 -1.72721017
v -1.11160136 0.45246099 -1.72721017
v -1.06382044 0.46891459 -1.75313689
v -1.04022600 0.49659788 -1.79675877
v -1.04830909 0.52672162 -1.84422619
v -1.08550341 0.54972173 -1.88046856
v -1.14000000 0.63698182 -1.82888449
v -1.19449659 0.62531712 -1.81793061
v -1.23169091 0.59402649 -1.78854675
v -1.23977400 0.55304448 -1.75006208
v -1.21617956 0.51538259 -1.71469521
v -1.16839864 0.49299820 -1.69367487
v -1.11160136 0.49299820 -1.69367487
v -1.06382044 0.51538259 -1.71469521
v -1.04022600 0.55304448 -1.75006208
v -1.04830909 0.59402649 -1.78854675
v -1.08550341 0.62531712 -1.81793061
v -1.14000000 0.69700734 -1.74626645
v -1.19449659 0.68298499 -1.73855760
v -1.23169091 0.64536995 -1.71787855
v -1.23977400 0.59610471 -1.69079476
v -1.21617956 0.55083066 -1.66590513
v -1.16839864 0.52392197 -1.65111196
v -1.11160136 0.52392197 -1.65111196
v -1.06382044 0.55083066 -1.66590513
v -1.04022600 0.59610471 -1.69079476
v -1.04830909 0.64536995 -1.71787855
v -1.08550341 0.68298499 -1.73855760
v -1.14000000 0.73460078 -1.65131626
v -1.19449659 0.71910186 -1.64733681
v -1.23169091 0.67752589 -1.63666192
v -1.23977400 0.62307295 -1.62268078
v -1.21617956 0.57303146 -1.60983231
v -1.16839864 0.54328924 -1.60219581
v -1.11160136 0.54328924 -1.60219581
v -1.06382044 0.57303146 -1.60983231
v -1.04022600 0.62307295 -1.62268078
v -1.04830909 0.67752589 -1.63666192
v -1.08550341 0.71910186 -1.64733681
v -1.14000000 0.34000000 -1.67600000
v -1.14000000 0.53740000 -1.67600000
v -1.14000000 0.53740000 -1.42400000
v -1.14000000 0.34000000 -1.42400000
v -1.20751478 0.52549532 -1.67600000
v -1.20751478 0.52549532 -1.42400000
v -1.26688627 0.49121717 -1.67600000
v -1.26688627 0.49121717 -1.42400000
v -1.31095341 0.43870000 -1.67600000
v -1.31095341 0.43870000 -1.42400000
v -1.33440105 0.37427815 -1.67600000
v -1.33440105 0.37427815 -1.42400000
v -1.33440105 0.30572185 -1.67600000
v -1.33440105 0.30572185 -1.42400000
v -1.31095341 0.24130000 -1.67600000
v -1.31095341 0.24130000 -1.42400000
v -1.26688627 0.18878283 -1.67600000
v -1.26688627 0.18878283 -1.42400000
v -1.20751478 0.15450468 -1.67600000
v -1.20751478 0.15450468 -1.42400000
v -1.14000000 0.14260000 -1.67600000
v -1.14000000 0.14260000 -1.42400000
v -1.07248522 0.15450468 -1.67600000
v -1.07248522 0.15450468 -1.42400000
v -1.01311373 0.18878283 -1.67600000
v -1.01311373 0.18878283 -1.42400000
v -0.96904659 0.24130000 -1.67600000
v -0.96904659 0.24130000 -1.42400000
v -0.94559895 0.30572185 -1.67600000
v -0.94559895 0.30572185 -1.42400000
v -0.94559895 0.37427815 -1.67600000
v -0.94559895 0.37427815 -1.42400000
v -0.96904659 0.43870000 -1.67600000
v -0.96904659 0.43870000 -1.42400000
v -1.01311373 0.49121717 -1.67600000
v -1.01311373 0.49121717 -1.42400000
v -1.07248522 0.52549532 -1.67600000
v -1.07248522 0.52549532 -1.42400000
v 1.14000000 0.74740000 -1.55000000
v 1.08550341 0.73139836 -1.55000000
v 1.04830909 0.68847383 -1.55000000
v 1.04022600 0.63225466 -1.55000000
v 1.06382044 0.58059004 -1.55000000
v 1.11160136 0.54988311 -1.55000000
v 1.16839864 0.54988311 -1.55000000
v 1.21617956 0.58059004 -1.55000000
v 1.23977400 0.63225466 -1.55000000
v 1.23169091 0.68847383 -1.55000000
v 1.19449659 0.73139836 -1.55000000
v 1.14000000 0.73460078 -1.44868374
v 1.08550341 0.71910186 -1.45266319
v 1.04830909 0.67752589 -1.46333808
v 1.04022600 0.62307295 -1.47731922
v 1.06382044 0.57303146 -1.49016769
v 1.11160136 0.54328924 -1.49780419
v 1.16839864 0.54328924 -1.49780419
v 1.21617956 0.57303146 -1.49016769
v 1.23977400 0.62307295 -1.47731922
v 1.23169091 0.67752589 -1.46333808
v 1.19449659 0.71910186 -1.45266319
v 1.14000000 0.69700734 -1.35373355
v 1.08550341 0.68298499 -1.36144240
v 1.04830909 0.64536995 -1.38212145
v 1.04022600 0.59610471 -1.40920524
v 1.06382044 0.55083066 -1.43409487
v 1.11160136 0.52392197 -1.44888804
v 1.16839864 0.52392197 -1.44888804
v 1.21617956 0.55083066 -1.43409487
v 1.23977400 0.59610471 -1.40920524
v 1.23169091 0.64536995 -1.38212145
v 1.19449659 0.68298499 -1.36144240
v 1.14000000 0.63698182 -1.27111551
v 1.08550341 0.62531712 -1.28206939
v 1.04830909 0.59402649 -1.31145325
v 1.04022600 0.55304448 -1.34993792
v 1.06382044 0.51538259 -1.38530479
v 1.11160136 0.49299820 -1.40632513
v 1.16839864 0.49299820 -1.40632513
v 1.21617956 0.51538259 -1.38530479
v 1.23977400 0.55304448 -1.34993792
v 1.23169091 0.59402649 -1.31145325
v 1.19449659 0.62531712 -1.28206939
v 1.14000000 0.55829584 -1.20602080
v 1.08550341 0.54972173 -1.21953144
v 1.04830909 0.52672162 -1.25577381
v 1.04022600 0.49659788 -1.30324123
v 1.06382044 0.46891459 -1.34686311
v 1.11160136 0.45246099 -1.37278983
v 1.16839864 0.45246099 -1.37278983
v 1.21617956 0.46891459 -1.34686311
v 1.23977400 0.49659788 -1.30324123
v 1.23169091 0.52672162 -1.25577381
v 1.19449659 0.54972173 -1.21953144
v 1.14000000 0.46589352 -1.16253958
v 1.08550341 0.46094874 -1.17775804
v 1.04830909 0.44768434 -1.21858169
v 1.04022600 0.43031166 -1.27204930
v 1.06382044 0.41434641 -1.32118528
v 1.11160136 0.40485745 -1.35038930
v 1.16839864 0.40485745 -1.35038930
v 1.21617956 0.41434641 -1.32118528
v 1.23977400 0.43031166 -1.27204930
v 1.23169091 0.44768434 -1.21858169
v 1.19449659 0.46094874 -1.17775804
v 1.14000000 0.36558086 -1.14340391
v 1.08550341 0.36457611 -1.15937398
v 1.04830909 0.36188085 -1.20221380
v 1.04022600 0.35835082 -1.25832203
v 1.06382044 0.35510677 -1.30988471
v 1.11160136 0.35317867 -1.34053105
v 1.16839864 0.35317867 -1.34053105
v 1.21617956 0.35510677 -1.30988471
v 1.23977400 0.35835082 -1.25832203
v 1.23169091 0.36188085 -1.20221380
v 1.19449659 0.36457611 -1.15937398
v 1.14000000 0.26366085 -1.14981617
v 1.08550341 0.26665926 -1.16553438
v 1.04830909 0.27470252 -1.20769860
v 1.04022600 0.28523694 -1.26292197
v 1.06382044 0.29491792 -1.31367147
v 1.11160136 0.30067183 -1.34383450
v 1.16839864 0.30067183 -1.34383450
v 1.21617956 0.29491792 -1.31367147
v 1.23977400 0.28523694 -1.26292197
v 1.23169091 0.27470252 -1.20769860
v 1.19449659 0.26665926 -1.16553438
v 1.14000000 0.16653752 -1.18137346
v 1.08550341 0.17335069 -1.19585218
v 1.04830909 0.19162706 -1.23469145
v 1.04022600 0.21556402 -1.28556007
v 1.06382044 0.23756174 -1.33230763
v 1.11160136 0.25063612 -1.36009209
v 1.16839864 0.25063612 -1.36009209
v 1.21617956 0.23756174 -1.33230763
v 1.23977400 0.21556402 -1.28556007
v 1.23169091 0.19162706 -1.23469145
v 1.19449659 0.17335069 -1.19585218
v 1.14000000 0.08031347 -1.23609290
v 1.08550341 0.09051330 -1.24842238
v 1.04830909 0.11787442 -1.28149630
v 1.04022600 0.15370987 -1.32481391
v 1.06382044 0.18664214 -1.36462219
v 1.11160136 0.20621547 -1.38828229
v 1.16839864 0.20621547 -1.38828229
v 1.21617956 0.18664214 -1.36462219
v 1.23977400 0.15370987 -1.32481391
v 1.23169091 0.11787442 -1.28149630
v 1.19449659 0.09051330 -1.24842238
v 1.14000000 0.01040648 -1.31053629
v 1.08550341 0.02335208 -1.31994182
v 1.04830909 0.05807875 -1.34517222
v 1.04022600 0.10356101 -1.37821702
v 1.06382044 0.14535857 -1.40858472
v 1.11160136 0.17020100 -1.42663380
v 1.16839864 0.17020100 -1.42663380
v 1.21617956 0.14535857 -1.40858472
v 1.23977400 0.10356101 -1.37821702
v 1.23169091 0.05807875 -1.34517222
v 1.19449659 0.02335208 -1.31994182
v 1.14000000 -0.03879094 -1.40002606
v 1.08550341 -0.02391299 -1.40591666
v 1.04830909 0.01599722 -1.42171823
v 1.04022600 0.06826849 -1.44241388
v 1.06382044 0.11630504 -1.46143290
v 1.11160136 0.14485562 -1.47273687
v 1.16839864 0.14485562 -1.47273687
v 1.21617956 0.11630504 -1.46143290
v 1.23977400 0.06826849 -1.44241388
v 1.23169091 0.01599722 -1.42171823
v 1.19449659 -0.02391299 -1.40591666
v 1.14000000 -0.06418753 -1.49893924
v 1.08550341 -0.04831206 -1.50094478
v 1.04830909 -0.00572601 -1.50632465
v 1.04022600 0.05004985 -1.51337078
v 1.06382044 0.10130709 -1.51984607
v 1.11160136 0.13177188 -1.52369467
v 1.16839864 0.13177188 -1.52369467
v 1.21617956 0.10130709 -1.51984607
v 1.23977400 0.05004985 -1.51337078
v 1.23169091 -0.00572601 -1.50632465
v 1.19449659 -0.04831206 -1.50094478
v 1.14000000 -0.06418753 -1.60106076
v 1.08550341 -0.04831206 -1.59905522
v 1.04830909 -0.00572601 -1.59367535
v 1.04022600 0.05004985 -1.58662922
v 1.06382044 0.10130709 -1.58015393
v 1.11160136 0.13177188 -1.57630533
v 1.16839864 0.13177188 -1.57630533
v 1.21617956 0.10130709 -1.58015393
v 1.23977400 0.05004985 -1.58662922
v 1.23169091 -0.00572601 -1.59367535
v 1.19449659 -0.04831206 -1.59905522
v 1.14000000 -0.03879094 -1.69997394
v 1.08550341 -0.02391299 -1.69408334
v 1.04830909 0.01599722 -1.67828177
v 1.04022600 0.06826849 -1.65758612
v 1.06382044 0.11630504 -1.63856710
v 1.11160136 0.14485562 -1.62726313
v 1.16839864 0.14485562 -1.62726313
v 1.21617956 0.11630504 -1.63856710
v 1.23977400 0.06826849 -1.65758612
v 1.23169091 0.01599722 -1.67828177
v 1.19449659 -0.02391299 -1.69408334
v 1.14000000 0.01040648 -1.78946371
v 1.08550341 0.02335208 -1.78005818
v 1.04830909 0.05807875 -1.75482778
v 1.04022600 0.10356101 -1.72178298
v 1.06382044 0.14535857 -1.69141528
v 1.11160136 0.17020100 -1.67336620
v 1.16839864 0.17020100 -1.67336620
v 1.21617956 0.14535857 -1.69141528
v 1.23977400 0.10356101 -1.72178298
v 1.23169091 0.05807875 -1.75482778
v 1.19449659 0.02335208 -1.78005818
v 1.14000000 0.08031347 -1.86390710
v 1.08550341 0.09051330 -1.85157762
v 1.04830909 0.11787442 -1.81850370
v 1.04022600 0.15370987 -1.77518609
v 1.06382044 0.18664214 -1.73537781
v 1.11160136 0.20621547 -1.71171771
v 1.16839864 0.20621547 -1.71171771
v 1.21617956 0.18664214 -1.73537781
v 1.23977400 0.15370987 -1.77518609
v 1.23169091 0.11787442 -1.81850370
v 1.19449659 0.09051330 -1.85157762
v 1.14000000 0.16653752 -1.91862654
v 1.08550341 0.17335069 -1.90414782
v 1.04830909 0.19162706 -1.86530855
v 1.04022600 0.21556402 -1.81443993
v 1.06382044 0.23756174 -1.76769237
v 1.11160136 0.25063612 -1.73990791
v 1.16839864 0.25063612 -1.73990791
v 1.21617956 0.23756174 -1.76769237
v 1.23977400 0.21556402 -1.81443993
v 1.23169091 0.19162706 -1.86530855
v 1.19449659 0.17335069 -1.90414782
v 1.14000000 0.26366085 -1.95018383
v 1.08550341 0.26665926 -1.93446562
v 1.04830909 0.27470252 -1.89230140
v 1.04022600 0.28523694 -1.83707803
v 1.06382044 0.29491792 -1.78632853
v 1.11160136 0.30067183 -1.75616550
v 1.16839864 0.30067183 -1.75616550
v 1.21617956 0.29491792 -1.78632853
v 1.23977400 0.28523694 -1.83707803
v 1.23169091 0.27470252 -1.89230140
v 1.19449659 0.26665926 -1.93446562
v 1.14000000 0.36558086 -1.95659609
v 1.08550341 0.36457611 -1.94062602
v 1.04830909 0.36188085 -1.89778620
v 1.04022600 0.35835082 -1.84167797
v 1.06382044 0.35510677 -1.79011529
v 1.11160136 0.35317867 -1.75946895
v 1.16839864 0.35317867 -1.75946895
v 1.21617956 0.35510677 -1.79011529
v 1.23977400 0.35835082 -1.84167797
v 1.23169091 0.36188085 -1.89778620
v 1.19449659 0.36457611 -1.94062602
v 1.14000000 0.46589352 -1.93746042
v 1.08550341 0.46094874 -1.92224196
v 1.04830909 0.44768434 -1.88141831
v 1.04022600 0.43031166 -1.82795070
v 1.06382044 0.41434641 -1.77881472
v 1.11160136 0.40485745 -1.74961070
v 1.16839864 0.40485745 -1.74961070
v 1.21617956 0.41434641 -1.77881472
v 1.23977400 0.43031166 -1.82795070
v 1.23169091 0.44768434 -1.88141831
v 1.19449659 0.46094874 -1.92224196
v 1.14000000 0.55829584 -1.89397920
v 1.08550341 0.54972173 -1.88046856
v 1.04830909 0.52672162 -1.84422619
v 1.04022600 0.49659788 -1.79675877
v 1.06382044 0.46891459 -1.75313689
v 1.11160136 0.45246099 -1.72721017
v 1.16839864 0.45246099 -1.72721017
v 1.21617956 0.46891459 -1.75313689
v 1.23977400 0.49659788 -1.79675877
v 1.23169091 0.52672162 -1.84422619
v 1.19449659 0.54972173 -1.88046856
v 1.14000000 0.63698182 -1.82888449
v 1.08550341 0.62531712 -1.81793061
v 1.04830909 0.59402649 -1.78854675
v 1.04022600 0.55304448 -1.75006208
v 1.06382044 0.51538259 -1.71469521
v 1.11160136 0.49299820 -1.69367487
v 1.16839864 0.49299820 -1.69367487
v 1.21617956 0.51538259 -1.71469521
v 1.23977400 0.55304448 -1.75006208
v 1.23169091 0.59402649 -1.78854675
v 1.19449659 0.62531712 -1.81793061
v 1.14000000 0.69700734 -1.74626645
v 1.08550341 0.68298499 -1.73855760
v 1.04830909 0.64536995 -1.71787855
v 1.04022600 0.59610471 -1.69079476
v 1.06382044 0.55083066 -1.66590513
v 1.11160136 0.52392197 -1.65111196
v 1.16839864 0.52392197 -1.65111196
v 1.21617956 0.55083066 -1.66590513
v 1.23977400 0.59610471 -1.69079476
v 1.23169091 0.64536995 -1.71787855
v 1.19449659 0.68298499 -1.73855760
v 1.14000000 0.73460078 -1.65131626
v 1.08550341 0.71910186 -1.64733681
v 1.04830909 0.67752589 -1.63666192
v 1.04022600 0.62307295 -1.62268078
v 1.06382044 0.57303146 -1.60983231
v 1.11160136 0.54328924 -1.60219581
v 1.16839864 0.54328924 -1.60219581
v 1.21617956 0.57303146 -1.60983231
v 1.23977400 0.62307295 -1.62268078
v 1.23169091 0.67752589 -1.63666192
v 1.19449659 0.71910186 -1.64733681
v 1.14000000 0.34000000 -1.67600000
v 1.14000000 0.53740000 -1.67600000
v 1.14000000 0.53740000 -1.42400000
v 1.14000000 0.34000000 -1.42400000
v 1.07248522 0.52549532 -1.67600000
v 1.07248522 0.52549532 -1.42400000
v 1.01311373 0.49121717 -1.67600000
v 1.01311373 0.49121717 -1.42400000
v 0.96904659 0.43870000 -1.67600000
v 0.96904659 0.43870000 -1.42400000
v 0.94559895 0.37427815 -1.67600000
v 0.94559895 0.37427815 -1.42400000
v 0.94559895 0.30572185 -1.67600000
v 0.94559895 0.30572185 -1.42400000
v 0.96904659 0.24130000 -1.67600000
v 0.96904659 0.24130000 -1.42400000
v 1.01311373 0.18878283 -1.67600000
v 1.01311373 0.18878283 -1.42400000
v 1.07248522 0.15450468 -1.67600000
v 1.07248522 0.15450468 -1.42400000
v 1.14000000 0.14260000 -1.67600000
v 1.14000000 0.14260000 -1.42400000
v 1.20751478 0.15450468 -1.67600000
v 1.20751478 0.15450468 -1.42400000
v 1.26688627 0.18878283 -1.67600000
v 1.26688627 0.18878283 -1.42400000
v 1.31095341 0.24130000 -1.67600000
v 1.31095341 0.24130000 -1.42400000
v 1.33440105 0.30572185 -1.67600000
v 1.33440105 0.30572185 -1.42400000
v 1.33440105 0.37427815 -1.67600000
v 1.33440105 0.37427815 -1.42400000
v 1.31095341 0.43870000 -1.67600000
v 1.31095341 0.43870000 -1.42400000
v 1.26688627 0.49121717 -1.67600000
v 1.26688627 0.49121717 -1.42400000
v 1.20751478 0.52549532 -1.67600000
v 1.20751478 0.52549532 -1.42400000
v -1.14000000 0.74740000 0.48000000
v -1.19449659 0.73139836 0.48000000
v -1.23169091 0.68847383 0.48000000
v -1.23977400 0.63225466 0.48000000
v -1.21617956 0.58059004 0.48000000
v -1.16839864 0.54988311 0.48000000
v -1.11160136 0.54988311 0.48000000
v -1.06382044 0.58059004 0.48000000
v -1.04022600 0.63225466 0.48000000
v -1.04830909 0.68847383 0.48000000
v -1.08550341 0.73139836 0.48000000
v -1.14000000 0.73460078 0.58131626
v -1.19449659 0.71910186 0.57733681
v -1.23169091 0.67752589 0.56666192
v -1.23977400 0.62307295 0.55268078
v -1.21617956 0.57303146 0.53983231
v -1.16839864 0.54328924 0.53219581
v -1.11160136 0.54328924 0.53219581
v -1.06382044 0.57303146 0.53983231
v -1.04022600 0.62307295 0.55268078
v -1.04830909 0.67752589 0.56666192
v -1.08550341 0.71910186 0.57733681
v -1.14000000 0.69700734 0.67626645
v -1.19449659 0.68298499 0.66855760
v -1.23169091 0.64536995 0.64787855
v -1.23977400 0.59610471 0.62079476
v -1.21617956 0.55083066 0.59590513
v -1.16839864 0.52392197 0.58111196
v -1.11160136 0.52392197 0.58111196
v -1.06382044 0.55083066 0.59590513
v -1.04022600 0.59610471 0.62079476
v -1.04830909 0.64536995 0.64787855
v -1.08550341 0.68298499 0.66855760
v -1.14000000 0.63698182 0.75888449
v -1.19449659 0.62531712 0.74793061
v -1.23169091 0.59402649 0.71854675
v -1.23977400 0.55304448 0.68006208
v -1.21617956 0.51538259 0.64469521
v -1.16839864 0.49299820 0.62367487
v -1.11160136 0.49299820 0.62367487
v -1.06382044 0.51538259 0.64469521
v -1.04022600 0.55304448 0.68006208
v -1.04830909 0.59402649 0.71854675
v -1.08550341 0.62531712 0.74793061
v -1.14000000 0.55829584 0.82397920
v -1.19449659 0.54972173 0.81046856
v -1.23169091 0.52672162 0.77422619
v -1.23977400 0.49659788 0.72675877
v -1.21617956 0.46891459 0.68313689
v -1.16839864 0.45246099 0.65721017
v -1.11160136 0.45246099 0.65721017
v -1.06382044 0.46891459 0.68313689
v -1.04022600 0.49659788 0.72675877
v -1.04830909 0.52672162 0.77422619
v -1.08550341 0.54972173 0.81046856
v -1.14000000 0.46589352 0.86746042
v -1.19449659 0.46094874 0.85224196
v -1.23169091 0.44768434 0.81141831
v -1.23977400 0.43031166 0.75795070
v -1.21617956 0.41434641 0.70881472
v -1.16839864 0.40485745 0.67961070
v -1.11160136 0.40485745 0.67961070
v -1.06382044 0.41434641 0.70881472
v -1.04022600 0.43031166 0.75795070
v -1.04830909 0.44768434 0.81141831
v -1.08550341 0.46094874 0.85224196
v -1.14000000 0.36558086 0.88659609
v -1.19449659 0.36457611 0.87062602
v -1.23169091 0.36188085 0.82778620
v -1.23977400 0.35835082 0.77167797
v -1.21617956 0.35510677 0.72011529
v -1.16839864 0.35317867 0.68946895
v -1.11160136 0.35317867 0.68946895
v -1.06382044 0.35510677 0.72011529
v -1.04022600 0.35835082 0.77167797
v -1.04830909 0.36188085 0.82778620
v -1.08550341 0.36457611 0.87062602
v -1.14000000 0.26366085 0.88018383
v -1.19449659 0.26665926 0.86446562
v -1.23169091 0.27470252 0.82230140
v -1.23977400 0.28523694 0.76707803
v -1.21617956 0.29491792 0.71632853
v -1.16839864 0.30067183 0.68616550
v -1.11160136 0.30067183 0.68616550
v -1.06382044 0.29491792 0.71632853
v -1.04022600 0.28523694 0.76707803
v -1.04830909 0.27470252 0.82230140
v -1.08550341 0.26665926 0.86446562
v -1.14000000 0.16653752 0.84862654
v -1.19449659 0.17335069 0.83414782
v -1.23169091 0.19162706 0.79530855
v -1.23977400 0.21556402 0.74443993
v -1.21617956 0.23756174 0.69769237
v -1.16839864 0.25063612 0.66990791
v -1.11160136 0.25063612 0.66990791
v -1.06382044 0.23756174 0.69769237
v -1.04022600 0.21556402 0.74443993
v -1.04830909 0.19162706 0.79530855
v -1.08550341 0.17335069 0.83414782
v -1.14000000 0.08031347 0.79390710
v -1.19449659 0.09051330 0.78157762
v -1.23169091 0.11787442 0.74850370
v -1.23977400 0.15370987 0.70518609
v -1.21617956 0.18664214 0.66537781
v -1.16839864 0.20621547 0.64171771
v -1.11160136 0.20621547 0.64171771
v -1.06382044 0.18664214 0.66537781
v -1.04022600 0.15370987 0.70518609
v -1.04830909 0.11787442 0.74850370
v -1.08550341 0.09051330 0.78157762
v -1.14000000 0.01040648 0.71946371
v -1.19449659 0.02335208 0.71005818
v -1.23169091 0.05807875 0.68482778
v -1.23977400 0.10356101 0.65178298
v -1.21617956 0.14535857 0.62141528
v -1.16839864 0.17020100 0.60336620
v -1.11160136 0.17020100 0.60336620
v -1.06382044 0.14535857 0.62141528
v -1.04022600 0.10356101 0.65178298
v -1.04830909 0.05807875 0.68482778
v -1.08550341 0.02335208 0.71005818
v -1.14000000 -0.03879094 0.62997394
v -1.19449659 -0.02391299 0.62408334
v -1.23169091 0.01599722 0.60828177
v -1.23977400 0.06826849 0.58758612
v -1.21617956 0.11630504 0.56856710
v -1.16839864 0.14485562 0.55726313
v -1.11160136 0.14485562 0.55726313
v -1.06382044 0.11630504 0.56856710
v -1.04022600 0.06826849 0.58758612
v -1.04830909 0.01599722 0.60828177
v -1.08550341 -0.02391299 0.62408334
v -1.14000000 -0.06418753 0.53106076
v -1.19449659 -0.04831206 0.52905522
v -1.23169091 -0.00572601 0.52367535
v -1.23977400 0.05004985 0.51662922
v -1.21617956 0.10130709 0.51015393
v -1.16839864 0.13177188 0.50630533
v -1.11160136 0.13177188 0.50630533
v -1.06382044 0.10130709 0.51015393
v -1.04022600 0.05004985 0.51662922
v -1.04830909 -0.00572601 0.52367535
v -1.08550341 -0.04831206 0.52905522
v -1.14000000 -0.06418753 0.42893924
v -1.19449659 -0.04831206 0.43094478
v -1.23169091 -0.00572601 0.43632465
v -1.23977400 0.05004985 0.44337078
v -1.21617956 0.10130709 0.44984607
v -1.16839864 0.13177188 0.45369467
v -1.11160136 0.13177188 0.45369467
v -1.06382044 0.10130709 0.44984607
v -1.04022600 0.05004985 0.44337078
v -1.04830909 -0.00572601 0.43632465
v -1.08550341 -0.04831206 0.43094478
v -1.14000000 -0.03879094 0.33002606
v -1.19449659 -0.02391299 0.33591666
v -1.23169091 0.01599722 0.35171823
v -1.23977400 0.06826849 0.37241388
v -1.21617956 0.11630504 0.39143290
v -1.16839864 0.14485562 0.40273687
v -1.11160136 0.14485562 0.40273687
v -1.06382044 0.11630504 0.39143290
v -1.04022600 0.06826849 0.37241388
v -1.04830909 0.01599722 0.35171823
v -1.08550341 -0.02391299 0.33591666
v -1.14000000 0.01040648 0.24053629
v -1.19449659 0.02335208 0.24994182
v -1.23169091 0.05807875 0.27517222
v -1.23977400 0.10356101 0.30821702
v -1.21617956 0.14535857 0.33858472
v -1.16839864 0.17020100 0.35663380
v -1.11160136 0.17020100 0.35663380
v -1.06382044 0.14535857 0.33858472
v -1.04022600 0.10356101 0.30821702
v -1.04830909 0.05807875 0.27517222
v -1.08550341 0.02335208 0.24994182
v -1.14000000 0.08031347 0.16609290
v -1.19449659 0.09051330 0.17842238
v -1.23169091 0.11787442 0.21149630
v -1.23977400 0.15370987 0.25481391
v -1.21617956 0.18664214 0.29462219
v -1.16839864 0.20621547 0.31828229
v -1.11160136 0.20621547 0.31828229
v -1.06382044 0.18664214 0.29462219
v -1.04022600 0.15370987 0.25481391
v -1.04830909 0.11787442 0.21149630
v -1.08550341 0.09051330 0.17842238
v -1.14000000 0.16653752 0.11137346
v -1.19449659 0.17335069 0.12585218
v -1.23169091 0.19162706 0.16469145
v -1.23977400 0.21556402 0.21556007
v -1.21617956 0.23756174 0.26230763
v -1.16839864 0.25063612 0.29009209
v -1.11160136 0.25063612 0.29009209
v -1.06382044 0.23756174 0.26230763
v -1.04022600 0.21556402 0.21556007
v -1.04830909 0.19162706 0.16469145
v -1.08550341 0.17335069 0.12585218
v -1.14000000 0.26366085 0.07981617
v -1.19449659 0.26665926 0.09553438
v -1.23169091 0.27470252 0.13769860
v -1.23977400 0.28523694 0.19292197
v -1.21617956 0.29491792 0.24367147
v -1.16839864 0.30067183 0.27383450
v -1.11160136 0.30067183 0.27383450
v -1.06382044 0.29491792 0.24367147
v -1.04022600 0.28523694 0.19292197
v -1.04830909 0.27470252 0.13769860
v -1.08550341 0.26665926 0.09553438
v -1.14000000 0.36558086 0.07340391
v -1.19449659 0.36457611 0.08937398
v -1.23169091 0.36188085 0.13221380
v -1.23977400 0.35835082 0.18832203
v -1.21617956 0.35510677 0.23988471
v -1.16839864 0.35317867 0.27053105
v -1.11160136 0.35317867 0.27053105
v -1.06382044 0.35510677 0.23988471
v -1.04022600 0.35835082 0.18832203
v -1.04830909 0.36188085 0.13221380
v -1.08550341 0.36457611 0.08937398
v -1.14000000 0.46589352 0.09253958
v -1.19449659 0.46094874 0.10775804
v -1.23169091 0.44768434 0.14858169
v -1.23977400 0.43031166 0.20204930
v -1.21617956 0.41434641 0.25118528
v -1.16839864 0.40485745 0.28038930
v -1.11160136 0.40485745 0.28038930
v -1.06382044 0.41434641 0.25118528
v -1.04022600 0.43031166 0.20204930
v -1.04830909 0.44768434 0.14858169
v -1.08550341 0.46094874 0.10775804
v -1.14000000 0.55829584 0.13602080
v -1.19449659 0.54972173 0.14953144
v -1.23169091 0.52672162 0.18577381
v -1.23977400 0.49659788 0.23324123
v -1.21617956 0.46891459 0.27686311
v -1.16839864 0.45246099 0.30278983
v -1.11160136 0.45246099 0.30278983
v -1.06382044 0.46891459 0.27686311
v -1.04022600 0.49659788 0.23324123
v -1.04830909 0.52672162 0.18577381
v -1.08550341 0.54972173 0.14953144
v -1.14000000 0.63698182 0.20111551
v -1.19449659 0.62531712 0.21206939
v -1.23169091 0.59402649 0.24145325
v -1.23977400 0.55304448 0.27993792
v -1.21617956 0.51538259 0.31530479
v -1.16839864 0.49299820 0.33632513
v -1.11160136 0.49299820 0.33632513
v -1.06382044 0.51538259 0.31530479
v -1.04022600 0.55304448 0.27993792
v -1.04830909 0.59402649 0.24145325
v -1.08550341 0.62531712 0.21206939
v -1.14000000 0.69700734 0.28373355
v -1.19449659 0.68298499 0.29144240
v -1.23169091 0.64536995 0.31212145
v -1.23977400 0.59610471 0.33920524
v -1.21617956 0.55083066 0.36409487
v -1.16839864 0.52392197 0.37888804
v -1.11160136 0.52392197 0.37888804
v -1.06382044 0.55083066 0.36409487
v -1.04022600 0.59610471 0.33920524
v -1.04830909 0.64536995 0.31212145
v -1.08550341 0.68298499 0.29144240
v -1.14000000 0.73460078 0.37868374
v -1.19449659 0.71910186 0.38266319
v -1.23169091 0.67752589 0.39333808
v -1.23977400 0.62307295 0.40731922
v -1.21617956 0.57303146 0.42016769
v -1.16839864 0.54328924 0.42780419
v -1.11160136 0.54328924 0.42780419
v -1.06382044 0.57303146 0.42016769
v -1.04022600 0.62307295 0.40731922
v -1.04830909 0.67752589 0.39333808
v -1.08550341 0.71910186 0.38266319
v -1.14000000 0.34000000 0.35400000
v -1.14000000 0.53740000 0.35400000
v -1.14000000 0.53740000 0.60600000
v -1.14000000 0.34000000 0.60600000
v -1.20751478 0.52549532 0.35400000
v -1.20751478 0.52549532 0.60600000
v -1.26688627 0.49121717 0.35400000
v -1.26688627 0.49121717 0.60600000
v -1.31095341 0.43870000 0.35400000
v -1.31095341 0.43870000 0.60600000
v -1.33440105 0.37427815 0.35400000
v -1.33440105 0.37427815 0.60600000
v -1.33440105 0.30572185 0.35400000
v -1.33440105 0.30572185 0.60600000
v -1.31095341 0.24130000 0.35400000
v -1.31095341 0.24130000 0.60600000
v -1.26688627 0.18878283 0.35400000
v -1.26688627 0.18878283 0.60600000
v -1.20751478 0.15450468 0.35400000
v -1.20751478 0.15450468 0.60600000
v -1.14000000 0.14260000 0.35400000
v -1.14000000 0.14260000 0.60600000
v -1.07248522 0.15450468 0.35400000
v -1.07248522 0.15450468 0.60600000
v -1.01311373 0.18878283 0.35400000
v -1.01311373 0.18878283 0.60600000
v -0.96904659 0.24130000 0.35400000
v -0.96904659 0.24130000 0.60600000
v -0.94559895 0.30572185 0.35400000
v -0.94559895 0.30572185 0.60600000
v -0.94559895 0.37427815 0.35400000
v -0.94559895 0.37427815 0.60600000
v -0.96904659 0.43870000 0.35400000
v -0.96904659 0.43870000 0.60600000
v -1.01311373 0.49121717 0.35400000
v -1.01311373 0.49121717 0.60600000
v -1.07248522 0.52549532 0.35400000
v -1.07248522 0.52549532 0.60600000
v 1.14000000 0.74740000 0.48000000
v 1.08550341 0.73139836 0.48000000
v 1.04830909 0.68847383 0.48000000
v 1.04022600 0.63225466 0.48000000
v 1.06382044 0.58059004 0.48000000
v 1.11160136 0.54988311 0.48000000
v 1.16839864 0.54988311 0.48000000
v 1.21617956 0.58059004 0.48000000
v 1.23977400 0.63225466 0.48000000
v 1.23169091 0.68847383 0.48000000
v 1.19449659 0.73139836 0.48000000
v 1.14000000 0.73460078 0.58131626
v 1.08550341 0.71910186 0.57733681
v 1.04830909 0.67752589 0.56666192
v 1.04022600 0.62307295 0.55268078
v 1.06382044 0.57303146 0.53983231
v 1.11160136 0.54328924 0.53219581
v 1.16839864 0.54328924 0.53219581
v 1.21617956 0.57303146 0.53983231
v 1.23977400 0.62307295 0.55268078
v 1.23169091 0.67752589 0.56666192
v 1.19449659 0.71910186 0.57733681
v 1.14000000 0.69700734 0.67626645
v 1.08550341 0.68298499 0.66855760
v 1.04830909 0.64536995 0.64787855
v 1.04022600 0.59610471 0.62079476
v 1.06382044 0.55083066 0.59590513
v 1.11160136 0.52392197 0.58111196
v 1.16839864 0.52392197 0.58111196
v 1.21617956 0.55083066 0.59590513
v 1.23977400 0.59610471 0.62079476
v 1.23169091 0.64536995 0.64787855
v 1.19449659 0.68298499 0.66855760
v 1.14000000 0.63698182 0.75888449
v 1.08550341 0.62531712 0.74793061
v 1.04830909 0.59402649 0.71854675
v 1.04022600 0.55304448 0.68006208
v 1.06382044 0.51538259 0.64469521
v 1.11160136 0.49299820 0.62367487
v 1.16839864 0.49299820 0.62367487
v 1.21617956 0.51538259 0.64469521
v 1.23977400 0.55304448 0.68006208
v 1.23169091 0.59402649 0.71854675
v 1.19449659 0.62531712 0.74793061
v 1.14000000 0.55829584 0.82397920
v 1.08550341 0.54972173 0.81046856
v 1.04830909 0.52672162 0.77422619
v 1.04022600 0.49659788 0.72675877
v 1.06382044 0.46891459 0.68313689
v 1.11160136 0.45246099 0.65721017
v 1.16839864 0.45246099 0.65721017
v 1.21617956 0.46891459 0.68313689
v 1.23977400 0.49659788 0.72675877
v 1.23169091 0.52672162 0.77422619
v 1.19449659 0.54972173 0.81046856
v 1.14000000 0.46589352 0.86746042
v 1.08550341 0.46094874 0.85224196
v 1.04830909 0.44768434 0.81141831
v 1.04022600 0.43031166 0.75795070
v 1.06382044 0.41434641 0.70881472
v 1.11160136 0.40485745 0.67961070
v 1.16839864 0.40485745 0.67961070
v 1.21617956 0.41434641 0.70881472
v 1.23977400 0.43031166 0.75795070
v 1.23169091 0.44768434 0.81141831
v 1.19449659 0.46094874 0.85224196
v 1.14000000 0.36558086 0.88659609
v 1.08550341 0.36457611 0.87062602
v 1.04830909 0.36188085 0.82778620
v 1.04022600 0.35835082 0.77167797
v 1.06382044 0.35510677 0.72011529
v 1.11160136 0.35317867 0.68946895
v 1.16839864 0.35317867 0.68946895
v 1.21617956 0.35510677 0.72011529
v 1.23977400 0.35835082 0.77167797
v 1.23169091 0.36188085 0.82778620
v 1.19449659 0.36457611 0.87062602
v 1.14000000 0.26366085 0.88018383
v 1.08550341 0.26665926 0.86446562
v 1.04830909 0.27470252 0.82230140
v 1.04022600 0.28523694 0.76707803
v 1.06382044 0.29491792 0.71632853
v 1.11160136 0.30067183 0.68616550
v 1.16839864 0.30067183 0.68616550
v 1.21617956 0.29491792 0.71632853
v 1.23977400 0.28523694 0.76707803
v 1.23169091 0.27470252 0.82230140
v 1.19449659 0.26665926 0.86446562
v 1.14000000 0.16653752 0.84862654
v 1.08550341 0.17335069 0.83414782
v 1.04830909 0.19162706 0.79530855
v 1.04022600 0.21556402 0.74443993
v 1.06382044 0.23756174 0.69769237
v 1.11160136 0.25063612 0.66990791
v 1.16839864 0.25063612 0.66990791
v 1.21617956 0.23756174 0.69769237
v 1.23977400 0.21556402 0.74443993
v 1.23169091 0.19162706 0.79530855
v 1.19449659 0.17335069 0.83414782
v 1.14000000 0.08031347 0.79390710
v 1.08550341 0.09051330 0.78157762
v 1.04830909 0.11787442 0.74850370
v 1.04022600 0.15370987 0.70518609
v 1.06382044 0.18664214 0.66537781
v 1.11160136 0.20621547 0.64171771
v 1.16839864 0.20621547 0.64171771
v 1.21617956 0.18664214 0.66537781
v 1.23977400 0.15370987 0.70518609
v 1.23169091 0.11787442 0.74850370
v 1.19449659 0.09051330 0.78157762
v 1.14000000 0.01040648 0.71946371
v 1.08550341 0.02335208 0.71005818
v 1.04830909 0.05807875 0.68482778
v 1.04022600 0.10356101 0.65178298
v 1.06382044 0.14535857 0.62141528
v 1.11160136 0.17020100 0.60336620
v 1.16839864 0.17020100 0.60336620
v 1.21617956 0.14535857 0.62141528
v 1.23977400 0.10356101 0.65178298
v 1.23169091 0.05807875 0.68482778
v 1.19449659 0.02335208 0.71005818
v 1.14000000 -0.03879094 0.62997394
v 1.08550341 -0.02391299 0.62408334
v 1.04830909 0.01599722 0.60828177
v 1.04022600 0.06826849 0.58758612
v 1.06382044 0.11630504 0.56856710
v 1.11160136 0.14485562 0.55726313
v 1.16839864 0.14485562 0.55726313
v 1.21617956 0.11630504 0.56856710
v 1.23977400 0.06826849 0.58758612
v 1.23169091 0.01599722 0.60828177
v 1.19449659 -0.02391299 0.62408334
v 1.14000000 -0.06418753 0.53106076
v 1.08550341 -0.04831206 0.52905522
v 1.04830909 -0.00572601 0.52367535
v 1.04022600 0.05004985 0.51662922
v 1.06382044 0.10130709 0.51015393
v 1.11160136 0.13177188 0.50630533
v 1.16839864 0.13177188 0.50630533
v 1.21617956 0.10130709 0.51015393
v 1.23977400 0.05004985 0.51662922
v 1.23169091 -0.00572601 0.52367535
v 1.19449659 -0.04831206 0.52905522
v 1.14000000 -0.06418753 0.42893924
v 1.08550341 -0.04831206 0.43094478
v 1.04830909 -0.00572601 0.43632465
v 1.04022600 0.05004985 0.44337078
v 1.06382044 0.10130709 0.44984607
v 1.11160136 0.13177188 0.45369467
v 1.16839864 0.13177188 0.45369467
v 1.21617956 0.10130709 0.44984607
v 1.23977400 0.05004985 0.44337078
v 1.23169091 -0.00572601 0.43632465
v 1.19449659 -0.04831206 0.43094478
v 1.14000000 -0.03879094 0.33002606
v 1.08550341 -0.02391299 0.33591666
v 1.04830909 0.01599722 0.35171823
v 1.04022600 0.06826849 0.37241388
v 1.06382044 0.11630504 0.39143290
v 1.11160136 0.14485562 0.40273687
v 1.16839864 0.14485562 0.40273687
v 1.21617956 0.11630504 0.39143290
v 1.23977400 0.06826849 0.37241388
v 1.23169091 0.01599722 0.35171823
v 1.19449659 -0.02391299 0.33591666
v 1.14000000 0.01040648 0.24053629
v 1.08550341 0.02335208 0.24994182
v 1.04830909 0.05807875 0.27517222
v 1.04022600 0.10356101 0.30821702
v 1.06382044 0.14535857 0.33858472
v 1.11160136 0.17020100 0.35663380
v 1.16839864 0.17020100 0.35663380
v 1.21617956 0.14535857 0.33858472
v 1.23977400 0.10356101 0.30821702
v 1.23169091 0.05807875 0.27517222
v 1.19449659 0.02335208 0.24994182
v 1.14000000 0.08031347 0.16609290
v 1.08550341 0.09051330 0.17842238
v 1.04830909 0.11787442 0.21149630
v 1.04022600 0.15370987 0.25481391
v 1.06382044 0.18664214 0.29462219
v 1.11160136 0.20621547 0.31828229
v 1.16839864 0.20621547 0.31828229
v 1.21617956 0.18664214 0.29462219
v 1.23977400 0.15370987 0.25481391
v 1.23169091 0.11787442 0.21149630
v 1.19449659 0.09051330 0.17842238
v 1.14000000 0.16653752 0.11137346
v 1.08550341 0.17335069 0.12585218
v 1.04830909 0.19162706 0.16469145
v 1.04022600 0.21556402 0.21556007
v 1.06382044 0.23756174 0.26230763
v 1.11160136 0.25063612 0.29009209
v 1.16839864 0.25063612 0.29009209
v 1.21617956 0.23756174 0.26230763
v 1.23977400 0.21556402 0.21556007
v 1.23169091 0.19162706 0.16469145
v 1.19449659 0.17335069 0.12585218
v 1.14000000 0.26366085 0.07981617
v 1.08550341 0.26665926 0.09553438
v 1.04830909 0.27470252 0.13769860
v 1.04022600 0.28523694 0.19292197
v 1.06382044 0.29491792 0.24367147
v 1.11160136 0.30067183 0.27383450
v 1.16839864 0.30067183 0.27383450
v 1.21617956 0.29491792 0.24367147
v 1.23977400 0.28523694 0.19292197
v 1.23169091 0.27470252 0.13769860
v 1.19449659 0.26665926 0.09553438
v 1.14000000 0.36558086 0.07340391
v 1.08550341 0.36457611 0.08937398
v 1.04830909 0.36188085 0.13221380
v 1.04022600 0.35835082 0.18832203
v 1.06382044 0.35510677 0.23988471
v 1.11160136 0.35317867 0.27053105
v 1.16839864 0.35317867 0.27053105
v 1.21617956 0.35510677 0.23988471
v 1.23977400 0.35835082 0.18832203
v 1.23169091 0.36188085 0.13221380
v 1.19449659 0.36457611 0.08937398
v 1.14000000 0.46589352 0.09253958
v 1.08550341 0.46094874 0.10775804
v 1.04830909 0.44768434 0.14858169
v 1.04022600 0.43031166 0.20204930
v 1.06382044 0.41434641 0.25118528
v 1.11160136 0.40485745 0.28038930
v 1.16839864 0.40485745 0.28038930
v 1.21617956 0.41434641 0.25118528
v 1.23977400 0.43031166 0.20204930
v 1.23169091 0.44768434 0.14858169
v 1.19449659 0.46094874 0.10775804
v 1.14000000 0.55829584 0.13602080
v 1.08550341 0.54972173 0.14953144
v 1.04830909 0.52672162 0.18577381
v 1.04022600 0.49659788 0.23324123
v 1.06382044 0.46891459 0.27686311
v 1.11160136 0.45246099 0.30278983
v 1.16839864 0.45246099 0.30278983
v 1.21617956 0.46891459 0.27686311
v 1.23977400 0.49659788 0.23324123
v 1.23169091 0.52672162 0.18577381
v 1.19449659 0.54972173 0.14953144
v 1.14000000 0.63698182 0.20111551
v 1.08550341 0.62531712 0.21206939
v 1.04830909 0.59402649 0.24145325
v 1.04022600 0.55304448 0.27993792
v 1.06382044 0.51538259 0.31530479
v 1.11160136 0.49299820 0.33632513
v 1.16839864 0.49299820 0.33632513
v 1.21617956 0.51538259 0.31530479
v 1.23977400 0.55304448 0.27993792
v 1.23169091 0.59402649 0.24145325
v 1.19449659 0.62531712 0.21206939
v 1.14000000 0.69700734 0.28373355
v 1.08550341 0.68298499 0.29144240
v 1.04830909 0.64536995 0.31212145
v 1.04022600 0.59610471 0.33920524
v 1.06382044 0.55083066 0.36409487
v 1.11160136 0.52392197 0.37888804
v 1.16839864 0.52392197 0.37888804
v 1.21617956 0.55083066 0.36409487
v 1.23977400 0.59610471 0.33920524
v 1.23169091 0.64536995 0.31212145
v 1.19449659 0.68298499 0.29144240
v 1.14000000 0.73460078 0.37868374
v 1.08550341 0.71910186 0.38266319
v 1.04830909 0.67752589 0.39333808
v 1.04022600 0.62307295 0.40731922
v 1.06382044 0.57303146 0.42016769
v 1.11160136 0.54328924 0.42780419
v 1.16839864 0.54328924 0.42780419
v 1.21617956 0.57303146 0.42016769
v 1.23977400 0.62307295 0.40731922
v 1.23169091 0.67752589 0.39333808
v 1.19449659 0.71910186 0.38266319
v 1.14000000 0.34000000 0.35400000
v 1.14000000 0.53740000 0.35400000
v 1.14000000 0.53740000 0.60600000
v 1.14000000 0.34000000 0.60600000
v 1.07248522 0.52549532 0.35400000
v 1.07248522 0.52549532 0.60600000
v 1.01311373 0.49121717 0.35400000
v 1.01311373 0.49121717 0.60600000
v 0.96904659 0.43870000 0.35400000
v 0.96904659 0.43870000 0.60600000
v 0.94559895 0.37427815 0.35400000
v 0.94559895 0.37427815 0.60600000
v 0.94559895 0.30572185 0.35400000
v 0.94559895 0.30572185 0.60600000
v 0.96904659 0.24130000 0.35400000
v 0.96904659 0.24130000 0.60600000
v 1.01311373 0.18878283 0.35400000
v 1.01311373 0.18878283 0.60600000
v 1.07248522 0.15450468 0.35400000
v 1.07248522 0.15450468 0.60600000
v 1.14000000 0.14260000 0.35400000
v 1.14000000 0.14260000 0.60600000
v 1.20751478 0.15450468 0.35400000
v 1.20751478 0.15450468 0.60600000
v 1.26688627 0.18878283 0.35400000
v 1.26688627 0.18878283 0.60600000
v 1.31095341 0.24130000 0.35400000
v 1.31095341 0.24130000 0.60600000
v 1.33440105 0.30572185 0.35400000
v 1.33440105 0.30572185 0.60600000
v 1.33440105 0.37427815 0.35400000
v 1.33440105 0.37427815 0.60600000
v 1.31095341 0.43870000 0.35400000
v 1.31095341 0.43870000 0.60600000
v 1.26688627 0.49121717 0.35400000
v 1.26688627 0.49121717 0.60600000
v 1.20751478 0.52549532 0.35400000
v 1.20751478 0.52549532 0.60600000
v -1.14000000 0.74740000 1.92000000
v -1.19449659 0.73139836 1.92000000
v -1.23169091 0.68847383 1.92000000
v -1.23977400 0.63225466 1.92000000
v -1.21617956 0.58059004 1.92000000
v -1.16839864 0.54988311 1.92000000
v -1.11160136 0.54988311 1.92000000
v -1.06382044 0.58059004 1.92000000
v -1.04022600 0.63225466 1.92000000
v -1.04830909 0.68847383 1.92000000
v -1.08550341 0.73139836 1.92000000
v -1.14000000 0.73460078 2.02131626
v -1.19449659 0.71910186 2.01733681
v -1.23169091 0.67752589 2.00666192
v -1.23977400 0.62307295 1.99268078
v -1.21617956 0.57303146 1.97983231
v -1.16839864 0.54328924 1.97219581
v -1.11160136 0.54328924 1.97219581
v -1.06382044 0.57303146 1.97983231
v -1.04022600 0.62307295 1.99268078
v -1.04830909 0.67752589 2.00666192
v -1.08550341 0.71910186 2.01733681
v -1.14000000 0.69700734 2.11626645
v -1.19449659 0.68298499 2.10855760
v -1.23169091 0.64536995 2.08787855
v -1.23977400 0.59610471 2.06079476
v -1.21617956 0.55083066 2.03590513
v -1.16839864 0.52392197 2.02111196
v -1.11160136 0.52392197 2.02111196
v -1.06382044 0.55083066 2.03590513
v -1.04022600 0.59610471 2.06079476
v -1.04830909 0.64536995 2.08787855
v -1.08550341 0.68298499 2.10855760
v -1.14000000 0.63698182 2.19888449
v -1.19449659 0.62531712 2.18793061
v -1.23169091 0.59402649 2.15854675
v -1.23977400 0.55304448 2.12006208
v -1.21617956 0.51538259 2.08469521
v -1.16839864 0.49299820 2.06367487
v -1.11160136 0.49299820 2.06367487
v -1.06382044 0.51538259 2.08469521
v -1.04022600 0.55304448 2.12006208
v -1.04830909 0.59402649 2.15854675
v -1.08550341 0.62531712 2.18793061
v -1.14000000 0.55829584 2.26397920
v -1.19449659 0.54972173 2.25046856
v -1.23169091 0.52672162 2.21422619
v -1.23977400 0.49659788 2.16675877
v -1.21617956 0.46891459 2.12313689
v -1.16839864 0.45246099 2.09721017
v -1.11160136 0.45246099 2.09721017
v -1.06382044 0.46891459 2.12313689
v -1.04022600 0.49659788 2.16675877
v -1.04830909 0.52672162 2.21422619
v -1.08550341 0.54972173 2.25046856
v -1.14000000 0.46589352 2.30746042
v -1.19449659 0.46094874 2.29224196
v -1.23169091 0.44768434 2.25141831
v -1.23977400 0.43031166 2.19795070
v -1.21617956 0.41434641 2.14881472
v -1.16839864 0.40485745 2.11961070
v -1.11160136 0.40485745 2.11961070
v -1.06382044 0.41434641 2.14881472
v -1.04022600 0.43031166 2.19795070
v -1.04830909 0.44768434 2.25141831
v -1.08550341 0.46094874 2.29224196
v -1.14000000 0.36558086 2.32659609
v -1.19449659 0.36457611 2.31062602
v -1.23169091 0.36188085 2.26778620
v -1.23977400 0.35835082 2.21167797
v -1.21617956 0.35510677 2.16011529
v -1.16839864 0.35317867 2.12946895
v -1.11160136 0.35317867 2.12946895
v -1.06382044 0.35510677 2.16011529
v -1.04022600 0.35835082 2.21167797
v -1.04830909 0.36188085 2.26778620
v -1.08550341 0.36457611 2.31062602
v -1.14000000 0.26366085 2.32018383
v -1.19449659 0.26665926 2.30446562
v -1.23169091 0.27470252 2.26230140
v -1.23977400 0.28523694 2.20707803
v -1.21617956 0.29491792 2.15632853
v -1.16839864 0.30067183 2.12616550
v -1.11160136 0.30067183 2.12616550
v -1.06382044 0.29491792 2.15632853
v -1.04022600 0.28523694 2.20707803
v -1.04830909 0.27470252 2.26230140
v -1.08550341 0.26665926 2.30446562
v -1.14000000 0.16653752 2.28862654
v -1.19449659 0.17335069 2.27414782
v -1.23169091 0.19162706 2.23530855
v -1.23977400 0.21556402 2.18443993
v -1.21617956 0.23756174 2.13769237
v -1.16839864 0.25063612 2.10990791
v -1.11160136 0.25063612 2.10990791
v -1.06382044 0.23756174 2.13769237
v -1.04022600 0.21556402 2.18443993
v -1.04830909 0.19162706 2.23530855
v -1.08550341 0.17335069 2.27414782
v -1.14000000 0.08031347 2.23390710
v -1.19449659 0.09051330 2.22157762
v -1.23169091 0.11787442 2.18850370
v -1.23977400 0.15370987 2.14518609
v -1.21617956 0.18664214 2.10537781
v -1.16839864 0.20621547 2.08171771
v -1.11160136 0.20621547 2.08171771
v -1.06382044 0.18664214 2.10537781
v -1.04022600 0.15370987 2.14518609
v -1.04830909 0.11787442 2.18850370
v -1.08550341 0.09051330 2.22157762
v -1.14000000 0.01040648 2.15946371
v -1.19449659 0.02335208 2.15005818
v -1.23169091 0.05807875 2.12482778
v -1.23977400 0.10356101 2.09178298
v -1.21617956 0.14535857 2.06141528
v -1.16839864 0.17020100 2.04336620
v -1.11160136 0.17020100 2.04336620
v -1.06382044 0.14535857 2.06141528
v -1.04022600 0.10356101 2.09178298
v -1.04830909 0.05807875 2.12482778
v -1.08550341 0.02335208 2.15005818
v -1.14000000 -0.03879094 2.06997394
v -1.19449659 -0.02391299 2.06408334
v -1.23169091 0.01599722 2.04828177
v -1.23977400 0.06826849 2.02758612
v -1.21617956 0.11630504 2.00856710
v -1.16839864 0.14485562 1.99726313
v -1.11160136 0.14485562 1.99726313
v -1.06382044 0.11630504 2.00856710
v -1.04022600 0.06826849 2.02758612
v -1.04830909 0.01599722 2.04828177
v -1.08550341 -0.02391299 2.06408334
v -1.14000000 -0.06418753 1.97106076
v -1.19449659 -0.04831206 1.96905522
v -1.23169091 -0.00572601 1.96367535
v -1.23977400 0.05004985 1.95662922
v -1.21617956 0.10130709 1.95015393
v -1.16839864 0.13177188 1.94630533
v -1.11160136 0.13177188 1.94630533
v -1.06382044 0.10130709 1.95015393
v -1.04022600 0.05004985 1.95662922
v -1.04830909 -0.00572601 1.96367535
v -1.08550341 -0.04831206 1.96905522
v -1.14000000 -0.06418753 1.86893924
v -1.19449659 -0.04831206 1.87094478
v -1.23169091 -0.00572601 1.87632465
v -1.23977400 0.05004985 1.88337078
v -1.21617956 0.10130709 1.88984607
v -1.16839864 0.13177188 1.89369467
v -1.11160136 0.13177188 1.89369467
v -1.06382044 0.10130709 1.88984607
v -1.04022600 0.05004985 1.88337078
v -1.04830909 -0.00572601 1.87632465
v -1.08550341 -0.04831206 1.87094478
v -1.14000000 -0.03879094 1.77002606
v -1.19449659 -0.02391299 1.77591666
v -1.23169091 0.01599722 1.79171823
v -1.23977400 0.06826849 1.81241388
v -1.21617956 0.11630504 1.83143290
v -1.16839864 0.14485562 1.84273687
v -1.11160136 0.14485562 1.84273687
v -1.06382044 0.11630504 1.83143290
v -1.04022600 0.06826849 1.81241388
v -1.04830909 0.01599722 1.79171823
v -1.08550341 -0.02391299 1.77591666
v -1.14000000 0.01040648 1.68053629
v -1.19449659 0.02335208 1.68994182
v -1.23169091 0.05807875 1.71517222
v -1.23977400 0.10356101 1.74821702
v -1.21617956 0.14535857 1.77858472
v -1.16839864 0.17020100 1.79663380
v -1.11160136 0.17020100 1.79663380
v -1.06382044 0.14535857 1.77858472
v -1.04022600 0.10356101 1.74821702
v -1.04830909 0.05807875 1.71517222
v -1.08550341 0.02335208 1.68994182
v -1.14000000 0.08031347 1.60609290
v -1.19449659 0.09051330 1.61842238
v -1.23169091 0.11787442 1.65149630
v -1.23977400 0.15370987 1.69481391
v -1.21617956 0.18664214 1.73462219
v -1.16839864 0.20621547 1.75828229
v -1.11160136 0.20621547 1.75828229
v -1.06382044 0.18664214 1.73462219
v -1.04022600 0.15370987 1.69481391
v -1.04830909 0.11787442 1.65149630
v -1.08550341 0.09051330 1.61842238
v -1.14000000 0.16653752 1.55137346
v -1.19449659 0.17335069 1.56585218
v -1.23169091 0.19162706 1.60469145
v -1.23977400 0.21556402 1.65556007
v -1.21617956 0.23756174 1.70230763
v -1.16839864 0.25063612 1.73009209
v -1.11160136 0.25063612 1.73009209
v -1.06382044 0.23756174 1.70230763
v -1.04022600 0.21556402 1.65556007
v -1.04830909 0.19162706 1.60469145
v -1.08550341 0.17335069 1.56585218
v -1.14000000 0.26366085 1.51981617
v -1.19449659 0.26665926 1.53553438
v -1.23169091 0.27470252 1.57769860
v -1.23977400 0.28523694 1.63292197
v -1.21617956 0.29491792 1.68367147
v -1.16839864 0.30067183 1.71383450
v -1.11160136 0.30067183 1.71383450
v -1.06382044 0.29491792 1.68367147
v -1.04022600 0.28523694 1.63292197
v -1.04830909 0.27470252 1.57769860
v -1.08550341 0.26665926 1.53553438
v -1.14000000 0.36558086 1.51340391
v -1.19449659 0.36457611 1.52937398
v -1.23169091 0.36188085 1.57221380
v -1.23977400 0.35835082 1.62832203
v -1.21617956 0.35510677 1.67988471
v -1.16839864 0.35317867 1.71053105
v -1.11160136 0.35317867 1.71053105
v -1.06382044 0.35510677 1.67988471
v -1.04022600 0.35835082 1.62832203
v -1.04830909 0.36188085 1.57221380
v -1.08550341 0.36457611 1.52937398
v -1.14000000 0.46589352 1.53253958
v -1.19449659 0.46094874 1.54775804
v -1.23169091 0.44768434 1.58858169
v -1.23977400 0.43031166 1.64204930
v -1.21617956 0.41434641 1.69118528
v -1.16839864 0.40485745 1.72038930
v -1.11160136 0.40485745 1.72038930
v -1.06382044 0.41434641 1.69118528
v -1.04022600 0.43031166 1.64204930
v -1.04830909 0.44768434 1.58858169
v -1.08550341 0.46094874 1.54775804
v -1.14000000 0.55829584 1.57602080
v -1.19449659 0.54972173 1.58953144
v -1.23169091 0.52672162 1.62577381
v -1.23977400 0.49659788 1.67324123
v -1.21617956 0.46891459 1.71686311
v -1.16839864 0.45246099 1.74278983
v -1.11160136 0.45246099 1.74278983
v -1.06382044 0.46891459 1.71686311
v -1.04022600 0.49659788 1.67324123
v -1.04830909 0.52672162 1.62577381
v -1.08550341 0.54972173 1.58953144
v -1.14000000 0.63698182 1.64111551
v -1.19449659 0.62531712 1.65206939
v -1.23169091 0.59402649 1.68145325
v -1.23977400 0.55304448 1.71993792
v -1.21617956 0.51538259 1.75530479
v -1.16839864 0.49299820 1.77632513
v -1.11160136 0.49299820 1.77632513
v -1.06382044 0.51538259 1.75530479
v -1.04022600 0.55304448 1.71993792
v -1.04830909 0.59402649 1.68145325
v -1.08550341 0.62531712 1.65206939
v -1.14000000 0.69700734 1.72373355
v -1.19449659 0.68298499 1.73144240
v -1.23169091 0.64536995 1.75212145
v -1.23977400 0.59610471 1.77920524
v -1.21617956 0.55083066 1.80409487
v -1.16839864 0.52392197 1.81888804
v -1.11160136 0.52392197 1.81888804
v -1.06382044 0.55083066 1.80409487
v -1.04022600 0.59610471 1.77920524
v -1.04830909 0.64536995 1.75212145
v -1.08550341 0.68298499 1.73144240
v -1.14000000 0.73460078 1.81868374
v -1.19449659 0.71910186 1.82266319
v -1.23169091 0.67752589 1.83333808
v -1.23977400 0.62307295 1.84731922
v -1.21617956 0.57303146 1.86016769
v -1.16839864 0.54328924 1.86780419
v -1.11160136 0.54328924 1.86780419
v -1.06382044 0.57303146 1.86016769
v -1.04022600 0.62307295 1.84731922
v -1.04830909 0.67752589 1.83333808
v -1.08550341 0.71910186 1.82266319
v -1.14000000 0.34000000 1.79400000
v -1.14000000 0.53740000 1.79400000
v -1.14000000 0.53740000 2.04600000
v -1.14000000 0.34000000 2.04600000
v -1.20751478 0.52549532 1.79400000
v -1.20751478 0.52549532 2.04600000
v -1.26688627 0.49121717 1.79400000
v -1.26688627 0.49121717 2.04600000
v -1.31095341 0.43870000 1.79400000
v -1.31095341 0.43870000 2.04600000
v -1.33440105 0.37427815 1.79400000
v -1.33440105 0.37427815 2.04600000
v -1.33440105 0.30572185 1.79400000
v -1.33440105 0.30572185 2.04600000
v -1.31095341 0.24130000 1.79400000
v -1.31095341 0.24130000 2.04600000
v -1.26688627 0.18878283 1.79400000
v -1.26688627 0.18878283 2.04600000
v -1.20751478 0.15450468 1.79400000
v -1.20751478 0.15450468 2.04600000
v -1.14000000 0.14260000 1.79400000
v -1.14000000 0.14260000 2.04600000
v -1.07248522 0.15450468 1.79400000
v -1.07248522 0.15450468 2.04600000
v -1.01311373 0.18878283 1.79400000
v -1.01311373 0.18878283 2.04600000
v -0.96904659 0.24130000 1.79400000
v -0.96904659 0.24130000 2.04600000
v -0.94559895 0.30572185 1.79400000
v -0.94559895 0.30572185 2.04600000
v -0.94559895 0.37427815 1.79400000
v -0.94559895 0.37427815 2.04600000
v -0.96904659 0.43870000 1.79400000
v -0.96904659 0.43870000 2.04600000
v -1.01311373 0.49121717 1.79400000
v -1.01311373 0.49121717 2.04600000
v -1.07248522 0.52549532 1.79400000
v -1.07248522 0.52549532 2.04600000
v 1.14000000 0.74740000 1.92000000
v 1.08550341 0.73139836 1.92000000
v 1.04830909 0.68847383 1.92000000
v 1.04022600 0.63225466 1.92000000
v 1.06382044 0.58059004 1.92000000
v 1.11160136 0.54988311 1.92000000
v 1.16839864 0.54988311 1.92000000
v 1.21617956 0.58059004 1.92000000
v 1.23977400 0.63225466 1.92000000
v 1.23169091 0.68847383 1.92000000
v 1.19449659 0.73139836 1.92000000
v 1.14000000 0.73460078 2.02131626
v 1.08550341 0.71910186 2.01733681
v 1.04830909 0.67752589 2.00666192
v 1.04022600 0.62307295 1.99268078
v 1.06382044 0.57303146 1.97983231
v 1.11160136 0.54328924 1.97219581
v 1.16839864 0.54328924 1.97219581
v 1.21617956 0.57303146 1.97983231
v 1.23977400 0.62307295 1.99268078
v 1.23169091 0.67752589 2.00666192
v 1.19449659 0.71910186 2.01733681
v 1.14000000 0.69700734 2.11626645
v 1.08550341 0.68298499 2.10855760
v 1.04830909 0.64536995 2.08787855
v 1.04022600 0.59610471 2.06079476
v 1.06382044 0.55083066 2.03590513
v 1.11160136 0.52392197 2.02111196
v 1.16839864 0.52392197 2.02111196
v 1.21617956 0.55083066 2.03590513
v 1.23977400 0.59610471 2.06079476
v 1.23169091 0.64536995 2.08787855
v 1.19449659 0.68298499 2.10855760
v 1.14000000 0.63698182 2.19888449
v 1.08550341 0.62531712 2.18793061
v 1.04830909 0.59402649 2.15854675
v 1.04022600 0.55304448 2.12006208
v 1.06382044 0.51538259 2.08469521
v 1.11160136 0.49299820 2.06367487
v 1.16839864 0.49299820 2.06367487
v 1.21617956 0.51538259 2.08469521
v 1.23977400 0.55304448 2.12006208
v 1.23169091 0.59402649 2.15854675
v 1.19449659 0.62531712 2.18793061
v 1.14000000 0.55829584 2.26397920
v 1.08550341 0.54972173 2.25046856
v 1.04830909 0.52672162 2.21422619
v 1.04022600 0.49659788 2.16675877
v 1.06382044 0.46891459 2.12313689
v 1.11160136 0.45246099 2.09721017
v 1.16839864 0.45246099 2.09721017
v 1.21617956 0.46891459 2.12313689
v 1.23977400 0.49659788 2.16675877
v 1.23169091 0.52672162 2.21422619
v 1.19449659 0.54972173 2.25046856
v 1.14000000 0.46589352 2.30746042
v 1.08550341 0.46094874 2.29224196
v 1.04830909 0.44768434 2.25141831
v 1.04022600 0.43031166 2.19795070
v 1.06382044 0.41434641 2.14881472
v 1.11160136 0.40485745 2.11961070
v 1.16839864 0.40485745 2.11961070
v 1.21617956 0.41434641 2.14881472
v 1.23977400 0.43031166 2.19795070
v 1.23169091 0.44768434 2.25141831
v 1.19449659 0.46094874 2.29224196
v 1.14000000 0.36558086 2.32659609
v 1.08550341 0.36457611 2.31062602
v 1.04830909 0.36188085 2.26778620
v 1.04022600 0.35835082 2.21167797
v 1.06382044 0.35510677 2.16011529
v 1.11160136 0.35317867 2.12946895
v 1.16839864 0.35317867 2.12946895
v 1.21617956 0.35510677 2.16011529
v 1.23977400 0.35835082 2.21167797
v 1.23169091 0.36188085 2.26778620
v 1.19449659 0.36457611 2.31062602
v 1.14000000 0.26366085 2.32018383
v 1.08550341 0.26665926 2.30446562
v 1.04830909 0.27470252 2.26230140
v 1.04022600 0.28523694 2.20707803
v 1.06382044 0.29491792 2.15632853
v 1.11160136 0.30067183 2.12616550
v 1.16839864 0.30067183 2.12616550
v 1.21617956 0.29491792 2.15632853
v 1.23977400 0.28523694 2.20707803
v 1.23169091 0.27470252 2.26230140
v 1.19449659 0.26665926 2.30446562
v 1.14000000 0.16653752 2.28862654
v 1.08550341 0.17335069 2.27414782
v 1.04830909 0.19162706 2.23530855
v 1.04022600 0.21556402 2.18443993
v 1.06382044 0.23756174 2.13769237
v 1.11160136 0.25063612 2.10990791
v 1.16839864 0.25063612 2.10990791
v 1.21617956 0.23756174 2.13769237
v 1.23977400 0.21556402 2.18443993
v 1.23169091 0.19162706 2.23530855
v 1.19449659 0.17335069 2.27414782
v 1.14000000 0.08031347 2.23390710
v 1.08550341 0.09051330 2.22157762
v 1.04830909 0.11787442 2.18850370
v 1.04022600 0.15370987 2.14518609
v 1.06382044 0.18664214 2.10537781
v 1.11160136 0.20621547 2.08171771
v 1.16839864 0.20621547 2.08171771
v 1.21617956 0.18664214 2.10537781
v 1.23977400 0.15370987 2.14518609
v 1.23169091 0.11787442 2.18850370
v 1.19449659 0.09051330 2.22157762
v 1.14000000 0.01040648 2.15946371
v 1.08550341 0.02335208 2.15005818
v 1.04830909 0.05807875 2.12482778
v 1.04022600 0.10356101 2.09178298
v 1.06382044 0.14535857 2.06141528
v 1.11160136 0.17020100 2.04336620
v 1.16839864 0.17020100 2.04336620
v 1.21617956 0.14535857 2.06141528
v 1.23977400 0.10356101 2.09178298
v 1.23169091 0.05807875 2.12482778
v 1.19449659 0.02335208 2.15005818
v 1.14000000 -0.03879094 2.06997394
v 1.08550341 -0.02391299 2.06408334
v 1.04830909 0.01599722 2.04828177
v 1.04022600 0.06826849 2.02758612
v 1.06382044 0.11630504 2.00856710
v 1.11160136 0.14485562 1.99726313
v 1.16839864 0.14485562 1.99726313
v 1.21617956 0.11630504 2.00856710
v 1.23977400 0.06826849 2.02758612
v 1.23169091 0.01599722 2.04828177
v 1.19449659 -0.02391299 2.06408334
v 1.14000000 -0.06418753 1.97106076
v 1.08550341 -0.04831206 1.96905522
v 1.04830909 -0.00572601 1.96367535
v 1.04022600 0.05004985 1.95662922
v 1.06382044 0.10130709 1.95015393
v 1.11160136 0.13177188 1.94630533
v 1.16839864 0.13177188 1.94630533
v 1.21617956 0.10130709 1.95015393
v 1.23977400 0.05004985 1.95662922
v 1.23169091 -0.00572601 1.96367535
v 1.19449659 -0.04831206 1.96905522
v 1.14000000 -0.06418753 1.86893924
v 1.08550341 -0.04831206 1.87094478
v 1.04830909 -0.00572601 1.87632465
v 1.04022600 0.05004985 1.88337078
v 1.06382044 0.10130709 1.88984607
v 1.11160136 0.13177188 1.89369467
v 1.16839864 0.13177188 1.89369467
v 1.21617956 0.10130709 1.88984607
v 1.23977400 0.05004985 1.88337078
v 1.23169091 -0.00572601 1.87632465
v 1.19449659 -0.04831206 1.87094478
v 1.14000000 -0.03879094 1.77002606
v 1.08550341 -0.02391299 1.77591666
v 1.04830909 0.01599722 1.79171823
v 1.04022600 0.06826849 1.81241388
v 1.06382044 0.11630504 1.83143290
v 1.11160136 0.14485562 1.84273687
v 1.16839864 0.14485562 1.84273687
v 1.21617956 0.11630504 1.83143290
v 1.23977400 0.06826849 1.81241388
v 1.23169091 0.01599722 1.79171823
v 1.19449659 -0.02391299 1.77591666
v 1.14000000 0.01040648 1.68053629
v 1.08550341 0.02335208 1.68994182
v 1.04830909 0.05807875 1.71517222
v 1.04022600 0.10356101 1.74821702
v 1.06382044 0.14535857 1.77858472
v 1.11160136 0.17020100 1.79663380
v 1.16839864 0.17020100 1.79663380
v 1.21617956 0.14535857 1.77858472
v 1.23977400 0.10356101 1.74821702
v 1.23169091 0.05807875 1.71517222
v 1.19449659 0.02335208 1.68994182
v 1.14000000 0.08031347 1.60609290
v 1.08550341 0.09051330 1.61842238
v 1.04830909 0.11787442 1.65149630
v 1.04022600 0.15370987 1.69481391
v 1.06382044 0.18664214 1.73462219
v 1.11160136 0.20621547 1.75828229
v 1.16839864 0.20621547 1.75828229
v 1.21617956 0.18664214 1.73462219
v 1.23977400 0.15370987 1.69481391
v 1.23169091 0.11787442 1.65149630
v 1.19449659 0.09051330 1.61842238
v 1.14000000 0.16653752 1.55137346
v 1.08550341 0.17335069 1.56585218
v 1.04830909 0.19162706 1.60469145
v 1.04022600 0.21556402 1.65556007
v 1.06382044 0.23756174 1.70230763
v 1.11160136 0.25063612 1.73009209
v 1.16839864 0.25063612 1.73009209
v 1.21617956 0.23756174 1.70230763
v 1.23977400 0.21556402 1.65556007
v 1.23169091 0.19162706 1.60469145
v 1.19449659 0.17335069 1.56585218
v 1.14000000 0.26366085 1.51981617
v 1.08550341 0.26665926 1.53553438
v 1.04830909 0.27470252 1.57769860
v 1.04022600 0.28523694 1.63292197
v 1.06382044 0.29491792 1.68367147
v 1.11160136 0.30067183 1.71383450
v 1.16839864 0.30067183 1.71383450
v 1.21617956 0.29491792 1.68367147
v 1.23977400 0.28523694 1.63292197
v 1.23169091 0.27470252 1.57769860
v 1.19449659 0.26665926 1.53553438
v 1.14000000 0.36558086 1.51340391
v 1.08550341 0.36457611 1.52937398
v 1.04830909 0.36188085 1.57221380
v 1.04022600 0.35835082 1.62832203
v 1.06382044 0.35510677 1.67988471
v 1.11160136 0.35317867 1.71053105
v 1.16839864 0.35317867 1.71053105
v 1.21617956 0.35510677 1.67988471
v 1.23977400 0.35835082 1.62832203
v 1.23169091 0.36188085 1.57221380
v 1.19449659 0.36457611 1.52937398
v 1.14000000 0.46589352 1.53253958
v 1.08550341 0.46094874 1.54775804
v 1.04830909 0.44768434 1.58858169
v 1.04022600 0.43031166 1.64204930
v 1.06382044 0.41434641 1.69118528
v 1.11160136 0.40485745 1.72038930
v 1.16839864 0.40485745 1.72038930
v 1.21617956 0.41434641 1.69118528
v 1.23977400 0.43031166 1.64204930
v 1.23169091 0.44768434 1.58858169
v 1.19449659 0.46094874 1.54775804
v 1.14000000 0.55829584 1.57602080
v 1.08550341 0.54972173 1.58953144
v 1.04830909 0.52672162 1.62577381
v 1.04022600 0.49659788 1.67324123
v 1.06382044 0.46891459 1.71686311
v 1.11160136 0.45246099 1.74278983
v 1.16839864 0.45246099 1.74278983
v 1.21617956 0.46891459 1.71686311
v 1.23977400 0.49659788 1.67324123
v 1.23169091 0.52672162 1.62577381
v 1.19449659 0.54972173 1.58953144
v 1.14000000 0.63698182 1.64111551
v 1.08550341 0.62531712 1.65206939
v 1.04830909 0.59402649 1.68145325
v 1.04022600 0.55304448 1.71993792
v 1.06382044 0.51538259 1.75530479
v 1.11160136 0.49299820 1.77632513
v 1.16839864 0.49299820 1.77632513
v 1.21617956 0.51538259 1.75530479
v 1.23977400 0.55304448 1.71993792
v 1.23169091 0.59402649 1.68145325
v 1.19449659 0.62531712 1.65206939
v 1.14000000 0.69700734 1.72373355
v 1.08550341 0.68298499 1.73144240
v 1.04830909 0.64536995 1.75212145
v 1.04022600 0.59610471 1.77920524
v 1.06382044 0.55083066 1.80409487
v 1.11160136 0.52392197 1.81888804
v 1.16839864 0.52392197 1.81888804
v 1.21617956 0.55083066 1.80409487
v 1.23977400 0.59610471 1.77920524
v 1.23169091 0.64536995 1.75212145
v 1.19449659 0.68298499 1.73144240
v 1.14000000 0.73460078 1.81868374
v 1.08550341 0.71910186 1.82266319
v 1.04830909 0.67752589 1.83333808
v 1.04022600 0.62307295 1.84731922
v 1.06382044 0.57303146 1.86016769
v 1.11160136 0.54328924 1.86780419
v 1.16839864 0.54328924 1.86780419
v 1.21617956 0.57303146 1.86016769
v 1.23977400 0.62307295 1.84731922
v 1.23169091 0.67752589 1.83333808
v 1.19449659 0.71910186 1.82266319
v 1.14000000 0.34000000 1.79400000
v 1.14000000 0.53740000 1.79400000
v 1.14000000 0.53740000 2.04600000
v 1.14000000 0.34000000 2.04600000
v 1.07248522 0.52549532 1.79400000
v 1.07248522 0.52549532 2.04600000
v 1.01311373 0.49121717 1.79400000
v 1.01311373 0.49121717 2.04600000
v 0.96904659 0.43870000 1.79400000
v 0.96904659 0.43870000 2.04600000
v 0.94559895 0.37427815 1.79400000
v 0.94559895 0.37427815 2.04600000
v 0.94559895 0.30572185 1.79400000
v 0.94559895 0.30572185 2.04600000
v 0.96904659 0.24130000 1.79400000
v 0.96904659 0.24130000 2.04600000
v 1.01311373 0.18878283 1.79400000
v 1.01311373 0.18878283 2.04600000
v 1.07248522 0.15450468 1.79400000
v 1.07248522 0.15450468 2.04600000
v 1.14000000 0.14260000 1.79400000
v 1.14000000 0.14260000 2.04600000
v 1.20751478 0.15450468 1.79400000
v 1.20751478 0.15450468 2.04600000
v 1.26688627 0.18878283 1.79400000
v 1.26688627 0.18878283 2.04600000
v 1.31095341 0.24130000 1.79400000
v 1.31095341 0.24130000 2.04600000
v 1.33440105 0.30572185 1.79400000
v 1.33440105 0.30572185 2.04600000
v 1.33440105 0.37427815 1.79400000
v 1.33440105 0.37427815 2.04600000
v 1.31095341 0.43870000 1.79400000
v 1.31095341 0.43870000 2.04600000
v 1.26688627 0.49121717 1.79400000
v 1.26688627 0.49121717 2.04600000
v 1.20751478 0.52549532 1.79400000
v 1.20751478 0.52549532 2.04600000
v 1.13000000 1.25000000 0.47500000
v 1.13000000 1.27432884 0.48214359
v 1.13000000 1.29093344 0.50130632
v 1.13000000 1.29454196 0.52640417
v 1.13000000 1.28400873 0.54946873
v 1.13000000 1.26267797 0.56317718
v 1.13000000 1.23732203 0.56317718
v 1.13000000 1.21599127 0.54946873
v 1.13000000 1.20545804 0.52640417
v 1.13000000 1.20906656 0.50130632
v 1.13000000 1.22567116 0.48214359
v 1.23569320 1.25000000 0.48835216
v 1.23391666 1.27432884 0.49527132
v 1.22915109 1.29093344 0.51383202
v 1.22290951 1.29454196 0.53814137
v 1.21717358 1.28400873 0.56048132
v 1.21376443 1.26267797 0.57375909
v 1.21376443 1.23732203 0.57375909
v 1.21717358 1.21599127 0.56048132
v 1.22290951 1.20545804 0.53814137
v 1.22915109 1.20906656 0.51383202
v 1.23391666 1.22567116 0.49527132
v 1.33474531 1.25000000 0.52756966
v 1.33130386 1.27432884 0.53382964
v 1.32207214 1.29093344 0.55062207
v 1.30998116 1.29454196 0.57261548
v 1.29886973 1.28400873 0.59282711
v 1.29226563 1.26267797 0.60483992
v 1.29226563 1.23732203 0.60483992
v 1.29886973 1.21599127 0.59282711
v 1.30998116 1.20545804 0.57261548
v 1.32207214 1.20906656 0.55062207
v 1.33130386 1.22567116 0.53382964
v 1.42093252 1.25000000 0.59018833
v 1.41604240 1.27432884 0.59539579
v 1.40292460 1.29093344 0.60936482
v 1.38574395 1.29454196 0.62766036
v 1.36995516 1.28400873 0.64447370
v 1.36057108 1.26267797 0.65446673
v 1.36057108 1.23732203 0.65446673
v 1.36995516 1.21599127 0.64447370
v 1.38574395 1.20545804 0.62766036
v 1.40292460 1.20906656 0.60936482
v 1.41604240 1.22567116 0.59539579
v 1.48883937 1.25000000 0.67227361
v 1.48280783 1.27432884 0.67610134
v 1.46662820 1.29093344 0.68636925
v 1.44543739 1.29454196 0.69981734
v 1.42596334 1.28400873 0.71217595
v 1.41438891 1.26267797 0.71952131
v 1.41438891 1.23732203 0.71952131
v 1.42596334 1.21599127 0.71217595
v 1.44543739 1.20545804 0.69981734
v 1.46662820 1.20906656 0.68636925
v 1.48280783 1.22567116 0.67610134
v 1.53419902 1.25000000 0.76866778
v 1.52740506 1.27432884 0.77087527
v 1.50918022 1.29093344 0.77679688
v 1.48531075 1.29454196 0.78455254
v 1.46337505 1.28400873 0.79167988
v 1.45033753 1.26267797 0.79591603
v 1.45033753 1.23732203 0.79591603
v 1.46337505 1.21599127 0.79167988
v 1.48531075 1.20545804 0.78455254
v 1.50918022 1.20906656 0.77679688
v 1.52740506 1.22567116 0.77087527
v 1.55416136 1.25000000 0.87331403
v 1.54703186 1.27432884 0.87376258
v 1.52790694 1.29093344 0.87496582
v 1.50285863 1.29454196 0.87654172
v 1.47983957 1.28400873 0.87798996
v 1.46615817 1.26267797 0.87885072
v 1.46615817 1.23732203 0.87885072
v 1.47983957 1.21599127 0.87798996
v 1.50285863 1.20545804 0.87654172
v 1.52790694 1.20906656 0.87496582
v 1.54703186 1.22567116 0.87376258
v 1.54747208 1.25000000 0.97963706
v 1.54045502 1.27432884 0.97829848
v 1.52163171 1.29093344 0.97470775
v 1.49697842 1.29454196 0.97000488
v 1.47432239 1.28400873 0.96568301
v 1.46085676 1.26267797 0.96311430
v 1.46085676 1.23732203 0.96311430
v 1.47432239 1.21599127 0.96568301
v 1.49697842 1.20545804 0.97000488
v 1.52163171 1.20906656 0.97470775
v 1.54045502 1.22567116 0.97829848
v 1.51455150 1.25000000 1.08095620
v 1.50808778 1.27432884 1.07791461
v 1.49074882 1.29093344 1.06975551
v 1.46803962 1.29454196 1.05906937
v 1.44717017 1.28400873 1.04924895
v 1.43476640 1.26267797 1.04341218
v 1.43476640 1.23732203 1.04341218
v 1.44717017 1.21599127 1.04924895
v 1.46803962 1.20545804 1.05906937
v 1.49074882 1.20906656 1.06975551
v 1.50808778 1.22567116 1.07791461
v 1.45746813 1.25000000 1.17090520
v 1.45196390 1.27432884 1.16635170
v 1.43719876 1.29093344 1.15413691
v 1.41786054 1.29454196 1.13813895
v 1.40008898 1.28400873 1.12343704
v 1.38952644 1.26267797 1.11469894
v 1.38952644 1.23732203 1.11469894
v 1.40008898 1.21599127 1.12343704
v 1.41786054 1.20545804 1.13813895
v 1.43719876 1.20906656 1.15413691
v 1.45196390 1.22567116 1.16635170
v 1.37980873 1.25000000 1.24383222
v 1.37560983 1.27432884 1.23805294
v 1.36434626 1.29093344 1.22254996
v 1.34959412 1.29454196 1.20224538
v 1.33603711 1.28400873 1.18358575
v 1.32797948 1.26267797 1.17249538
v 1.32797948 1.23732203 1.17249538
v 1.33603711 1.21599127 1.18358575
v 1.34959412 1.20545804 1.20224538
v 1.36434626 1.20906656 1.22254996
v 1.37560983 1.22567116 1.23805294
v 1.28645293 1.25000000 1.29515501
v 1.28382320 1.27432884 1.28851306
v 1.27676893 1.29093344 1.27069600
v 1.26752980 1.29454196 1.24736062
v 1.25903917 1.28400873 1.22591573
v 1.25399275 1.26267797 1.21316993
v 1.25399275 1.23732203 1.21316993
v 1.25903917 1.21599127 1.22591573
v 1.26752980 1.20545804 1.24736062
v 1.27676893 1.20906656 1.27069600
v 1.28382320 1.22567116 1.28851306
v 1.18326662 1.25000000 1.32164875
v 1.18237129 1.27432884 1.31456149
v 1.17996957 1.29093344 1.29554986
v 1.17682397 1.29454196 1.27064992
v 1.17393322 1.28400873 1.24776722
v 1.17221509 1.26267797 1.23416687
v 1.17221509 1.23732203 1.23416687
v 1.17393322 1.21599127 1.24776722
v 1.17682397 1.20545804 1.27064992
v 1.17996957 1.20906656 1.29554986
v 1.18237129 1.22567116 1.31456149
v 1.07673338 1.25000000 1.32164875
v 1.07762871 1.27432884 1.31456149
v 1.08003043 1.29093344 1.29554986
v 1.08317603 1.29454196 1.27064992
v 1.08606678 1.28400873 1.24776722
v 1.08778491 1.26267797 1.23416687
v 1.08778491 1.23732203 1.23416687
v 1.08606678 1.21599127 1.24776722
v 1.08317603 1.20545804 1.27064992
v 1.08003043 1.20906656 1.29554986
v 1.07762871 1.22567116 1.31456149
v 0.97354707 1.25000000 1.29515501
v 0.97617680 1.27432884 1.28851306
v 0.98323107 1.29093344 1.27069600
v 0.99247020 1.29454196 1.24736062
v 1.00096083 1.28400873 1.22591573
v 1.00600725 1.26267797 1.21316993
v 1.00600725 1.23732203 1.21316993
v 1.00096083 1.21599127 1.22591573
v 0.99247020 1.20545804 1.24736062
v 0.98323107 1.20906656 1.27069600
v 0.97617680 1.22567116 1.28851306
v 0.88019127 1.25000000 1.24383222
v 0.88439017 1.27432884 1.23805294
v 0.89565374 1.29093344 1.22254996
v 0.91040588 1.29454196 1.20224538
v 0.92396289 1.28400873 1.18358575
v 0.93202052 1.26267797 1.17249538
v 0.93202052 1.23732203 1.17249538
v 0.92396289 1.21599127 1.18358575
v 0.91040588 1.20545804 1.20224538
v 0.89565374 1.20906656 1.22254996
v 0.88439017 1.22567116 1.23805294
v 0.80253187 1.25000000 1.17090520
v 0.80803610 1.27432884 1.16635170
v 0.82280124 1.29093344 1.15413691
v 0.84213946 1.29454196 1.13813895
v 0.85991102 1.28400873 1.12343704
v 0.87047356 1.26267797 1.11469894
v 0.87047356 1.23732203 1.11469894
v 0.85991102 1.21599127 1.12343704
v 0.84213946 1.20545804 1.13813895
v 0.82280124 1.20906656 1.15413691
v 0.80803610 1.22567116 1.16635170
v 0.74544850 1.25000000 1.08095620
v 0.75191222 1.27432884 1.07791461
v 0.76925118 1.29093344 1.06975551
v 0.79196038 1.29454196 1.05906937
v 0.81282983 1.28400873 1.04924895
v 0.82523360 1.26267797 1.04341218
v 0.82523360 1.23732203 1.04341218
v 0.81282983 1.21599127 1.04924895
v 0.79196038 1.20545804 1.05906937
v 0.76925118 1.20906656 1.06975551
v 0.75191222 1.22567116 1.07791461
v 0.71252792 1.25000000 0.97963706
v 0.71954498 1.27432884 0.97829848
v 0.73836829 1.29093344 0.97470775
v 0.76302158 1.29454196 0.97000488
v 0.78567761 1.28400873 0.96568301
v 0.79914324 1.26267797 0.96311430
v 0.79914324 1.23732203 0.96311430
v 0.78567761 1.21599127 0.96568301
v 0.76302158 1.20545804 0.97000488
v 0.73836829 1.20906656 0.97470775
v 0.71954498 1.22567116 0.97829848
v 0.70583864 1.25000000 0.87331403
v 0.71296814 1.27432884 0.87376258
v 0.73209306 1.29093344 0.87496582
v 0.75714137 1.29454196 0.87654172
v 0.78016043 1.28400873 0.87798996
v 0.79384183 1.26267797 0.87885072
v 0.79384183 1.23732203 0.87885072
v 0.78016043 1.21599127 0.87798996
v 0.75714137 1.20545804 0.87654172
v 0.73209306 1.20906656 0.87496582
v 0.71296814 1.22567116 0.87376258
v 0.72580098 1.25000000 0.76866778
v 0.73259494 1.27432884 0.77087527
v 0.75081978 1.29093344 0.77679688
v 0.77468925 1.29454196 0.78455254
v 0.79662495 1.28400873 0.79167988
v 0.80966247 1.26267797 0.79591603
v 0.80966247 1.23732203 0.79591603
v 0.79662495 1.21599127 0.79167988
v 0.77468925 1.20545804 0.78455254
v 0.75081978 1.20906656 0.77679688
v 0.73259494 1.22567116 0.77087527
v 0.77116063 1.25000000 0.67227361
v 0.77719217 1.27432884 0.67610134
v 0.79337180 1.29093344 0.68636925
v 0.81456261 1.29454196 0.69981734
v 0.83403666 1.28400873 0.71217595
v 0.84561109 1.26267797 0.71952131
v 0.84561109 1.23732203 0.71952131
v 0.83403666 1.21599127 0.71217595
v 0.81456261 1.20545804 0.69981734
v 0.79337180 1.20906656 0.68636925
v 0.77719217 1.22567116 0.67610134
v 0.83906748 1.25000000 0.59018833
v 0.84395760 1.27432884 0.59539579
v 0.85707540 1.29093344 0.60936482
v 0.87425605 1.29454196 0.62766036
v 0.89004484 1.28400873 0.64447370
v 0.89942892 1.26267797 0.65446673
v 0.89942892 1.23732203 0.65446673
v 0.89004484 1.21599127 0.64447370
v 0.87425605 1.20545804 0.62766036
v 0.85707540 1.20906656 0.60936482
v 0.84395760 1.22567116 0.59539579
v 0.92525469 1.25000000 0.52756966
v 0.92869614 1.27432884 0.53382964
v 0.93792786 1.29093344 0.55062207
v 0.95001884 1.29454196 0.57261548
v 0.96113027 1.28400873 0.59282711
v 0.96773437 1.26267797 0.60483992
v 0.96773437 1.23732203 0.60483992
v 0.96113027 1.21599127 0.59282711
v 0.95001884 1.20545804 0.57261548
v 0.93792786 1.20906656 0.55062207
v 0.92869614 1.22567116 0.53382964
v 1.02430680 1.25000000 0.48835216
v 1.02608334 1.27432884 0.49527132
v 1.03084891 1.29093344 0.51383202
v 1.03709049 1.29454196 0.53814137
v 1.04282642 1.28400873 0.56048132
v 1.04623557 1.26267797 0.57375909
v 1.04623557 1.23732203 0.57375909
v 1.04282642 1.21599127 0.56048132
v 1.03709049 1.20545804 0.53814137
v 1.03084891 1.20906656 0.51383202
v 1.02608334 1.22567116 0.49527132
v 1.17000000 1.03223413 0.85149849
v 1.21000000 1.03223413 0.85149849
v 1.21000000 0.82776587 1.46850151
v 1.17000000 0.82776587 1.46850151
v 1.20464102 1.05121884 0.85778982
v 1.20464102 0.84675058 1.47479284
v 1.19000000 1.06511661 0.86239539
v 1.19000000 0.86064835 1.47939842
v 1.17000000 1.07020355 0.86408115
v 1.17000000 0.86573528 1.48108417
v 1.15000000 1.06511661 0.86239539
v 1.15000000 0.86064835 1.47939842
v 1.13535898 1.05121884 0.85778982
v 1.13535898 0.84675058 1.47479284
v 1.13000000 1.03223413 0.85149849
v 1.13000000 0.82776587 1.46850151
v 1.13535898 1.01324942 0.84520716
v 1.13535898 0.80878116 1.46221018
v 1.15000000 0.99935165 0.84060158
v 1.15000000 0.79488339 1.45760461
v 1.17000000 0.99426472 0.83891583
v 1.17000000 0.78979645 1.45591885
v 1.19000000 0.99935165 0.84060158
v 1.19000000 0.79488339 1.45760461
v 1.20464102 1.01324942 0.84520716
v 1.20464102 0.80878116 1.46221018
vn -0.57735027 -0.57735027 -0.57735027
vn -0.57735027 -0.57735027 0.57735027
vn -0.57735027 0.57735027 -0.57735027
vn -0.57735027 0.57735027 0.57735027
vn 0.57735027 -0.57735027 -0.57735027
vn 0.57735027 -0.57735027 0.57735027
vn 0.57735027 0.57735027 -0.57735027
vn 0.57735027 0.57735027 0.57735027
vn -0.57735027 -0.60548422 -0.54777324
vn -0.57735027 -0.54777324 0.60548422
vn -0.57735027 0.54777324 -0.60548422
vn -0.57735027 0.60548422 0.54777324
vn 0.57735027 -0.60548422 -0.54777324
vn 0.57735027 -0.54777324 0.60548422
vn 0.57735027 0.54777324 -0.60548422
vn 0.57735027 0.60548422 0.54777324
vn -0.57735027 -0.57735027 -0.57735027
vn -0.57735027 -0.57735027 0.57735027
vn -0.57735027 0.57735027 -0.57735027
vn -0.57735027 0.57735027 0.57735027
vn 0.57735027 -0.57735027 -0.57735027
vn 0.57735027 -0.57735027 0.57735027
vn 0.57735027 0.57735027 -0.57735027
vn 0.57735027 0.57735027 0.57735027
vn -0.57735027 -0.57735027 -0.57735027
vn -0.57735027 -0.57735027 0.57735027
vn -0.57735027 0.57735027 -0.57735027
vn -0.57735027 0.57735027 0.57735027
vn 0.57735027 -0.57735027 -0.57735027
vn 0.57735027 -0.57735027 0.57735027
vn 0.57735027 0.57735027 -0.57735027
vn 0.57735027 0.57735027 0.57735027
vn -0.51682707 -0.63210477 -0.57735027
vn -0.51682707 -0.63210477 0.57735027
vn -0.63210477 0.51682707 -0.57735027
vn -0.63210477 0.51682707 0.57735027
vn 0.63210477 -0.51682707 -0.57735027
vn 0.63210477 -0.51682707 0.57735027
vn 0.51682707 0.63210477 -0.57735027
vn 0.51682707 0.63210477 0.57735027
vn -0.57735027 -0.57735027 -0.57735027
vn -0.57735027 -0.57735027 0.57735027
vn -0.57735027 0.57735027 -0.57735027
vn -0.57735027 0.57735027 0.57735027
vn 0.57735027 -0.57735027 -0.57735027
vn 0.57735027 -0.57735027 0.57735027
vn 0.57735027 0.57735027 -0.57735027
vn 0.57735027 0.57735027 0.57735027
vn -0.57735027 -0.57735027 -0.57735027
vn -0.57735027 -0.57735027 0.57735027
vn -0.57735027 0.57735027 -0.57735027
vn -0.57735027 0.57735027 0.57735027
vn 0.57735027 -0.57735027 -0.57735027
vn 0.57735027 -0.57735027 0.57735027
vn 0.57735027 0.57735027 -0.57735027
vn 0.57735027 0.57735027 0.57735027
vn -0.58878104 -0.57735027 -0.56568857
vn -0.56568857 -0.57735027 0.58878104
vn -0.58878104 0.57735027 -0.56568857
vn -0.56568857 0.57735027 0.58878104
vn 0.56568857 -0.57735027 -0.58878104
vn 0.58878104 -0.57735027 0.56568857
vn 0.56568857 0.57735027 -0.58878104
vn 0.58878104 0.57735027 0.56568857
vn -0.56568857 -0.57735027 -0.58878104
vn -0.58878104 -0.57735027 0.56568857
vn -0.56568857 0.57735027 -0.58878104
vn -0.58878104 0.57735027 0.56568857
vn 0.58878104 -0.57735027 -0.56568857
vn 0.56568857 -0.57735027 0.58878104
vn 0.58878104 0.57735027 -0.56568857
vn 0.56568857 0.57735027 0.58878104
vn -0.57735027 -0.57735027 -0.57735027
vn -0.57735027 -0.57735027 0.57735027
vn -0.57735027 0.57735027 -0.57735027
vn -0.57735027 0.57735027 0.57735027
vn 0.57735027 -0.57735027 -0.57735027
vn 0.57735027 -0.57735027 0.57735027
vn 0.57735027 0.57735027 -0.57735027
vn 0.57735027 0.57735027 0.57735027
vn -0.57735027 -0.57735027 -0.57735027
vn -0.57735027 -0.57735027 0.57735027
vn -0.57735027 0.57735027 -0.57735027
vn -0.57735027 0.57735027 0.57735027
vn 0.57735027 -0.57735027 -0.57735027
vn 0.57735027 -0.57735027 0.57735027
vn 0.57735027 0.57735027 -0.57735027
vn 0.57735027 0.57735027 0.57735027
vn -0.57735027 -0.57735027 -0.57735027
vn -0.57735027 -0.57735027 0.57735027
vn -0.57735027 0.57735027 -0.57735027
vn -0.57735027 0.57735027 0.57735027
vn 0.57735027 -0.57735027 -0.57735027
vn 0.57735027 -0.57735027 0.57735027
vn 0.57735027 0.57735027 -0.57735027
vn 0.57735027 0.57735027 0.57735027
vn -0.57735027 -0.57735027 -0.57735027
vn -0.57735027 -0.57735027 0.57735027
vn -0.57735027 0.57735027 -0.57735027
vn -0.57735027 0.57735027 0.57735027
vn 0.57735027 -0.57735027 -0.57735027
vn 0.57735027 -0.57735027 0.57735027
vn 0.57735027 0.57735027 -0.57735027
vn 0.57735027 0.57735027 0.57735027
vn -0.57735027 -0.57735027 -0.57735027
vn -0.57735027 -0.57735027 0.57735027
vn -0.57735027 0.57735027 -0.57735027
vn -0.57735027 0.57735027 0.57735027
vn 0.57735027 -0.57735027 -0.57735027
vn 0.57735027 -0.57735027 0.57735027
vn 0.57735027 0.57735027 -0.57735027
vn 0.57735027 0.57735027 0.57735027
vn -0.57735027 -0.57735027 -0.57735027
vn -0.57735027 -0.57735027 0.57735027
vn -0.57735027 0.57735027 -0.57735027
vn -0.57735027 0.57735027 0.57735027
vn 0.57735027 -0.57735027 -0.57735027
vn 0.57735027 -0.57735027 0.57735027
vn 0.57735027 0.57735027 -0.57735027
vn 0.57735027 0.57735027 0.57735027
vn -0.57735027 -0.57735027 -0.57735027
vn -0.57735027 -0.57735027 0.57735027
vn -0.57735027 0.57735027 -0.57735027
vn -0.57735027 0.57735027 0.57735027
vn 0.57735027 -0.57735027 -0.57735027
vn 0.57735027 -0.57735027 0.57735027
vn 0.57735027 0.57735027 -0.57735027
vn 0.57735027 0.57735027 0.57735027
vn 0.00000000 -1.00000000 -0.00000000
vn 0.53064889 -0.84759174 -0.00000000
vn 0.90105209 -0.43371088 -0.00000000
vn 0.99276137 0.12010358 -0.00000000
vn 0.76702122 0.64162173 -0.00000000
vn 0.28800317 0.95762946 -0.00000000
vn -0.28800317 0.95762946 -0.00000000
vn -0.76702122 0.64162173 -0.00000000
vn -0.99276137 0.12010358 -0.00000000
vn -0.90105209 -0.43371088 -0.00000000
vn -0.53064889 -0.84759174 -0.00000000
vn 0.00000000 -0.96858316 -0.24868989
vn 0.53064889 -0.82096309 -0.21078749
vn 0.90105209 -0.42008506 -0.10785951
vn 0.99276137 0.11633031 0.02986855
vn 0.76702122 0.62146400 0.15956484
vn 0.28800317 0.92754377 0.23815276
vn -0.28800317 0.92754377 0.23815276
vn -0.76702122 0.62146400 0.15956484
vn -0.99276137 0.11633031 0.02986855
vn -0.90105209 -0.42008506 -0.10785951
vn -0.53064889 -0.82096309 -0.21078749
vn -0.00000000 -0.87630668 -0.48175367
vn 0.53064889 -0.74275031 -0.40833044
vn 0.90105209 -0.38006374 -0.20894181
vn 0.99276137 0.10524757 0.05786034
vn 0.76702122 0.56225741 0.30910363
vn 0.28800317 0.83917709 0.46134151
vn -0.28800317 0.83917709 0.46134151
vn -0.76702122 0.56225741 0.30910363
vn -0.99276137 0.10524757 0.05786034
vn -0.90105209 -0.38006374 -0.20894181
vn -0.53064889 -0.74275031 -0.40833044
vn 0.00000000 -0.72896863 -0.68454711
vn 0.53064889 -0.61786779 -0.58021647
vn 0.90105209 -0.31616163 -0.29689553
vn 0.99276137 0.08755174 0.08221656
vn 0.76702122 0.46772211 0.43922030
vn 0.28800317 0.69808183 0.65554247
vn -0.28800317 0.69808183 0.65554247
vn -0.76702122 0.46772211 0.43922030
vn -0.99276137 0.08755174 0.08221656
vn -0.90105209 -0.31616163 -0.29689553
vn -0.53064889 -0.61786779 -0.58021647
vn 0.00000000 -0.53582679 -0.84432793
vn 0.53064889 -0.45416237 -0.71564538
vn 0.90105209 -0.23239391 -0.36619421
vn 0.99276137 0.06435472 0.10140681
vn 0.76702122 0.34379811 0.54173914
vn 0.28800317 0.51312352 0.80855329
vn -0.28800317 0.51312352 0.80855329
vn -0.76702122 0.34379811 0.54173914
vn -0.99276137 0.06435472 0.10140681
vn -0.90105209 -0.23239391 -0.36619421
vn -0.53064889 -0.45416237 -0.71564538
vn -0.00000000 -0.30901699 -0.95105652
vn 0.53064889 -0.26192025 -0.80610765
vn 0.90105209 -0.13402403 -0.41248356
vn 0.99276137 0.03711405 0.11422530
vn 0.76702122 0.19827202 0.61021853
vn 0.28800317 0.29592378 0.91075973
vn -0.28800317 0.29592378 0.91075973
vn -0.76702122 0.19827202 0.61021853
vn -0.99276137 0.03711405 0.11422530
vn -0.90105209 -0.13402403 -0.41248356
vn -0.53064889 -0.26192025 -0.80610765
vn -0.00000000 -0.06279052 -0.99802673
vn 0.53064889 -0.05322073 -0.84591921
vn 0.90105209 -0.02723293 -0.43285505
vn 0.99276137 0.00754137 0.11986659
vn 0.76702122 0.04028776 0.64035564
vn 0.28800317 0.06013005 0.95573979
vn -0.28800317 0.06013005 0.95573979
vn -0.76702122 0.04028776 0.64035564
vn -0.99276137 0.00754137 0.11986659
vn -0.90105209 -0.02723293 -0.43285505
vn -0.53064889 -0.05322073 -0.84591921
vn 0.00000000 0.18738131 -0.98228725
vn 0.53064889 0.15882285 -0.83257856
vn 0.90105209 0.08126932 -0.42602867
vn 0.99276137 -0.02250517 0.11797622
vn 0.76702122 -0.12022792 0.63025684
vn 0.28800317 -0.17944187 0.94066721
vn -0.28800317 -0.17944187 0.94066721
vn -0.76702122 -0.12022792 0.63025684
vn -0.99276137 -0.02250517 0.11797622
vn -0.90105209 0.08126932 -0.42602867
vn -0.53064889 0.15882285 -0.83257856
vn 0.00000000 0.42577929 -0.90482705
vn 0.53064889 0.36088701 -0.76692394
vn 0.90105209 0.18466511 -0.39243334
vn 0.99276137 -0.05113762 0.10867297
vn 0.76702122 -0.27318925 0.58055670
vn 0.28800317 -0.40773879 0.86648904
vn -0.28800317 -0.40773879 0.86648904
vn -0.76702122 -0.27318925 0.58055670
vn -0.99276137 -0.05113762 0.10867297
vn -0.90105209 0.18466511 -0.39243334
vn -0.53064889 0.36088701 -0.76692394
vn -0.00000000 0.63742399 -0.77051324
vn 0.53064889 0.54027531 -0.65308066
vn 0.90105209 0.27645772 -0.33417998
vn 0.99276137 -0.07655691 0.09254140
vn 0.76702122 -0.40898508 0.49437804
vn 0.28800317 -0.61041599 0.73786618
vn -0.28800317 -0.61041599 0.73786618
vn -0.76702122 -0.40898508 0.49437804
vn -0.99276137 -0.07655691 0.09254140
vn -0.90105209 0.27645772 -0.33417998
vn -0.53064889 0.54027531 -0.65308066
vn -0.00000000 0.80901699 -0.58778525
vn 0.53064889 0.68571612 -0.49820193
vn 0.90105209 0.35087948 -0.25492886
vn 0.99276137 -0.09716584 0.07059512
vn 0.76702122 -0.51908288 0.37713579
vn 0.28800317 -0.77473850 0.56288047
vn -0.28800317 -0.77473850 0.56288047
vn -0.76702122 -0.51908288 0.37713579
vn -0.99276137 -0.09716584 0.07059512
vn -0.90105209 0.35087948 -0.25492886
vn -0.53064889 0.68571612 -0.49820193
vn 0.00000000 0.92977649 -0.36812455
vn 0.53064889 0.78807087 -0.31201933
vn 0.90105209 0.40325418 -0.15965963
vn 0.99276137 -0.11166949 0.04421308
vn 0.76702122 -0.59656480 0.23619671
vn 0.28800317 -0.89038135 0.35252692
vn -0.28800317 -0.89038135 0.35252692
vn -0.76702122 -0.59656480 0.23619671
vn -0.99276137 -0.11166949 0.04421308
vn -0.90105209 0.40325418 -0.15965963
vn -0.53064889 0.78807087 -0.31201933
vn -0.00000000 0.99211470 -0.12533323
vn 0.53064889 0.84090823 -0.10623141
vn 0.90105209 0.43029094 -0.05435839
vn 0.99276137 -0.11915653 0.01505297
vn 0.76702122 -0.63656235 0.08041653
vn 0.28800317 -0.95007826 0.12002280
vn -0.28800317 -0.95007826 0.12002280
vn -0.76702122 -0.63656235 0.08041653
vn -0.99276137 -0.11915653 0.01505297
vn -0.90105209 0.43029094 -0.05435839
vn -0.53064889 0.84090823 -0.10623141
vn 0.00000000 0.99211470 0.12533323
vn 0.53064889 0.84090823 0.10623141
vn 0.90105209 0.43029094 0.05435839
vn 0.99276137 -0.11915653 -0.01505297
vn 0.76702122 -0.63656235 -0.08041653
vn 0.28800317 -0.95007826 -0.12002280
vn -0.28800317 -0.95007826 -0.12002280
vn -0.76702122 -0.63656235 -0.08041653
vn -0.99276137 -0.11915653 -0.01505297
vn -0.90105209 0.43029094 0.05435839
vn -0.53064889 0.84090823 0.10623141
vn 0.00000000 0.92977649 0.36812455
vn 0.53064889 0.78807087 0.31201933
vn 0.90105209 0.40325418 0.15965963
vn 0.99276137 -0.11166949 -0.04421308
vn 0.76702122 -0.59656480 -0.23619671
vn 0.28800317 -0.89038135 -0.35252692
vn -0.28800317 -0.89038135 -0.35252692
vn -0.76702122 -0.59656480 -0.23619671
vn -0.99276137 -0.11166949 -0.04421308
vn -0.90105209 0.40325418 0.15965963
vn -0.53064889 0.78807087 0.31201933
vn 0.00000000 0.80901699 0.58778525
vn 0.53064889 0.68571612 0.49820193
vn 0.90105209 0.35087948 0.25492886
vn 0.99276137 -0.09716584 -0.07059512
vn 0.76702122 -0.51908288 -0.37713579
vn 0.28800317 -0.77473850 -0.56288047
vn -0.28800317 -0.77473850 -0.56288047
vn -0.76702122 -0.51908288 -0.37713579
vn -0.99276137 -0.09716584 -0.07059512
vn -0.90105209 0.35087948 0.25492886
vn -0.53064889 0.68571612 0.49820193
vn 0.00000000 0.63742399 0.77051324
vn 0.53064889 0.54027531 0.65308066
vn 0.90105209 0.27645772 0.33417998
vn 0.99276137 -0.07655691 -0.09254140
vn 0.76702122 -0.40898508 -0.49437804
vn 0.28800317 -0.61041599 -0.73786618
vn -0.28800317 -0.61041599 -0.73786618
vn -0.76702122 -0.40898508 -0.49437804
vn -0.99276137 -0.07655691 -0.09254140
vn -0.90105209 0.27645772 0.33417998
vn -0.53064889 0.54027531 0.65308066
vn -0.00000000 0.42577929 0.90482705
vn 0.53064889 0.36088701 0.76692394
vn 0.90105209 0.18466511 0.39243334
vn 0.99276137 -0.05113762 -0.10867297
vn 0.76702122 -0.27318925 -0.58055670
vn 0.28800317 -0.40773879 -0.86648904
vn -0.28800317 -0.40773879 -0.86648904
vn -0.76702122 -0.27318925 -0.58055670
vn -0.99276137 -0.05113762 -0.10867297
vn -0.90105209 0.18466511 0.39243334
vn -0.53064889 0.36088701 0.76692394
vn -0.00000000 0.18738131 0.98228725
vn 0.53064889 0.15882285 0.83257856
vn 0.90105209 0.08126932 0.42602867
vn 0.99276137 -0.02250517 -0.11797622
vn 0.76702122 -0.12022792 -0.63025684
vn 0.28800317 -0.17944187 -0.94066721
vn -0.28800317 -0.17944187 -0.94066721
vn -0.76702122 -0.12022792 -0.63025684
vn -0.99276137 -0.02250517 -0.11797622
vn -0.90105209 0.08126932 0.42602867
vn -0.53064889 0.15882285 0.83257856
vn 0.00000000 -0.06279052 0.99802673
vn 0.53064889 -0.05322073 0.84591921
vn 0.90105209 -0.02723293 0.43285505
vn 0.99276137 0.00754137 -0.11986659
vn 0.76702122 0.04028776 -0.64035564
vn 0.28800317 0.06013005 -0.95573979
vn -0.28800317 0.06013005 -0.95573979
vn -0.76702122 0.04028776 -0.64035564
vn -0.99276137 0.00754137 -0.11986659
vn -0.90105209 -0.02723293 0.43285505
vn -0.53064889 -0.05322073 0.84591921
vn 0.00000000 -0.30901699 0.95105652
vn 0.53064889 -0.26192025 0.80610765
vn 0.90105209 -0.13402403 0.41248356
vn 0.99276137 0.03711405 -0.11422530
vn 0.76702122 0.19827202 -0.61021853
vn 0.28800317 0.29592378 -0.91075973
vn -0.28800317 0.29592378 -0.91075973
vn -0.76702122 0.19827202 -0.61021853
vn -0.99276137 0.03711405 -0.11422530
vn -0.90105209 -0.13402403 0.41248356
vn -0.53064889 -0.26192025 0.80610765
vn 0.00000000 -0.53582679 0.84432793
vn 0.53064889 -0.45416237 0.71564538
vn 0.90105209 -0.23239391 0.36619421
vn 0.99276137 0.06435472 -0.10140681
vn 0.76702122 0.34379811 -0.54173914
vn 0.28800317 0.51312352 -0.80855329
vn -0.28800317 0.51312352 -0.80855329
vn -0.76702122 0.34379811 -0.54173914
vn -0.99276137 0.06435472 -0.10140681
vn -0.90105209 -0.23239391 0.36619421
vn -0.53064889 -0.45416237 0.71564538
vn 0.00000000 -0.72896863 0.68454711
vn 0.53064889 -0.61786779 0.58021647
vn 0.90105209 -0.31616163 0.29689553
vn 0.99276137 0.08755174 -0.08221656
vn 0.76702122 0.46772211 -0.43922030
vn 0.28800317 0.69808183 -0.65554247
vn -0.28800317 0.69808183 -0.65554247
vn -0.76702122 0.46772211 -0.43922030
vn -0.99276137 0.08755174 -0.08221656
vn -0.90105209 -0.31616163 0.29689553
vn -0.53064889 -0.61786779 0.58021647
vn -0.00000000 -0.87630668 0.48175367
vn 0.53064889 -0.74275031 0.40833044
vn 0.90105209 -0.38006374 0.20894181
vn 0.99276137 0.10524757 -0.05786034
vn 0.76702122 0.56225741 -0.30910363
vn 0.28800317 0.83917709 -0.46134151
vn -0.28800317 0.83917709 -0.46134151
vn -0.76702122 0.56225741 -0.30910363
vn -0.99276137 0.10524757 -0.05786034
vn -0.90105209 -0.38006374 0.20894181
vn -0.53064889 -0.74275031 0.40833044
vn -0.00000000 -0.96858316 0.24868989
vn 0.53064889 -0.82096309 0.21078749
vn 0.90105209 -0.42008506 0.10785951
vn 0.99276137 0.11633031 -0.02986855
vn 0.76702122 0.62146400 -0.15956484
vn 0.28800317 0.92754377 -0.23815276
vn -0.28800317 0.92754377 -0.23815276
vn -0.76702122 0.62146400 -0.15956484
vn -0.99276137 0.11633031 -0.02986855
vn -0.90105209 -0.42008506 0.10785951
vn -0.53064889 -0.82096309 0.21078749
vn 0.00000000 0.00000000 -1.00000000
vn -0.00000000 0.74233315 -0.67003097
vn -0.00000000 0.74233315 0.67003097
vn 0.00000000 0.00000000 1.00000000
vn -0.25389289 0.69756498 -0.67003097
vn -0.25389289 0.69756498 0.67003097
vn -0.47716255 0.56866018 -0.67003097
vn -0.47716255 0.56866018 0.67003097
vn -0.64287937 0.37116658 -0.67003097
vn -0.64287937 0.37116658 0.67003097
vn -0.73105544 0.12890480 -0.67003097
vn -0.73105544 0.12890480 0.67003097
vn -0.73105544 -0.12890480 -0.67003097
vn -0.73105544 -0.12890480 0.67003097
vn -0.64287937 -0.37116658 -0.67003097
vn -0.64287937 -0.37116658 0.67003097
vn -0.47716255 -0.56866018 -0.67003097
vn -0.47716255 -0.56866018 0.67003097
vn -0.25389289 -0.69756498 -0.67003097
vn -0.25389289 -0.69756498 0.67003097
vn -0.00000000 -0.74233315 -0.67003097
vn -0.00000000 -0.74233315 0.67003097
vn 0.25389289 -0.69756498 -0.67003097
vn 0.25389289 -0.69756498 0.67003097
vn 0.47716255 -0.56866018 -0.67003097
vn 0.47716255 -0.56866018 0.67003097
vn 0.64287937 -0.37116658 -0.67003097
vn 0.64287937 -0.37116658 0.67003097
vn 0.73105544 -0.12890480 -0.67003097
vn 0.73105544 -0.12890480 0.67003097
vn 0.73105544 0.12890480 -0.67003097
vn 0.73105544 0.12890480 0.67003097
vn 0.64287937 0.37116658 -0.67003097
vn 0.64287937 0.37116658 0.67003097
vn 0.47716255 0.56866018 -0.67003097
vn 0.47716255 0.56866018 0.67003097
vn 0.25389289 0.69756498 -0.67003097
vn 0.25389289 0.69756498 0.67003097
vn 0.00000000 -1.00000000 -0.00000000
vn 0.53064889 -0.84759174 -0.00000000
vn 0.90105209 -0.43371088 -0.00000000
vn 0.99276137 0.12010358 -0.00000000
vn 0.76702122 0.64162173 -0.00000000
vn 0.28800317 0.95762946 -0.00000000
vn -0.28800317 0.95762946 -0.00000000
vn -0.76702122 0.64162173 -0.00000000
vn -0.99276137 0.12010358 -0.00000000
vn -0.90105209 -0.43371088 -0.00000000
vn -0.53064889 -0.84759174 -0.00000000
vn 0.00000000 -0.96858316 -0.24868989
vn 0.53064889 -0.82096309 -0.21078749
vn 0.90105209 -0.42008506 -0.10785951
vn 0.99276137 0.11633031 0.02986855
vn 0.76702122 0.62146400 0.15956484
vn 0.28800317 0.92754377 0.23815276
vn -0.28800317 0.92754377 0.23815276
vn -0.76702122 0.62146400 0.15956484
vn -0.99276137 0.11633031 0.02986855
vn -0.90105209 -0.42008506 -0.10785951
vn -0.53064889 -0.82096309 -0.21078749
vn -0.00000000 -0.87630668 -0.48175367
vn 0.53064889 -0.74275031 -0.40833044
vn 0.90105209 -0.38006374 -0.20894181
vn 0.99276137 0.10524757 0.05786034
vn 0.76702122 0.56225741 0.30910363
vn 0.28800317 0.83917709 0.46134151
vn -0.28800317 0.83917709 0.46134151
vn -0.76702122 0.56225741 0.30910363
vn -0.99276137 0.10524757 0.05786034
vn -0.90105209 -0.38006374 -0.20894181
vn -0.53064889 -0.74275031 -0.40833044
vn 0.00000000 -0.72896863 -0.68454711
vn 0.53064889 -0.61786779 -0.58021647
vn 0.90105209 -0.31616163 -0.29689553
vn 0.99276137 0.08755174 0.08221656
vn 0.76702122 0.46772211 0.43922030
vn 0.28800317 0.69808183 0.65554247
vn -0.28800317 0.69808183 0.65554247
vn -0.76702122 0.46772211 0.43922030
vn -0.99276137 0.08755174 0.08221656
vn -0.90105209 -0.31616163 -0.29689553
vn -0.53064889 -0.61786779 -0.58021647
vn 0.00000000 -0.53582679 -0.84432793
vn 0.53064889 -0.45416237 -0.71564538
vn 0.90105209 -0.23239391 -0.36619421
vn 0.99276137 0.06435472 0.10140681
vn 0.76702122 0.34379811 0.54173914
vn 0.28800317 0.51312352 0.80855329
vn -0.28800317 0.51312352 0.80855329
vn -0.76702122 0.34379811 0.54173914
vn -0.99276137 0.06435472 0.10140681
vn -0.90105209 -0.23239391 -0.36619421
vn -0.53064889 -0.45416237 -0.71564538
vn -0.00000000 -0.30901699 -0.95105652
vn 0.53064889 -0.26192025 -0.80610765
vn 0.90105209 -0.13402403 -0.41248356
vn 0.99276137 0.03711405 0.11422530
vn 0.76702122 0.19827202 0.61021853
vn 0.28800317 0.29592378 0.91075973
vn -0.28800317 0.29592378 0.91075973
vn -0.76702122 0.19827202 0.61021853
vn -0.99276137 0.03711405 0.11422530
vn -0.90105209 -0.13402403 -0.41248356
vn -0.53064889 -0.26192025 -0.80610765
vn -0.00000000 -0.06279052 -0.99802673
vn 0.53064889 -0.05322073 -0.84591921
vn 0.90105209 -0.02723293 -0.43285505
vn 0.99276137 0.00754137 0.11986659
vn 0.76702122 0.04028776 0.64035564
vn 0.28800317 0.06013005 0.95573979
vn -0.28800317 0.06013005 0.95573979
vn -0.76702122 0.04028776 0.64035564
vn -0.99276137 0.00754137 0.11986659
vn -0.90105209 -0.02723293 -0.43285505
vn -0.53064889 -0.05322073 -0.84591921
vn 0.00000000 0.18738131 -0.98228725
vn 0.53064889 0.15882285 -0.83257856
vn 0.90105209 0.08126932 -0.42602867
vn 0.99276137 -0.02250517 0.11797622
vn 0.76702122 -0.12022792 0.63025684
vn 0.28800317 -0.17944187 0.94066721
vn -0.28800317 -0.17944187 0.94066721
vn -0.76702122 -0.12022792 0.63025684
vn -0.99276137 -0.02250517 0.11797622
vn -0.90105209 0.08126932 -0.42602867
vn -0.53064889 0.15882285 -0.83257856
vn 0.00000000 0.42577929 -0.90482705
vn 0.53064889 0.36088701 -0.76692394
vn 0.90105209 0.18466511 -0.39243334
vn 0.99276137 -0.05113762 0.10867297
vn 0.76702122 -0.27318925 0.58055670
vn 0.28800317 -0.40773879 0.86648904
vn -0.28800317 -0.40773879 0.86648904
vn -0.76702122 -0.27318925 0.58055670
vn -0.99276137 -0.05113762 0.10867297
vn -0.90105209 0.18466511 -0.39243334
vn -0.53064889 0.36088701 -0.76692394
vn -0.00000000 0.63742399 -0.77051324
vn 0.53064889 0.54027531 -0.65308066
vn 0.90105209 0.27645772 -0.33417998
vn 0.99276137 -0.07655691 0.09254140
vn 0.76702122 -0.40898508 0.49437804
vn 0.28800317 -0.61041599 0.73786618
vn -0.28800317 -0.61041599 0.73786618
vn -0.76702122 -0.40898508 0.49437804
vn -0.99276137 -0.07655691 0.09254140
vn -0.90105209 0.27645772 -0.33417998
vn -0.53064889 0.54027531 -0.65308066
vn -0.00000000 0.80901699 -0.58778525
vn 0.53064889 0.68571612 -0.49820193
vn 0.90105209 0.35087948 -0.25492886
vn 0.99276137 -0.09716584 0.07059512
vn 0.76702122 -0.51908288 0.37713579
vn 0.28800317 -0.77473850 0.56288047
vn -0.28800317 -0.77473850 0.56288047
vn -0.76702122 -0.51908288 0.37713579
vn -0.99276137 -0.09716584 0.07059512
vn -0.90105209 0.35087948 -0.25492886
vn -0.53064889 0.68571612 -0.49820193
vn 0.00000000 0.92977649 -0.36812455
vn 0.53064889 0.78807087 -0.31201933
vn 0.90105209 0.40325418 -0.15965963
vn 0.99276137 -0.11166949 0.04421308
vn 0.76702122 -0.59656480 0.23619671
vn 0.28800317 -0.89038135 0.35252692
vn -0.28800317 -0.89038135 0.35252692
vn -0.76702122 -0.59656480 0.23619671
vn -0.99276137 -0.11166949 0.04421308
vn -0.90105209 0.40325418 -0.15965963
vn -0.53064889 0.78807087 -0.31201933
vn -0.00000000 0.99211470 -0.12533323
vn 0.53064889 0.84090823 -0.10623141
vn 0.90105209 0.43029094 -0.05435839
vn 0.99276137 -0.11915653 0.01505297
vn 0.76702122 -0.63656235 0.08041653
vn 0.28800317 -0.95007826 0.12002280
vn -0.28800317 -0.95007826 0.12002280
vn -0.76702122 -0.63656235 0.08041653
vn -0.99276137 -0.11915653 0.01505297
vn -0.90105209 0.43029094 -0.05435839
vn -0.53064889 0.84090823 -0.10623141
vn 0.00000000 0.99211470 0.12533323
vn 0.53064889 0.84090823 0.10623141
vn 0.90105209 0.43029094 0.05435839
vn 0.99276137 -0.11915653 -0.01505297
vn 0.76702122 -0.63656235 -0.08041653
vn 0.28800317 -0.95007826 -0.12002280
vn -0.28800317 -0.95007826 -0.12002280
vn -0.76702122 -0.63656235 -0.08041653
vn -0.99276137 -0.11915653 -0.01505297
vn -0.90105209 0.43029094 0.05435839
vn -0.53064889 0.84090823 0.10623141
vn 0.00000000 0.92977649 0.36812455
vn 0.53064889 0.78807087 0.31201933
vn 0.90105209 0.40325418 0.15965963
vn 0.99276137 -0.11166949 -0.04421308
vn 0.76702122 -0.59656480 -0.23619671
vn 0.28800317 -0.89038135 -0.35252692
vn -0.28800317 -0.89038135 -0.35252692
vn -0.76702122 -0.59656480 -0.23619671
vn -0.99276137 -0.11166949 -0.04421308
vn -0.90105209 0.40325418 0.15965963
vn -0.53064889 0.78807087 0.31201933
vn 0.00000000 0.80901699 0.58778525
vn 0.53064889 0.68571612 0.49820193
vn 0.90105209 0.35087948 0.25492886
vn 0.99276137 -0.09716584 -0.07059512
vn 0.76702122 -0.51908288 -0.37713579
vn 0.28800317 -0.77473850 -0.56288047
vn -0.28800317 -0.77473850 -0.56288047
vn -0.76702122 -0.51908288 -0.37713579
vn -0.99276137 -0.09716584 -0.07059512
vn -0.90105209 0.35087948 0.25492886
vn -0.53064889 0.68571612 0.49820193
vn 0.00000000 0.63742399 0.77051324
vn 0.53064889 0.54027531 0.65308066
vn 0.90105209 0.27645772 0.33417998
vn 0.99276137 -0.07655691 -0.09254140
vn 0.76702122 -0.40898508 -0.49437804
vn 0.28800317 -0.61041599 -0.73786618
vn -0.28800317 -0.61041599 -0.73786618
vn -0.76702122 -0.40898508 -0.49437804
vn -0.99276137 -0.07655691 -0.09254140
vn -0.90105209 0.27645772 0.33417998
vn -0.53064889 0.54027531 0.65308066
vn -0.00000000 0.42577929 0.90482705
vn 0.53064889 0.36088701 0.76692394
vn 0.90105209 0.18466511 0.39243334
vn 0.99276137 -0.05113762 -0.10867297
vn 0.76702122 -0.27318925 -0.58055670
vn 0.28800317 -0.40773879 -0.86648904
vn -0.28800317 -0.40773879 -0.86648904
vn -0.76702122 -0.27318925 -0.58055670
vn -0.99276137 -0.05113762 -0.10867297
vn -0.90105209 0.18466511 0.39243334
vn -0.53064889 0.36088701 0.76692394
vn -0.00000000 0.18738131 0.98228725
vn 0.53064889 0.15882285 0.83257856
vn 0.90105209 0.08126932 0.42602867
vn 0.99276137 -0.02250517 -0.11797622
vn 0.76702122 -0.12022792 -0.63025684
vn 0.28800317 -0.17944187 -0.94066721
vn -0.28800317 -0.17944187 -0.94066721
vn -0.76702122 -0.12022792 -0.63025684
vn -0.99276137 -0.02250517 -0.11797622
vn -0.90105209 0.08126932 0.42602867
vn -0.53064889 0.15882285 0.83257856
vn 0.00000000 -0.06279052 0.99802673
vn 0.53064889 -0.05322073 0.84591921
vn 0.90105209 -0.02723293 0.43285505
vn 0.99276137 0.00754137 -0.11986659
vn 0.76702122 0.04028776 -0.64035564
vn 0.28800317 0.06013005 -0.95573979
vn -0.28800317 0.06013005 -0.95573979
vn -0.76702122 0.04028776 -0.64035564
vn -0.99276137 0.00754137 -0.11986659
vn -0.90105209 -0.02723293 0.43285505
vn -0.53064889 -0.05322073 0.84591921
vn 0.00000000 -0.30901699 0.95105652
vn 0.53064889 -0.26192025 0.80610765
vn 0.90105209 -0.13402403 0.41248356
vn 0.99276137 0.03711405 -0.11422530
vn 0.76702122 0.19827202 -0.61021853
vn 0.28800317 0.29592378 -0.91075973
vn -0.28800317 0.29592378 -0.91075973
vn -0.76702122 0.19827202 -0.61021853
vn -0.99276137 0.03711405 -0.11422530
vn -0.90105209 -0.13402403 0.41248356
vn -0.53064889 -0.26192025 0.80610765
vn 0.00000000 -0.53582679 0.84432793
vn 0.53064889 -0.45416237 0.71564538
vn 0.90105209 -0.23239391 0.36619421
vn 0.99276137 0.06435472 -0.10140681
vn 0.76702122 0.34379811 -0.54173914
vn 0.28800317 0.51312352 -0.80855329
vn -0.28800317 0.51312352 -0.80855329
vn -0.76702122 0.34379811 -0.54173914
vn -0.99276137 0.06435472 -0.10140681
vn -0.90105209 -0.23239391 0.36619421
vn -0.53064889 -0.45416237 0.71564538
vn 0.00000000 -0.72896863 0.68454711
vn 0.53064889 -0.61786779 0.58021647
vn 0.90105209 -0.31616163 0.29689553
vn 0.99276137 0.08755174 -0.08221656
vn 0.76702122 0.46772211 -0.43922030
vn 0.28800317 0.69808183 -0.65554247
vn -0.28800317 0.69808183 -0.65554247
vn -0.76702122 0.46772211 -0.43922030
vn -0.99276137 0.08755174 -0.08221656
vn -0.90105209 -0.31616163 0.29689553
vn -0.53064889 -0.61786779 0.58021647
vn -0.00000000 -0.87630668 0.48175367
vn 0.53064889 -0.74275031 0.40833044
vn 0.90105209 -0.38006374 0.20894181
vn 0.99276137 0.10524757 -0.05786034
vn 0.76702122 0.56225741 -0.30910363
vn 0.28800317 0.83917709 -0.46134151
vn -0.28800317 0.83917709 -0.46134151
vn -0.76702122 0.56225741 -0.30910363
vn -0.99276137 0.10524757 -0.05786034
vn -0.90105209 -0.38006374 0.20894181
vn -0.53064889 -0.74275031 0.40833044
vn -0.00000000 -0.96858316 0.24868989
vn 0.53064889 -0.82096309 0.21078749
vn 0.90105209 -0.42008506 0.10785951
vn 0.99276137 0.11633031 -0.02986855
vn 0.76702122 0.62146400 -0.15956484
vn 0.28800317 0.92754377 -0.23815276
vn -0.28800317 0.92754377 -0.23815276
vn -0.76702122 0.62146400 -0.15956484
vn -0.99276137 0.11633031 -0.02986855
vn -0.90105209 -0.42008506 0.10785951
vn -0.53064889 -0.82096309 0.21078749
vn 0.00000000 0.00000000 -1.00000000
vn -0.00000000 0.74233315 -0.67003097
vn -0.00000000 0.74233315 0.67003097
vn 0.00000000 0.00000000 1.00000000
vn -0.25389289 0.69756498 -0.67003097
vn -0.25389289 0.69756498 0.67003097
vn -0.47716255 0.56866018 -0.67003097
vn -0.47716255 0.56866018 0.67003097
vn -0.64287937 0.37116658 -0.67003097
vn -0.64287937 0.37116658 0.67003097
vn -0.73105544 0.12890480 -0.67003097
vn -0.73105544 0.12890480 0.67003097
vn -0.73105544 -0.12890480 -0.67003097
vn -0.73105544 -0.12890480 0.67003097
vn -0.64287937 -0.37116658 -0.67003097
vn -0.64287937 -0.37116658 0.67003097
vn -0.47716255 -0.56866018 -0.67003097
vn -0.47716255 -0.56866018 0.67003097
vn -0.25389289 -0.69756498 -0.67003097
vn -0.25389289 -0.69756498 0.67003097
vn -0.00000000 -0.74233315 -0.67003097
vn -0.00000000 -0.74233315 0.67003097
vn 0.25389289 -0.69756498 -0.67003097
vn 0.25389289 -0.69756498 0.67003097
vn 0.47716255 -0.56866018 -0.67003097
vn 0.47716255 -0.56866018 0.67003097
vn 0.64287937 -0.37116658 -0.67003097
vn 0.64287937 -0.37116658 0.67003097
vn 0.73105544 -0.12890480 -0.67003097
vn 0.73105544 -0.12890480 0.67003097
vn 0.73105544 0.12890480 -0.67003097
vn 0.73105544 0.12890480 0.67003097
vn 0.64287937 0.37116658 -0.67003097
vn 0.64287937 0.37116658 0.67003097
vn 0.47716255 0.56866018 -0.67003097
vn 0.47716255 0.56866018 0.67003097
vn 0.25389289 0.69756498 -0.67003097
vn 0.25389289 0.69756498 0.67003097
vn 0.00000000 -1.00000000 -0.00000000
vn 0.53064889 -0.84759174 -0.00000000
vn 0.90105209 -0.43371088 -0.00000000
vn 0.99276137 0.12010358 -0.00000000
vn 0.76702122 0.64162173 -0.00000000
vn 0.28800317 0.95762946 -0.00000000
vn -0.28800317 0.95762946 0.00000000
vn -0.76702122 0.64162173 -0.00000000
vn -0.99276137 0.12010358 -0.00000000
vn -0.90105209 -0.43371088 -0.00000000
vn -0.53064889 -0.84759174 -0.00000000
vn 0.00000000 -0.96858316 -0.24868989
vn 0.53064889 -0.82096309 -0.21078749
vn 0.90105209 -0.42008506 -0.10785951
vn 0.99276137 0.11633031 0.02986855
vn 0.76702122 0.62146400 0.15956484
vn 0.28800317 0.92754377 0.23815276
vn -0.28800317 0.92754377 0.23815276
vn -0.76702122 0.62146400 0.15956484
vn -0.99276137 0.11633031 0.02986855
vn -0.90105209 -0.42008506 -0.10785951
vn -0.53064889 -0.82096309 -0.21078749
vn -0.00000000 -0.87630668 -0.48175367
vn 0.53064889 -0.74275031 -0.40833044
vn 0.90105209 -0.38006374 -0.20894181
vn 0.99276137 0.10524757 0.05786034
vn 0.76702122 0.56225741 0.30910363
vn 0.28800317 0.83917709 0.46134151
vn -0.28800317 0.83917709 0.46134151
vn -0.76702122 0.56225741 0.30910363
vn -0.99276137 0.10524757 0.05786034
vn -0.90105209 -0.38006374 -0.20894181
vn -0.53064889 -0.74275031 -0.40833044
vn -0.00000000 -0.72896863 -0.68454711
vn 0.53064889 -0.61786779 -0.58021647
vn 0.90105209 -0.31616163 -0.29689553
vn 0.99276137 0.08755174 0.08221656
vn 0.76702122 0.46772211 0.43922030
vn 0.28800317 0.69808183 0.65554247
vn -0.28800317 0.69808183 0.65554247
vn -0.76702122 0.46772211 0.43922030
vn -0.99276137 0.08755174 0.08221656
vn -0.90105209 -0.31616163 -0.29689553
vn -0.53064889 -0.61786779 -0.58021647
vn 0.00000000 -0.53582679 -0.84432793
vn 0.53064889 -0.45416237 -0.71564538
vn 0.90105209 -0.23239391 -0.36619421
vn 0.99276137 0.06435472 0.10140681
vn 0.76702122 0.34379811 0.54173914
vn 0.28800317 0.51312352 0.80855329
vn -0.28800317 0.51312352 0.80855329
vn -0.76702122 0.34379811 0.54173914
vn -0.99276137 0.06435472 0.10140681
vn -0.90105209 -0.23239391 -0.36619421
vn -0.53064889 -0.45416237 -0.71564538
vn -0.00000000 -0.30901699 -0.95105652
vn 0.53064889 -0.26192025 -0.80610765
vn 0.90105209 -0.13402403 -0.41248356
vn 0.99276137 0.03711405 0.11422530
vn 0.76702122 0.19827202 0.61021853
vn 0.28800317 0.29592378 0.91075973
vn -0.28800317 0.29592378 0.91075973
vn -0.76702122 0.19827202 0.61021853
vn -0.99276137 0.03711405 0.11422530
vn -0.90105209 -0.13402403 -0.41248356
vn -0.53064889 -0.26192025 -0.80610765
vn 0.00000000 -0.06279052 -0.99802673
vn 0.53064889 -0.05322073 -0.84591921
vn 0.90105209 -0.02723293 -0.43285505
vn 0.99276137 0.00754137 0.11986659
vn 0.76702122 0.04028776 0.64035564
vn 0.28800317 0.06013005 0.95573979
vn -0.28800317 0.06013005 0.95573979
vn -0.76702122 0.04028776 0.64035564
vn -0.99276137 0.00754137 0.11986659
vn -0.90105209 -0.02723293 -0.43285505
vn -0.53064889 -0.05322073 -0.84591921
vn 0.00000000 0.18738131 -0.98228725
vn 0.53064889 0.15882285 -0.83257856
vn 0.90105209 0.08126932 -0.42602867
vn 0.99276137 -0.02250517 0.11797622
vn 0.76702122 -0.12022792 0.63025684
vn 0.28800317 -0.17944187 0.94066721
vn -0.28800317 -0.17944187 0.94066721
vn -0.76702122 -0.12022792 0.63025684
vn -0.99276137 -0.02250517 0.11797622
vn -0.90105209 0.08126932 -0.42602867
vn -0.53064889 0.15882285 -0.83257856
vn 0.00000000 0.42577929 -0.90482705
vn 0.53064889 0.36088701 -0.76692394
vn 0.90105209 0.18466511 -0.39243334
vn 0.99276137 -0.05113762 0.10867297
vn 0.76702122 -0.27318925 0.58055670
vn 0.28800317 -0.40773879 0.86648904
vn -0.28800317 -0.40773879 0.86648904
vn -0.76702122 -0.27318925 0.58055670
vn -0.99276137 -0.05113762 0.10867297
vn -0.90105209 0.18466511 -0.39243334
vn -0.53064889 0.36088701 -0.76692394
vn -0.00000000 0.63742399 -0.77051324
vn 0.53064889 0.54027531 -0.65308066
vn 0.90105209 0.27645772 -0.33417998
vn 0.99276137 -0.07655691 0.09254140
vn 0.76702122 -0.40898508 0.49437804
vn 0.28800317 -0.61041599 0.73786618
vn -0.28800317 -0.61041599 0.73786618
vn -0.76702122 -0.40898508 0.49437804
vn -0.99276137 -0.07655691 0.09254140
vn -0.90105209 0.27645772 -0.33417998
vn -0.53064889 0.54027531 -0.65308066
vn -0.00000000 0.80901699 -0.58778525
vn 0.53064889 0.68571612 -0.49820193
vn 0.90105209 0.35087948 -0.25492886
vn 0.99276137 -0.09716584 0.07059512
vn 0.76702122 -0.51908288 0.37713579
vn 0.28800317 -0.77473850 0.56288047
vn -0.28800317 -0.77473850 0.56288047
vn -0.76702122 -0.51908288 0.37713579
vn -0.99276137 -0.09716584 0.07059512
vn -0.90105209 0.35087948 -0.25492886
vn -0.53064889 0.68571612 -0.49820193
vn 0.00000000 0.92977649 -0.36812455
vn 0.53064889 0.78807087 -0.31201933
vn 0.90105209 0.40325418 -0.15965963
vn 0.99276137 -0.11166949 0.04421308
vn 0.76702122 -0.59656480 0.23619671
vn 0.28800317 -0.89038135 0.35252692
vn -0.28800317 -0.89038135 0.35252692
vn -0.76702122 -0.59656480 0.23619671
vn -0.99276137 -0.11166949 0.04421308
vn -0.90105209 0.40325418 -0.15965963
vn -0.53064889 0.78807087 -0.31201933
vn 0.00000000 0.99211470 -0.12533323
vn 0.53064889 0.84090823 -0.10623141
vn 0.90105209 0.43029094 -0.05435839
vn 0.99276137 -0.11915653 0.01505297
vn 0.76702122 -0.63656235 0.08041653
vn 0.28800317 -0.95007826 0.12002280
vn -0.28800317 -0.95007826 0.12002280
vn -0.76702122 -0.63656235 0.08041653
vn -0.99276137 -0.11915653 0.01505297
vn -0.90105209 0.43029094 -0.05435839
vn -0.53064889 0.84090823 -0.10623141
vn 0.00000000 0.99211470 0.12533323
vn 0.53064889 0.84090823 0.10623141
vn 0.90105209 0.43029094 0.05435839
vn 0.99276137 -0.11915653 -0.01505297
vn 0.76702122 -0.63656235 -0.08041653
vn 0.28800317 -0.95007826 -0.12002280
vn -0.28800317 -0.95007826 -0.12002280
vn -0.76702122 -0.63656235 -0.08041653
vn -0.99276137 -0.11915653 -0.01505297
vn -0.90105209 0.43029094 0.05435839
vn -0.53064889 0.84090823 0.10623141
vn 0.00000000 0.92977649 0.36812455
vn 0.53064889 0.78807087 0.31201933
vn 0.90105209 0.40325418 0.15965963
vn 0.99276137 -0.11166949 -0.04421308
vn 0.76702122 -0.59656480 -0.23619671
vn 0.28800317 -0.89038135 -0.35252692
vn -0.28800317 -0.89038135 -0.35252692
vn -0.76702122 -0.59656480 -0.23619671
vn -0.99276137 -0.11166949 -0.04421308
vn -0.90105209 0.40325418 0.15965963
vn -0.53064889 0.78807087 0.31201933
vn -0.00000000 0.80901699 0.58778525
vn 0.53064889 0.68571612 0.49820193
vn 0.90105209 0.35087948 0.25492886
vn 0.99276137 -0.09716584 -0.07059512
vn 0.76702122 -0.51908288 -0.37713579
vn 0.28800317 -0.77473850 -0.56288047
vn -0.28800317 -0.77473850 -0.56288047
vn -0.76702122 -0.51908288 -0.37713579
vn -0.99276137 -0.09716584 -0.07059512
vn -0.90105209 0.35087948 0.25492886
vn -0.53064889 0.68571612 0.49820193
vn -0.00000000 0.63742399 0.77051324
vn 0.53064889 0.54027531 0.65308066
vn 0.90105209 0.27645772 0.33417998
vn 0.99276137 -0.07655691 -0.09254140
vn 0.76702122 -0.40898508 -0.49437804
vn 0.28800317 -0.61041599 -0.73786618
vn -0.28800317 -0.61041599 -0.73786618
vn -0.76702122 -0.40898508 -0.49437804
vn -0.99276137 -0.07655691 -0.09254140
vn -0.90105209 0.27645772 0.33417998
vn -0.53064889 0.54027531 0.65308066
vn 0.00000000 0.42577929 0.90482705
vn 0.53064889 0.36088701 0.76692394
vn 0.90105209 0.18466511 0.39243334
vn 0.99276137 -0.05113762 -0.10867297
vn 0.76702122 -0.27318925 -0.58055670
vn 0.28800317 -0.40773879 -0.86648904
vn -0.28800317 -0.40773879 -0.86648904
vn -0.76702122 -0.27318925 -0.58055670
vn -0.99276137 -0.05113762 -0.10867297
vn -0.90105209 0.18466511 0.39243334
vn -0.53064889 0.36088701 0.76692394
vn 0.00000000 0.18738131 0.98228725
vn 0.53064889 0.15882285 0.83257856
vn 0.90105209 0.08126932 0.42602867
vn 0.99276137 -0.02250517 -0.11797622
vn 0.76702122 -0.12022792 -0.63025684
vn 0.28800317 -0.17944187 -0.94066721
vn -0.28800317 -0.17944187 -0.94066721
vn -0.76702122 -0.12022792 -0.63025684
vn -0.99276137 -0.02250517 -0.11797622
vn -0.90105209 0.08126932 0.42602867
vn -0.53064889 0.15882285 0.83257856
vn 0.00000000 -0.06279052 0.99802673
vn 0.53064889 -0.05322073 0.84591921
vn 0.90105209 -0.02723293 0.43285505
vn 0.99276137 0.00754137 -0.11986659
vn 0.76702122 0.04028776 -0.64035564
vn 0.28800317 0.06013005 -0.95573979
vn -0.28800317 0.06013005 -0.95573979
vn -0.76702122 0.04028776 -0.64035564
vn -0.99276137 0.00754137 -0.11986659
vn -0.90105209 -0.02723293 0.43285505
vn -0.53064889 -0.05322073 0.84591921
vn -0.00000000 -0.30901699 0.95105652
vn 0.53064889 -0.26192025 0.80610765
vn 0.90105209 -0.13402403 0.41248356
vn 0.99276137 0.03711405 -0.11422530
vn 0.76702122 0.19827202 -0.61021853
vn 0.28800317 0.29592378 -0.91075973
vn -0.28800317 0.29592378 -0.91075973
vn -0.76702122 0.19827202 -0.61021853
vn -0.99276137 0.03711405 -0.11422530
vn -0.90105209 -0.13402403 0.41248356
vn -0.53064889 -0.26192025 0.80610765
vn 0.00000000 -0.53582679 0.84432793
vn 0.53064889 -0.45416237 0.71564538
vn 0.90105209 -0.23239391 0.36619421
vn 0.99276137 0.06435472 -0.10140681
vn 0.76702122 0.34379811 -0.54173914
vn 0.28800317 0.51312352 -0.80855329
vn -0.28800317 0.51312352 -0.80855329
vn -0.76702122 0.34379811 -0.54173914
vn -0.99276137 0.06435472 -0.10140681
vn -0.90105209 -0.23239391 0.36619421
vn -0.53064889 -0.45416237 0.71564538
vn 0.00000000 -0.72896863 0.68454711
vn 0.53064889 -0.61786779 0.58021647
vn 0.90105209 -0.31616163 0.29689553
vn 0.99276137 0.08755174 -0.08221656
vn 0.76702122 0.46772211 -0.43922030
vn 0.28800317 0.69808183 -0.65554247
vn -0.28800317 0.69808183 -0.65554247
vn -0.76702122 0.46772211 -0.43922030
vn -0.99276137 0.08755174 -0.08221656
vn -0.90105209 -0.31616163 0.29689553
vn -0.53064889 -0.61786779 0.58021647
vn 0.00000000 -0.87630668 0.48175367
vn 0.53064889 -0.74275031 0.40833044
vn 0.90105209 -0.38006374 0.20894181
vn 0.99276137 0.10524757 -0.05786034
vn 0.76702122 0.56225741 -0.30910363
vn 0.28800317 0.83917709 -0.46134151
vn -0.28800317 0.83917709 -0.46134151
vn -0.76702122 0.56225741 -0.30910363
vn -0.99276137 0.10524757 -0.05786034
vn -0.90105209 -0.38006374 0.20894181
vn -0.53064889 -0.74275031 0.40833044
vn -0.00000000 -0.96858316 0.24868989
vn 0.53064889 -0.82096309 0.21078749
vn 0.90105209 -0.42008506 0.10785951
vn 0.99276137 0.11633031 -0.02986855
vn 0.76702122 0.62146400 -0.15956484
vn 0.28800317 0.92754377 -0.23815276
vn -0.28800317 0.92754377 -0.23815276
vn -0.76702122 0.62146400 -0.15956484
vn -0.99276137 0.11633031 -0.02986855
vn -0.90105209 -0.42008506 0.10785951
vn -0.53064889 -0.82096309 0.21078749
vn 0.00000000 0.00000000 -1.00000000
vn -0.00000000 0.74233315 -0.67003097
vn -0.00000000 0.74233315 0.67003097
vn 0.00000000 0.00000000 1.00000000
vn -0.25389289 0.69756498 -0.67003097
vn -0.25389289 0.69756498 0.67003097
vn -0.47716255 0.56866018 -0.67003097
vn -0.47716255 0.56866018 0.67003097
vn -0.64287937 0.37116658 -0.67003097
vn -0.64287937 0.37116658 0.67003097
vn -0.73105544 0.12890480 -0.67003097
vn -0.73105544 0.12890480 0.67003097
vn -0.73105544 -0.12890480 -0.67003097
vn -0.73105544 -0.12890480 0.67003097
vn -0.64287937 -0.37116658 -0.67003097
vn -0.64287937 -0.37116658 0.67003097
vn -0.47716255 -0.56866018 -0.67003097
vn -0.47716255 -0.56866018 0.67003097
vn -0.25389289 -0.69756498 -0.67003097
vn -0.25389289 -0.69756498 0.67003097
vn -0.00000000 -0.74233315 -0.67003097
vn -0.00000000 -0.74233315 0.67003097
vn 0.25389289 -0.69756498 -0.67003097
vn 0.25389289 -0.69756498 0.67003097
vn 0.47716255 -0.56866018 -0.67003097
vn 0.47716255 -0.56866018 0.67003097
vn 0.64287937 -0.37116658 -0.67003097
vn 0.64287937 -0.37116658 0.67003097
vn 0.73105544 -0.12890480 -0.67003097
vn 0.73105544 -0.12890480 0.67003097
vn 0.73105544 0.12890480 -0.67003097
vn 0.73105544 0.12890480 0.67003097
vn 0.64287937 0.37116658 -0.67003097
vn 0.64287937 0.37116658 0.67003097
vn 0.47716255 0.56866018 -0.67003097
vn 0.47716255 0.56866018 0.67003097
vn 0.25389289 0.69756498 -0.67003097
vn 0.25389289 0.69756498 0.67003097
vn 0.00000000 -1.00000000 -0.00000000
vn 0.53064889 -0.84759174 -0.00000000
vn 0.90105209 -0.43371088 -0.00000000
vn 0.99276137 0.12010358 -0.00000000
vn 0.76702122 0.64162173 -0.00000000
vn 0.28800317 0.95762946 -0.00000000
vn -0.28800317 0.95762946 0.00000000
vn -0.76702122 0.64162173 -0.00000000
vn -0.99276137 0.12010358 -0.00000000
vn -0.90105209 -0.43371088 -0.00000000
vn -0.53064889 -0.84759174 -0.00000000
vn 0.00000000 -0.96858316 -0.24868989
vn 0.53064889 -0.82096309 -0.21078749
vn 0.90105209 -0.42008506 -0.10785951
vn 0.99276137 0.11633031 0.02986855
vn 0.76702122 0.62146400 0.15956484
vn 0.28800317 0.92754377 0.23815276
vn -0.28800317 0.92754377 0.23815276
vn -0.76702122 0.62146400 0.15956484
vn -0.99276137 0.11633031 0.02986855
vn -0.90105209 -0.42008506 -0.10785951
vn -0.53064889 -0.82096309 -0.21078749
vn -0.00000000 -0.87630668 -0.48175367
vn 0.53064889 -0.74275031 -0.40833044
vn 0.90105209 -0.38006374 -0.20894181
vn 0.99276137 0.10524757 0.05786034
vn 0.76702122 0.56225741 0.30910363
vn 0.28800317 0.83917709 0.46134151
vn -0.28800317 0.83917709 0.46134151
vn -0.76702122 0.56225741 0.30910363
vn -0.99276137 0.10524757 0.05786034
vn -0.90105209 -0.38006374 -0.20894181
vn -0.53064889 -0.74275031 -0.40833044
vn -0.00000000 -0.72896863 -0.68454711
vn 0.53064889 -0.61786779 -0.58021647
vn 0.90105209 -0.31616163 -0.29689553
vn 0.99276137 0.08755174 0.08221656
vn 0.76702122 0.46772211 0.43922030
vn 0.28800317 0.69808183 0.65554247
vn -0.28800317 0.69808183 0.65554247
vn -0.76702122 0.46772211 0.43922030
vn -0.99276137 0.08755174 0.08221656
vn -0.90105209 -0.31616163 -0.29689553
vn -0.53064889 -0.61786779 -0.58021647
vn 0.00000000 -0.53582679 -0.84432793
vn 0.53064889 -0.45416237 -0.71564538
vn 0.90105209 -0.23239391 -0.36619421
vn 0.99276137 0.06435472 0.10140681
vn 0.76702122 0.34379811 0.54173914
vn 0.28800317 0.51312352 0.80855329
vn -0.28800317 0.51312352 0.80855329
vn -0.76702122 0.34379811 0.54173914
vn -0.99276137 0.06435472 0.10140681
vn -0.90105209 -0.23239391 -0.36619421
vn -0.53064889 -0.45416237 -0.71564538
vn -0.00000000 -0.30901699 -0.95105652
vn 0.53064889 -0.26192025 -0.80610765
vn 0.90105209 -0.13402403 -0.41248356
vn 0.99276137 0.03711405 0.11422530
vn 0.76702122 0.19827202 0.61021853
vn 0.28800317 0.29592378 0.91075973
vn -0.28800317 0.29592378 0.91075973
vn -0.76702122 0.19827202 0.61021853
vn -0.99276137 0.03711405 0.11422530
vn -0.90105209 -0.13402403 -0.41248356
vn -0.53064889 -0.26192025 -0.80610765
vn 0.00000000 -0.06279052 -0.99802673
vn 0.53064889 -0.05322073 -0.84591921
vn 0.90105209 -0.02723293 -0.43285505
vn 0.99276137 0.00754137 0.11986659
vn 0.76702122 0.04028776 0.64035564
vn 0.28800317 0.06013005 0.95573979
vn -0.28800317 0.06013005 0.95573979
vn -0.76702122 0.04028776 0.64035564
vn -0.99276137 0.00754137 0.11986659
vn -0.90105209 -0.02723293 -0.43285505
vn -0.53064889 -0.05322073 -0.84591921
vn 0.00000000 0.18738131 -0.98228725
vn 0.53064889 0.15882285 -0.83257856
vn 0.90105209 0.08126932 -0.42602867
vn 0.99276137 -0.02250517 0.11797622
vn 0.76702122 -0.12022792 0.63025684
vn 0.28800317 -0.17944187 0.94066721
vn -0.28800317 -0.17944187 0.94066721
vn -0.76702122 -0.12022792 0.63025684
vn -0.99276137 -0.02250517 0.11797622
vn -0.90105209 0.08126932 -0.42602867
vn -0.53064889 0.15882285 -0.83257856
vn 0.00000000 0.42577929 -0.90482705
vn 0.53064889 0.36088701 -0.76692394
vn 0.90105209 0.18466511 -0.39243334
vn 0.99276137 -0.05113762 0.10867297
vn 0.76702122 -0.27318925 0.58055670
vn 0.28800317 -0.40773879 0.86648904
vn -0.28800317 -0.40773879 0.86648904
vn -0.76702122 -0.27318925 0.58055670
vn -0.99276137 -0.05113762 0.10867297
vn -0.90105209 0.18466511 -0.39243334
vn -0.53064889 0.36088701 -0.76692394
vn -0.00000000 0.63742399 -0.77051324
vn 0.53064889 0.54027531 -0.65308066
vn 0.90105209 0.27645772 -0.33417998
vn 0.99276137 -0.07655691 0.09254140
vn 0.76702122 -0.40898508 0.49437804
vn 0.28800317 -0.61041599 0.73786618
vn -0.28800317 -0.61041599 0.73786618
vn -0.76702122 -0.40898508 0.49437804
vn -0.99276137 -0.07655691 0.09254140
vn -0.90105209 0.27645772 -0.33417998
vn -0.53064889 0.54027531 -0.65308066
vn -0.00000000 0.80901699 -0.58778525
vn 0.53064889 0.68571612 -0.49820193
vn 0.90105209 0.35087948 -0.25492886
vn 0.99276137 -0.09716584 0.07059512
vn 0.76702122 -0.51908288 0.37713579
vn 0.28800317 -0.77473850 0.56288047
vn -0.28800317 -0.77473850 0.56288047
vn -0.76702122 -0.51908288 0.37713579
vn -0.99276137 -0.09716584 0.07059512
vn -0.90105209 0.35087948 -0.25492886
vn -0.53064889 0.68571612 -0.49820193
vn 0.00000000 0.92977649 -0.36812455
vn 0.53064889 0.78807087 -0.31201933
vn 0.90105209 0.40325418 -0.15965963
vn 0.99276137 -0.11166949 0.04421308
vn 0.76702122 -0.59656480 0.23619671
vn 0.28800317 -0.89038135 0.35252692
vn -0.28800317 -0.89038135 0.35252692
vn -0.76702122 -0.59656480 0.23619671
vn -0.99276137 -0.11166949 0.04421308
vn -0.90105209 0.40325418 -0.15965963
vn -0.53064889 0.78807087 -0.31201933
vn 0.00000000 0.99211470 -0.12533323
vn 0.53064889 0.84090823 -0.10623141
vn 0.90105209 0.43029094 -0.05435839
vn 0.99276137 -0.11915653 0.01505297
vn 0.76702122 -0.63656235 0.08041653
vn 0.28800317 -0.95007826 0.12002280
vn -0.28800317 -0.95007826 0.12002280
vn -0.76702122 -0.63656235 0.08041653
vn -0.99276137 -0.11915653 0.01505297
vn -0.90105209 0.43029094 -0.05435839
vn -0.53064889 0.84090823 -0.10623141
vn 0.00000000 0.99211470 0.12533323
vn 0.53064889 0.84090823 0.10623141
vn 0.90105209 0.43029094 0.05435839
vn 0.99276137 -0.11915653 -0.01505297
vn 0.76702122 -0.63656235 -0.08041653
vn 0.28800317 -0.95007826 -0.12002280
vn -0.28800317 -0.95007826 -0.12002280
vn -0.76702122 -0.63656235 -0.08041653
vn -0.99276137 -0.11915653 -0.01505297
vn -0.90105209 0.43029094 0.05435839
vn -0.53064889 0.84090823 0.10623141
vn 0.00000000 0.92977649 0.36812455
vn 0.53064889 0.78807087 0.31201933
vn 0.90105209 0.40325418 0.15965963
vn 0.99276137 -0.11166949 -0.04421308
vn 0.76702122 -0.59656480 -0.23619671
vn 0.28800317 -0.89038135 -0.35252692
vn -0.28800317 -0.89038135 -0.35252692
vn -0.76702122 -0.59656480 -0.23619671
vn -0.99276137 -0.11166949 -0.04421308
vn -0.90105209 0.40325418 0.15965963
vn -0.53064889 0.78807087 0.31201933
vn -0.00000000 0.80901699 0.58778525
vn 0.53064889 0.68571612 0.49820193
vn 0.90105209 0.35087948 0.25492886
vn 0.99276137 -0.09716584 -0.07059512
vn 0.76702122 -0.51908288 -0.37713579
vn 0.28800317 -0.77473850 -0.56288047
vn -0.28800317 -0.77473850 -0.56288047
vn -0.76702122 -0.51908288 -0.37713579
vn -0.99276137 -0.09716584 -0.07059512
vn -0.90105209 0.35087948 0.25492886
vn -0.53064889 0.68571612 0.49820193
vn -0.00000000 0.63742399 0.77051324
vn 0.53064889 0.54027531 0.65308066
vn 0.90105209 0.27645772 0.33417998
vn 0.99276137 -0.07655691 -0.09254140
vn 0.76702122 -0.40898508 -0.49437804
vn 0.28800317 -0.61041599 -0.73786618
vn -0.28800317 -0.61041599 -0.73786618
vn -0.76702122 -0.40898508 -0.49437804
vn -0.99276137 -0.07655691 -0.09254140
vn -0.90105209 0.27645772 0.33417998
vn -0.53064889 0.54027531 0.65308066
vn 0.00000000 0.42577929 0.90482705
vn 0.53064889 0.36088701 0.76692394
vn 0.90105209 0.18466511 0.39243334
vn 0.99276137 -0.05113762 -0.10867297
vn 0.76702122 -0.27318925 -0.58055670
vn 0.28800317 -0.40773879 -0.86648904
vn -0.28800317 -0.40773879 -0.86648904
vn -0.76702122 -0.27318925 -0.58055670
vn -0.99276137 -0.05113762 -0.10867297
vn -0.90105209 0.18466511 0.39243334
vn -0.53064889 0.36088701 0.76692394
vn 0.00000000 0.18738131 0.98228725
vn 0.53064889 0.15882285 0.83257856
vn 0.90105209 0.08126932 0.42602867
vn 0.99276137 -0.02250517 -0.11797622
vn 0.76702122 -0.12022792 -0.63025684
vn 0.28800317 -0.17944187 -0.94066721
vn -0.28800317 -0.17944187 -0.94066721
vn -0.76702122 -0.12022792 -0.63025684
vn -0.99276137 -0.02250517 -0.11797622
vn -0.90105209 0.08126932 0.42602867
vn -0.53064889 0.15882285 0.83257856
vn 0.00000000 -0.06279052 0.99802673
vn 0.53064889 -0.05322073 0.84591921
vn 0.90105209 -0.02723293 0.43285505
vn 0.99276137 0.00754137 -0.11986659
vn 0.76702122 0.04028776 -0.64035564
vn 0.28800317 0.06013005 -0.95573979
vn -0.28800317 0.06013005 -0.95573979
vn -0.76702122 0.04028776 -0.64035564
vn -0.99276137 0.00754137 -0.11986659
vn -0.90105209 -0.02723293 0.43285505
vn -0.53064889 -0.05322073 0.84591921
vn -0.00000000 -0.30901699 0.95105652
vn 0.53064889 -0.26192025 0.80610765
vn 0.90105209 -0.13402403 0.41248356
vn 0.99276137 0.03711405 -0.11422530
vn 0.76702122 0.19827202 -0.61021853
vn 0.28800317 0.29592378 -0.91075973
vn -0.28800317 0.29592378 -0.91075973
vn -0.76702122 0.19827202 -0.61021853
vn -0.99276137 0.03711405 -0.11422530
vn -0.90105209 -0.13402403 0.41248356
vn -0.53064889 -0.26192025 0.80610765
vn 0.00000000 -0.53582679 0.84432793
vn 0.53064889 -0.45416237 0.71564538
vn 0.90105209 -0.23239391 0.36619421
vn 0.99276137 0.06435472 -0.10140681
vn 0.76702122 0.34379811 -0.54173914
vn 0.28800317 0.51312352 -0.80855329
vn -0.28800317 0.51312352 -0.80855329
vn -0.76702122 0.34379811 -0.54173914
vn -0.99276137 0.06435472 -0.10140681
vn -0.90105209 -0.23239391 0.36619421
vn -0.53064889 -0.45416237 0.71564538
vn 0.00000000 -0.72896863 0.68454711
vn 0.53064889 -0.61786779 0.58021647
vn 0.90105209 -0.31616163 0.29689553
vn 0.99276137 0.08755174 -0.08221656
vn 0.76702122 0.46772211 -0.43922030
vn 0.28800317 0.69808183 -0.65554247
vn -0.28800317 0.69808183 -0.65554247
vn -0.76702122 0.46772211 -0.43922030
vn -0.99276137 0.08755174 -0.08221656
vn -0.90105209 -0.31616163 0.29689553
vn -0.53064889 -0.61786779 0.58021647
vn 0.00000000 -0.87630668 0.48175367
vn 0.53064889 -0.74275031 0.40833044
vn 0.90105209 -0.38006374 0.20894181
vn 0.99276137 0.10524757 -0.05786034
vn 0.76702122 0.56225741 -0.30910363
vn 0.28800317 0.83917709 -0.46134151
vn -0.28800317 0.83917709 -0.46134151
vn -0.76702122 0.56225741 -0.30910363
vn -0.99276137 0.10524757 -0.05786034
vn -0.90105209 -0.38006374 0.20894181
vn -0.53064889 -0.74275031 0.40833044
vn -0.00000000 -0.96858316 0.24868989
vn 0.53064889 -0.82096309 0.21078749
vn 0.90105209 -0.42008506 0.10785951
vn 0.99276137 0.11633031 -0.02986855
vn 0.76702122 0.62146400 -0.15956484
vn 0.28800317 0.92754377 -0.23815276
vn -0.28800317 0.92754377 -0.23815276
vn -0.76702122 0.62146400 -0.15956484
vn -0.99276137 0.11633031 -0.02986855
vn -0.90105209 -0.42008506 0.10785951
vn -0.53064889 -0.82096309 0.21078749
vn 0.00000000 0.00000000 -1.00000000
vn -0.00000000 0.74233315 -0.67003097
vn -0.00000000 0.74233315 0.67003097
vn 0.00000000 0.00000000 1.00000000
vn -0.25389289 0.69756498 -0.67003097
vn -0.25389289 0.69756498 0.67003097
vn -0.47716255 0.56866018 -0.67003097
vn -0.47716255 0.56866018 0.67003097
vn -0.64287937 0.37116658 -0.67003097
vn -0.64287937 0.37116658 0.67003097
vn -0.73105544 0.12890480 -0.67003097
vn -0.73105544 0.12890480 0.67003097
vn -0.73105544 -0.12890480 -0.67003097
vn -0.73105544 -0.12890480 0.67003097
vn -0.64287937 -0.37116658 -0.67003097
vn -0.64287937 -0.37116658 0.67003097
vn -0.47716255 -0.56866018 -0.67003097
vn -0.47716255 -0.56866018 0.67003097
vn -0.25389289 -0.69756498 -0.67003097
vn -0.25389289 -0.69756498 0.67003097
vn -0.00000000 -0.74233315 -0.67003097
vn -0.00000000 -0.74233315 0.67003097
vn 0.25389289 -0.69756498 -0.67003097
vn 0.25389289 -0.69756498 0.67003097
vn 0.47716255 -0.56866018 -0.67003097
vn 0.47716255 -0.56866018 0.67003097
vn 0.64287937 -0.37116658 -0.67003097
vn 0.64287937 -0.37116658 0.67003097
vn 0.73105544 -0.12890480 -0.67003097
vn 0.73105544 -0.12890480 0.67003097
vn 0.73105544 0.12890480 -0.67003097
vn 0.73105544 0.12890480 0.67003097
vn 0.64287937 0.37116658 -0.67003097
vn 0.64287937 0.37116658 0.67003097
vn 0.47716255 0.56866018 -0.67003097
vn 0.47716255 0.56866018 0.67003097
vn 0.25389289 0.69756498 -0.67003097
vn 0.25389289 0.69756498 0.67003097
vn 0.00000000 -1.00000000 -0.00000000
vn 0.53064889 -0.84759174 -0.00000000
vn 0.90105209 -0.43371088 -0.00000000
vn 0.99276137 0.12010358 -0.00000000
vn 0.76702122 0.64162173 -0.00000000
vn 0.28800317 0.95762946 -0.00000000
vn -0.28800317 0.95762946 -0.00000000
vn -0.76702122 0.64162173 -0.00000000
vn -0.99276137 0.12010358 -0.00000000
vn -0.90105209 -0.43371088 -0.00000000
vn -0.53064889 -0.84759174 -0.00000000
vn -0.00000000 -0.96858316 -0.24868989
vn 0.53064889 -0.82096309 -0.21078749
vn 0.90105209 -0.42008506 -0.10785951
vn 0.99276137 0.11633031 0.02986855
vn 0.76702122 0.62146400 0.15956484
vn 0.28800317 0.92754377 0.23815276
vn -0.28800317 0.92754377 0.23815276
vn -0.76702122 0.62146400 0.15956484
vn -0.99276137 0.11633031 0.02986855
vn -0.90105209 -0.42008506 -0.10785951
vn -0.53064889 -0.82096309 -0.21078749
vn -0.00000000 -0.87630668 -0.48175367
vn 0.53064889 -0.74275031 -0.40833044
vn 0.90105209 -0.38006374 -0.20894181
vn 0.99276137 0.10524757 0.05786034
vn 0.76702122 0.56225741 0.30910363
vn 0.28800317 0.83917709 0.46134151
vn -0.28800317 0.83917709 0.46134151
vn -0.76702122 0.56225741 0.30910363
vn -0.99276137 0.10524757 0.05786034
vn -0.90105209 -0.38006374 -0.20894181
vn -0.53064889 -0.74275031 -0.40833044
vn -0.00000000 -0.72896863 -0.68454711
vn 0.53064889 -0.61786779 -0.58021647
vn 0.90105209 -0.31616163 -0.29689553
vn 0.99276137 0.08755174 0.08221656
vn 0.76702122 0.46772211 0.43922030
vn 0.28800317 0.69808183 0.65554247
vn -0.28800317 0.69808183 0.65554247
vn -0.76702122 0.46772211 0.43922030
vn -0.99276137 0.08755174 0.08221656
vn -0.90105209 -0.31616163 -0.29689553
vn -0.53064889 -0.61786779 -0.58021647
vn 0.00000000 -0.53582679 -0.84432793
vn 0.53064889 -0.45416237 -0.71564538
vn 0.90105209 -0.23239391 -0.36619421
vn 0.99276137 0.06435472 0.10140681
vn 0.76702122 0.34379811 0.54173914
vn 0.28800317 0.51312352 0.80855329
vn -0.28800317 0.51312352 0.80855329
vn -0.76702122 0.34379811 0.54173914
vn -0.99276137 0.06435472 0.10140681
vn -0.90105209 -0.23239391 -0.36619421
vn -0.53064889 -0.45416237 -0.71564538
vn 0.00000000 -0.30901699 -0.95105652
vn 0.53064889 -0.26192025 -0.80610765
vn 0.90105209 -0.13402403 -0.41248356
vn 0.99276137 0.03711405 0.11422530
vn 0.76702122 0.19827202 0.61021853
vn 0.28800317 0.29592378 0.91075973
vn -0.28800317 0.29592378 0.91075973
vn -0.76702122 0.19827202 0.61021853
vn -0.99276137 0.03711405 0.11422530
vn -0.90105209 -0.13402403 -0.41248356
vn -0.53064889 -0.26192025 -0.80610765
vn -0.00000000 -0.06279052 -0.99802673
vn 0.53064889 -0.05322073 -0.84591921
vn 0.90105209 -0.02723293 -0.43285505
vn 0.99276137 0.00754137 0.11986659
vn 0.76702122 0.04028776 0.64035564
vn 0.28800317 0.06013005 0.95573979
vn -0.28800317 0.06013005 0.95573979
vn -0.76702122 0.04028776 0.64035564
vn -0.99276137 0.00754137 0.11986659
vn -0.90105209 -0.02723293 -0.43285505
vn -0.53064889 -0.05322073 -0.84591921
vn -0.00000000 0.18738131 -0.98228725
vn 0.53064889 0.15882285 -0.83257856
vn 0.90105209 0.08126932 -0.42602867
vn 0.99276137 -0.02250517 0.11797622
vn 0.76702122 -0.12022792 0.63025684
vn 0.28800317 -0.17944187 0.94066721
vn -0.28800317 -0.17944187 0.94066721
vn -0.76702122 -0.12022792 0.63025684
vn -0.99276137 -0.02250517 0.11797622
vn -0.90105209 0.08126932 -0.42602867
vn -0.53064889 0.15882285 -0.83257856
vn -0.00000000 0.42577929 -0.90482705
vn 0.53064889 0.36088701 -0.76692394
vn 0.90105209 0.18466511 -0.39243334
vn 0.99276137 -0.05113762 0.10867297
vn 0.76702122 -0.27318925 0.58055670
vn 0.28800317 -0.40773879 0.86648904
vn -0.28800317 -0.40773879 0.86648904
vn -0.76702122 -0.27318925 0.58055670
vn -0.99276137 -0.05113762 0.10867297
vn -0.90105209 0.18466511 -0.39243334
vn -0.53064889 0.36088701 -0.76692394
vn 0.00000000 0.63742399 -0.77051324
vn 0.53064889 0.54027531 -0.65308066
vn 0.90105209 0.27645772 -0.33417998
vn 0.99276137 -0.07655691 0.09254140
vn 0.76702122 -0.40898508 0.49437804
vn 0.28800317 -0.61041599 0.73786618
vn -0.28800317 -0.61041599 0.73786618
vn -0.76702122 -0.40898508 0.49437804
vn -0.99276137 -0.07655691 0.09254140
vn -0.90105209 0.27645772 -0.33417998
vn -0.53064889 0.54027531 -0.65308066
vn 0.00000000 0.80901699 -0.58778525
vn 0.53064889 0.68571612 -0.49820193
vn 0.90105209 0.35087948 -0.25492886
vn 0.99276137 -0.09716584 0.07059512
vn 0.76702122 -0.51908288 0.37713579
vn 0.28800317 -0.77473850 0.56288047
vn -0.28800317 -0.77473850 0.56288047
vn -0.76702122 -0.51908288 0.37713579
vn -0.99276137 -0.09716584 0.07059512
vn -0.90105209 0.35087948 -0.25492886
vn -0.53064889 0.68571612 -0.49820193
vn -0.00000000 0.92977649 -0.36812455
vn 0.53064889 0.78807087 -0.31201933
vn 0.90105209 0.40325418 -0.15965963
vn 0.99276137 -0.11166949 0.04421308
vn 0.76702122 -0.59656480 0.23619671
vn 0.28800317 -0.89038135 0.35252692
vn -0.28800317 -0.89038135 0.35252692
vn -0.76702122 -0.59656480 0.23619671
vn -0.99276137 -0.11166949 0.04421308
vn -0.90105209 0.40325418 -0.15965963
vn -0.53064889 0.78807087 -0.31201933
vn -0.00000000 0.99211470 -0.12533323
vn 0.53064889 0.84090823 -0.10623141
vn 0.90105209 0.43029094 -0.05435839
vn 0.99276137 -0.11915653 0.01505297
vn 0.76702122 -0.63656235 0.08041653
vn 0.28800317 -0.95007826 0.12002280
vn -0.28800317 -0.95007826 0.12002280
vn -0.76702122 -0.63656235 0.08041653
vn -0.99276137 -0.11915653 0.01505297
vn -0.90105209 0.43029094 -0.05435839
vn -0.53064889 0.84090823 -0.10623141
vn 0.00000000 0.99211470 0.12533323
vn 0.53064889 0.84090823 0.10623141
vn 0.90105209 0.43029094 0.05435839
vn 0.99276137 -0.11915653 -0.01505297
vn 0.76702122 -0.63656235 -0.08041653
vn 0.28800317 -0.95007826 -0.12002280
vn -0.28800317 -0.95007826 -0.12002280
vn -0.76702122 -0.63656235 -0.08041653
vn -0.99276137 -0.11915653 -0.01505297
vn -0.90105209 0.43029094 0.05435839
vn -0.53064889 0.84090823 0.10623141
vn 0.00000000 0.92977649 0.36812455
vn 0.53064889 0.78807087 0.31201933
vn 0.90105209 0.40325418 0.15965963
vn 0.99276137 -0.11166949 -0.04421308
vn 0.76702122 -0.59656480 -0.23619671
vn 0.28800317 -0.89038135 -0.35252692
vn -0.28800317 -0.89038135 -0.35252692
vn -0.76702122 -0.59656480 -0.23619671
vn -0.99276137 -0.11166949 -0.04421308
vn -0.90105209 0.40325418 0.15965963
vn -0.53064889 0.78807087 0.31201933
vn -0.00000000 0.80901699 0.58778525
vn 0.53064889 0.68571612 0.49820193
vn 0.90105209 0.35087948 0.25492886
vn 0.99276137 -0.09716584 -0.07059512
vn 0.76702122 -0.51908288 -0.37713579
vn 0.28800317 -0.77473850 -0.56288047
vn -0.28800317 -0.77473850 -0.56288047
vn -0.76702122 -0.51908288 -0.37713579
vn -0.99276137 -0.09716584 -0.07059512
vn -0.90105209 0.35087948 0.25492886
vn -0.53064889 0.68571612 0.49820193
vn -0.00000000 0.63742399 0.77051324
vn 0.53064889 0.54027531 0.65308066
vn 0.90105209 0.27645772 0.33417998
vn 0.99276137 -0.07655691 -0.09254140
vn 0.76702122 -0.40898508 -0.49437804
vn 0.28800317 -0.61041599 -0.73786618
vn -0.28800317 -0.61041599 -0.73786618
vn -0.76702122 -0.40898508 -0.49437804
vn -0.99276137 -0.07655691 -0.09254140
vn -0.90105209 0.27645772 0.33417998
vn -0.53064889 0.54027531 0.65308066
vn 0.00000000 0.42577929 0.90482705
vn 0.53064889 0.36088701 0.76692394
vn 0.90105209 0.18466511 0.39243334
vn 0.99276137 -0.05113762 -0.10867297
vn 0.76702122 -0.27318925 -0.58055670
vn 0.28800317 -0.40773879 -0.86648904
vn -0.28800317 -0.40773879 -0.86648904
vn -0.76702122 -0.27318925 -0.58055670
vn -0.99276137 -0.05113762 -0.10867297
vn -0.90105209 0.18466511 0.39243334
vn -0.53064889 0.36088701 0.76692394
vn -0.00000000 0.18738131 0.98228725
vn 0.53064889 0.15882285 0.83257856
vn 0.90105209 0.08126932 0.42602867
vn 0.99276137 -0.02250517 -0.11797622
vn 0.76702122 -0.12022792 -0.63025684
vn 0.28800317 -0.17944187 -0.94066721
vn -0.28800317 -0.17944187 -0.94066721
vn -0.76702122 -0.12022792 -0.63025684
vn -0.99276137 -0.02250517 -0.11797622
vn -0.90105209 0.08126932 0.42602867
vn -0.53064889 0.15882285 0.83257856
vn 0.00000000 -0.06279052 0.99802673
vn 0.53064889 -0.05322073 0.84591921
vn 0.90105209 -0.02723293 0.43285505
vn 0.99276137 0.00754137 -0.11986659
vn 0.76702122 0.04028776 -0.64035564
vn 0.28800317 0.06013005 -0.95573979
vn -0.28800317 0.06013005 -0.95573979
vn -0.76702122 0.04028776 -0.64035564
vn -0.99276137 0.00754137 -0.11986659
vn -0.90105209 -0.02723293 0.43285505
vn -0.53064889 -0.05322073 0.84591921
vn 0.00000000 -0.30901699 0.95105652
vn 0.53064889 -0.26192025 0.80610765
vn 0.90105209 -0.13402403 0.41248356
vn 0.99276137 0.03711405 -0.11422530
vn 0.76702122 0.19827202 -0.61021853
vn 0.28800317 0.29592378 -0.91075973
vn -0.28800317 0.29592378 -0.91075973
vn -0.76702122 0.19827202 -0.61021853
vn -0.99276137 0.03711405 -0.11422530
vn -0.90105209 -0.13402403 0.41248356
vn -0.53064889 -0.26192025 0.80610765
vn 0.00000000 -0.53582679 0.84432793
vn 0.53064889 -0.45416237 0.71564538
vn 0.90105209 -0.23239391 0.36619421
vn 0.99276137 0.06435472 -0.10140681
vn 0.76702122 0.34379811 -0.54173914
vn 0.28800317 0.51312352 -0.80855329
vn -0.28800317 0.51312352 -0.80855329
vn -0.76702122 0.34379811 -0.54173914
vn -0.99276137 0.06435472 -0.10140681
vn -0.90105209 -0.23239391 0.36619421
vn -0.53064889 -0.45416237 0.71564538
vn -0.00000000 -0.72896863 0.68454711
vn 0.53064889 -0.61786779 0.58021647
vn 0.90105209 -0.31616163 0.29689553
vn 0.99276137 0.08755174 -0.08221656
vn 0.76702122 0.46772211 -0.43922030
vn 0.28800317 0.69808183 -0.65554247
vn -0.28800317 0.69808183 -0.65554247
vn -0.76702122 0.46772211 -0.43922030
vn -0.99276137 0.08755174 -0.08221656
vn -0.90105209 -0.31616163 0.29689553
vn -0.53064889 -0.61786779 0.58021647
vn -0.00000000 -0.87630668 0.48175367
vn 0.53064889 -0.74275031 0.40833044
vn 0.90105209 -0.38006374 0.20894181
vn 0.99276137 0.10524757 -0.05786034
vn 0.76702122 0.56225741 -0.30910363
vn 0.28800317 0.83917709 -0.46134151
vn -0.28800317 0.83917709 -0.46134151
vn -0.76702122 0.56225741 -0.30910363
vn -0.99276137 0.10524757 -0.05786034
vn -0.90105209 -0.38006374 0.20894181
vn -0.53064889 -0.74275031 0.40833044
vn -0.00000000 -0.96858316 0.24868989
vn 0.53064889 -0.82096309 0.21078749
vn 0.90105209 -0.42008506 0.10785951
vn 0.99276137 0.11633031 -0.02986855
vn 0.76702122 0.62146400 -0.15956484
vn 0.28800317 0.92754377 -0.23815276
vn -0.28800317 0.92754377 -0.23815276
vn -0.76702122 0.62146400 -0.15956484
vn -0.99276137 0.11633031 -0.02986855
vn -0.90105209 -0.42008506 0.10785951
vn -0.53064889 -0.82096309 0.21078749
vn 0.00000000 0.00000000 -1.00000000
vn -0.00000000 0.74233315 -0.67003097
vn -0.00000000 0.74233315 0.67003097
vn 0.00000000 0.00000000 1.00000000
vn -0.25389289 0.69756498 -0.67003097
vn -0.25389289 0.69756498 0.67003097
vn -0.47716255 0.56866018 -0.67003097
vn -0.47716255 0.56866018 0.67003097
vn -0.64287937 0.37116658 -0.67003097
vn -0.64287937 0.37116658 0.67003097
vn -0.73105544 0.12890480 -0.67003097
vn -0.73105544 0.12890480 0.67003097
vn -0.73105544 -0.12890480 -0.67003097
vn -0.73105544 -0.12890480 0.67003097
vn -0.64287937 -0.37116658 -0.67003097
vn -0.64287937 -0.37116658 0.67003097
vn -0.47716255 -0.56866018 -0.67003097
vn -0.47716255 -0.56866018 0.67003097
vn -0.25389289 -0.69756498 -0.67003097
vn -0.25389289 -0.69756498 0.67003097
vn -0.00000000 -0.74233315 -0.67003097
vn -0.00000000 -0.74233315 0.67003097
vn 0.25389289 -0.69756498 -0.67003097
vn 0.25389289 -0.69756498 0.67003097
vn 0.47716255 -0.56866018 -0.67003097
vn 0.47716255 -0.56866018 0.67003097
vn 0.64287937 -0.37116658 -0.67003097
vn 0.64287937 -0.37116658 0.67003097
vn 0.73105544 -0.12890480 -0.67003097
vn 0.73105544 -0.12890480 0.67003097
vn 0.73105544 0.12890480 -0.67003097
vn 0.73105544 0.12890480 0.67003097
vn 0.64287937 0.37116658 -0.67003097
vn 0.64287937 0.37116658 0.67003097
vn 0.47716255 0.56866018 -0.67003097
vn 0.47716255 0.56866018 0.67003097
vn 0.25389289 0.69756498 -0.67003097
vn 0.25389289 0.69756498 0.67003097
vn 0.00000000 -1.00000000 -0.00000000
vn 0.53064889 -0.84759174 -0.00000000
vn 0.90105209 -0.43371088 -0.00000000
vn 0.99276137 0.12010358 -0.00000000
vn 0.76702122 0.64162173 -0.00000000
vn 0.28800317 0.95762946 -0.00000000
vn -0.28800317 0.95762946 -0.00000000
vn -0.76702122 0.64162173 -0.00000000
vn -0.99276137 0.12010358 -0.00000000
vn -0.90105209 -0.43371088 -0.00000000
vn -0.53064889 -0.84759174 -0.00000000
vn -0.00000000 -0.96858316 -0.24868989
vn 0.53064889 -0.82096309 -0.21078749
vn 0.90105209 -0.42008506 -0.10785951
vn 0.99276137 0.11633031 0.02986855
vn 0.76702122 0.62146400 0.15956484
vn 0.28800317 0.92754377 0.23815276
vn -0.28800317 0.92754377 0.23815276
vn -0.76702122 0.62146400 0.15956484
vn -0.99276137 0.11633031 0.02986855
vn -0.90105209 -0.42008506 -0.10785951
vn -0.53064889 -0.82096309 -0.21078749
vn -0.00000000 -0.87630668 -0.48175367
vn 0.53064889 -0.74275031 -0.40833044
vn 0.90105209 -0.38006374 -0.20894181
vn 0.99276137 0.10524757 0.05786034
vn 0.76702122 0.56225741 0.30910363
vn 0.28800317 0.83917709 0.46134151
vn -0.28800317 0.83917709 0.46134151
vn -0.76702122 0.56225741 0.30910363
vn -0.99276137 0.10524757 0.05786034
vn -0.90105209 -0.38006374 -0.20894181
vn -0.53064889 -0.74275031 -0.40833044
vn -0.00000000 -0.72896863 -0.68454711
vn 0.53064889 -0.61786779 -0.58021647
vn 0.90105209 -0.31616163 -0.29689553
vn 0.99276137 0.08755174 0.08221656
vn 0.76702122 0.46772211 0.43922030
vn 0.28800317 0.69808183 0.65554247
vn -0.28800317 0.69808183 0.65554247
vn -0.76702122 0.46772211 0.43922030
vn -0.99276137 0.08755174 0.08221656
vn -0.90105209 -0.31616163 -0.29689553
vn -0.53064889 -0.61786779 -0.58021647
vn 0.00000000 -0.53582679 -0.84432793
vn 0.53064889 -0.45416237 -0.71564538
vn 0.90105209 -0.23239391 -0.36619421
vn 0.99276137 0.06435472 0.10140681
vn 0.76702122 0.34379811 0.54173914
vn 0.28800317 0.51312352 0.80855329
vn -0.28800317 0.51312352 0.80855329
vn -0.76702122 0.34379811 0.54173914
vn -0.99276137 0.06435472 0.10140681
vn -0.90105209 -0.23239391 -0.36619421
vn -0.53064889 -0.45416237 -0.71564538
vn 0.00000000 -0.30901699 -0.95105652
vn 0.53064889 -0.26192025 -0.80610765
vn 0.90105209 -0.13402403 -0.41248356
vn 0.99276137 0.03711405 0.11422530
vn 0.76702122 0.19827202 0.61021853
vn 0.28800317 0.29592378 0.91075973
vn -0.28800317 0.29592378 0.91075973
vn -0.76702122 0.19827202 0.61021853
vn -0.99276137 0.03711405 0.11422530
vn -0.90105209 -0.13402403 -0.41248356
vn -0.53064889 -0.26192025 -0.80610765
vn -0.00000000 -0.06279052 -0.99802673
vn 0.53064889 -0.05322073 -0.84591921
vn 0.90105209 -0.02723293 -0.43285505
vn 0.99276137 0.00754137 0.11986659
vn 0.76702122 0.04028776 0.64035564
vn 0.28800317 0.06013005 0.95573979
vn -0.28800317 0.06013005 0.95573979
vn -0.76702122 0.04028776 0.64035564
vn -0.99276137 0.00754137 0.11986659
vn -0.90105209 -0.02723293 -0.43285505
vn -0.53064889 -0.05322073 -0.84591921
vn -0.00000000 0.18738131 -0.98228725
vn 0.53064889 0.15882285 -0.83257856
vn 0.90105209 0.08126932 -0.42602867
vn 0.99276137 -0.02250517 0.11797622
vn 0.76702122 -0.12022792 0.63025684
vn 0.28800317 -0.17944187 0.94066721
vn -0.28800317 -0.17944187 0.94066721
vn -0.76702122 -0.12022792 0.63025684
vn -0.99276137 -0.02250517 0.11797622
vn -0.90105209 0.08126932 -0.42602867
vn -0.53064889 0.15882285 -0.83257856
vn -0.00000000 0.42577929 -0.90482705
vn 0.53064889 0.36088701 -0.76692394
vn 0.90105209 0.18466511 -0.39243334
vn 0.99276137 -0.05113762 0.10867297
vn 0.76702122 -0.27318925 0.58055670
vn 0.28800317 -0.40773879 0.86648904
vn -0.28800317 -0.40773879 0.86648904
vn -0.76702122 -0.27318925 0.58055670
vn -0.99276137 -0.05113762 0.10867297
vn -0.90105209 0.18466511 -0.39243334
vn -0.53064889 0.36088701 -0.76692394
vn 0.00000000 0.63742399 -0.77051324
vn 0.53064889 0.54027531 -0.65308066
vn 0.90105209 0.27645772 -0.33417998
vn 0.99276137 -0.07655691 0.09254140
vn 0.76702122 -0.40898508 0.49437804
vn 0.28800317 -0.61041599 0.73786618
vn -0.28800317 -0.61041599 0.73786618
vn -0.76702122 -0.40898508 0.49437804
vn -0.99276137 -0.07655691 0.09254140
vn -0.90105209 0.27645772 -0.33417998
vn -0.53064889 0.54027531 -0.65308066
vn 0.00000000 0.80901699 -0.58778525
vn 0.53064889 0.68571612 -0.49820193
vn 0.90105209 0.35087948 -0.25492886
vn 0.99276137 -0.09716584 0.07059512
vn 0.76702122 -0.51908288 0.37713579
vn 0.28800317 -0.77473850 0.56288047
vn -0.28800317 -0.77473850 0.56288047
vn -0.76702122 -0.51908288 0.37713579
vn -0.99276137 -0.09716584 0.07059512
vn -0.90105209 0.35087948 -0.25492886
vn -0.53064889 0.68571612 -0.49820193
vn -0.00000000 0.92977649 -0.36812455
vn 0.53064889 0.78807087 -0.31201933
vn 0.90105209 0.40325418 -0.15965963
vn 0.99276137 -0.11166949 0.04421308
vn 0.76702122 -0.59656480 0.23619671
vn 0.28800317 -0.89038135 0.35252692
vn -0.28800317 -0.89038135 0.35252692
vn -0.76702122 -0.59656480 0.23619671
vn -0.99276137 -0.11166949 0.04421308
vn -0.90105209 0.40325418 -0.15965963
vn -0.53064889 0.78807087 -0.31201933
vn -0.00000000 0.99211470 -0.12533323
vn 0.53064889 0.84090823 -0.10623141
vn 0.90105209 0.43029094 -0.05435839
vn 0.99276137 -0.11915653 0.01505297
vn 0.76702122 -0.63656235 0.08041653
vn 0.28800317 -0.95007826 0.12002280
vn -0.28800317 -0.95007826 0.12002280
vn -0.76702122 -0.63656235 0.08041653
vn -0.99276137 -0.11915653 0.01505297
vn -0.90105209 0.43029094 -0.05435839
vn -0.53064889 0.84090823 -0.10623141
vn 0.00000000 0.99211470 0.12533323
vn 0.53064889 0.84090823 0.10623141
vn 0.90105209 0.43029094 0.05435839
vn 0.99276137 -0.11915653 -0.01505297
vn 0.76702122 -0.63656235 -0.08041653
vn 0.28800317 -0.95007826 -0.12002280
vn -0.28800317 -0.95007826 -0.12002280
vn -0.76702122 -0.63656235 -0.08041653
vn -0.99276137 -0.11915653 -0.01505297
vn -0.90105209 0.43029094 0.05435839
vn -0.53064889 0.84090823 0.10623141
vn 0.00000000 0.92977649 0.36812455
vn 0.53064889 0.78807087 0.31201933
vn 0.90105209 0.40325418 0.15965963
vn 0.99276137 -0.11166949 -0.04421308
vn 0.76702122 -0.59656480 -0.23619671
vn 0.28800317 -0.89038135 -0.35252692
vn -0.28800317 -0.89038135 -0.35252692
vn -0.76702122 -0.59656480 -0.23619671
vn -0.99276137 -0.11166949 -0.04421308
vn -0.90105209 0.40325418 0.15965963
vn -0.53064889 0.78807087 0.31201933
vn -0.00000000 0.80901699 0.58778525
vn 0.53064889 0.68571612 0.49820193
vn 0.90105209 0.35087948 0.25492886
vn 0.99276137 -0.09716584 -0.07059512
vn 0.76702122 -0.51908288 -0.37713579
vn 0.28800317 -0.77473850 -0.56288047
vn -0.28800317 -0.77473850 -0.56288047
vn -0.76702122 -0.51908288 -0.37713579
vn -0.99276137 -0.09716584 -0.07059512
vn -0.90105209 0.35087948 0.25492886
vn -0.53064889 0.68571612 0.49820193
vn -0.00000000 0.63742399 0.77051324
vn 0.53064889 0.54027531 0.65308066
vn 0.90105209 0.27645772 0.33417998
vn 0.99276137 -0.07655691 -0.09254140
vn 0.76702122 -0.40898508 -0.49437804
vn 0.28800317 -0.61041599 -0.73786618
vn -0.28800317 -0.61041599 -0.73786618
vn -0.76702122 -0.40898508 -0.49437804
vn -0.99276137 -0.07655691 -0.09254140
vn -0.90105209 0.27645772 0.33417998
vn -0.53064889 0.54027531 0.65308066
vn 0.00000000 0.42577929 0.90482705
vn 0.53064889 0.36088701 0.76692394
vn 0.90105209 0.18466511 0.39243334
vn 0.99276137 -0.05113762 -0.10867297
vn 0.76702122 -0.27318925 -0.58055670
vn 0.28800317 -0.40773879 -0.86648904
vn -0.28800317 -0.40773879 -0.86648904
vn -0.76702122 -0.27318925 -0.58055670
vn -0.99276137 -0.05113762 -0.10867297
vn -0.90105209 0.18466511 0.39243334
vn -0.53064889 0.36088701 0.76692394
vn -0.00000000 0.18738131 0.98228725
vn 0.53064889 0.15882285 0.83257856
vn 0.90105209 0.08126932 0.42602867
vn 0.99276137 -0.02250517 -0.11797622
vn 0.76702122 -0.12022792 -0.63025684
vn 0.28800317 -0.17944187 -0.94066721
vn -0.28800317 -0.17944187 -0.94066721
vn -0.76702122 -0.12022792 -0.63025684
vn -0.99276137 -0.02250517 -0.11797622
vn -0.90105209 0.08126932 0.42602867
vn -0.53064889 0.15882285 0.83257856
vn 0.00000000 -0.06279052 0.99802673
vn 0.53064889 -0.05322073 0.84591921
vn 0.90105209 -0.02723293 0.43285505
vn 0.99276137 0.00754137 -0.11986659
vn 0.76702122 0.04028776 -0.64035564
vn 0.28800317 0.06013005 -0.95573979
vn -0.28800317 0.06013005 -0.95573979
vn -0.76702122 0.04028776 -0.64035564
vn -0.99276137 0.00754137 -0.11986659
vn -0.90105209 -0.02723293 0.43285505
vn -0.53064889 -0.05322073 0.84591921
vn 0.00000000 -0.30901699 0.95105652
vn 0.53064889 -0.26192025 0.80610765
vn 0.90105209 -0.13402403 0.41248356
vn 0.99276137 0.03711405 -0.11422530
vn 0.76702122 0.19827202 -0.61021853
vn 0.28800317 0.29592378 -0.91075973
vn -0.28800317 0.29592378 -0.91075973
vn -0.76702122 0.19827202 -0.61021853
vn -0.99276137 0.03711405 -0.11422530
vn -0.90105209 -0.13402403 0.41248356
vn -0.53064889 -0.26192025 0.80610765
vn 0.00000000 -0.53582679 0.84432793
vn 0.53064889 -0.45416237 0.71564538
vn 0.90105209 -0.23239391 0.36619421
vn 0.99276137 0.06435472 -0.10140681
vn 0.76702122 0.34379811 -0.54173914
vn 0.28800317 0.51312352 -0.80855329
vn -0.28800317 0.51312352 -0.80855329
vn -0.76702122 0.34379811 -0.54173914
vn -0.99276137 0.06435472 -0.10140681
vn -0.90105209 -0.23239391 0.36619421
vn -0.53064889 -0.45416237 0.71564538
vn -0.00000000 -0.72896863 0.68454711
vn 0.53064889 -0.61786779 0.58021647
vn 0.90105209 -0.31616163 0.29689553
vn 0.99276137 0.08755174 -0.08221656
vn 0.76702122 0.46772211 -0.43922030
vn 0.28800317 0.69808183 -0.65554247
vn -0.28800317 0.69808183 -0.65554247
vn -0.76702122 0.46772211 -0.43922030
vn -0.99276137 0.08755174 -0.08221656
vn -0.90105209 -0.31616163 0.29689553
vn -0.53064889 -0.61786779 0.58021647
vn -0.00000000 -0.87630668 0.48175367
vn 0.53064889 -0.74275031 0.40833044
vn 0.90105209 -0.38006374 0.20894181
vn 0.99276137 0.10524757 -0.05786034
vn 0.76702122 0.56225741 -0.30910363
vn 0.28800317 0.83917709 -0.46134151
vn -0.28800317 0.83917709 -0.46134151
vn -0.76702122 0.56225741 -0.30910363
vn -0.99276137 0.10524757 -0.05786034
vn -0.90105209 -0.38006374 0.20894181
vn -0.53064889 -0.74275031 0.40833044
vn -0.00000000 -0.96858316 0.24868989
vn 0.53064889 -0.82096309 0.21078749
vn 0.90105209 -0.42008506 0.10785951
vn 0.99276137 0.11633031 -0.02986855
vn 0.76702122 0.62146400 -0.15956484
vn 0.28800317 0.92754377 -0.23815276
vn -0.28800317 0.92754377 -0.23815276
vn -0.76702122 0.62146400 -0.15956484
vn -0.99276137 0.11633031 -0.02986855
vn -0.90105209 -0.42008506 0.10785951
vn -0.53064889 -0.82096309 0.21078749
vn 0.00000000 0.00000000 -1.00000000
vn -0.00000000 0.74233315 -0.67003097
vn -0.00000000 0.74233315 0.67003097
vn 0.00000000 0.00000000 1.00000000
vn -0.25389289 0.69756498 -0.67003097
vn -0.25389289 0.69756498 0.67003097
vn -0.47716255 0.56866018 -0.67003097
vn -0.47716255 0.56866018 0.67003097
vn -0.64287937 0.37116658 -0.67003097
vn -0.64287937 0.37116658 0.67003097
vn -0.73105544 0.12890480 -0.67003097
vn -0.73105544 0.12890480 0.67003097
vn -0.73105544 -0.12890480 -0.67003097
vn -0.73105544 -0.12890480 0.67003097
vn -0.64287937 -0.37116658 -0.67003097
vn -0.64287937 -0.37116658 0.67003097
vn -0.47716255 -0.56866018 -0.67003097
vn -0.47716255 -0.56866018 0.67003097
vn -0.25389289 -0.69756498 -0.67003097
vn -0.25389289 -0.69756498 0.67003097
vn -0.00000000 -0.74233315 -0.67003097
vn -0.00000000 -0.74233315 0.67003097
vn 0.25389289 -0.69756498 -0.67003097
vn 0.25389289 -0.69756498 0.67003097
vn 0.47716255 -0.56866018 -0.67003097
vn 0.47716255 -0.56866018 0.67003097
vn 0.64287937 -0.37116658 -0.67003097
vn 0.64287937 -0.37116658 0.67003097
vn 0.73105544 -0.12890480 -0.67003097
vn 0.73105544 -0.12890480 0.67003097
vn 0.73105544 0.12890480 -0.67003097
vn 0.73105544 0.12890480 0.67003097
vn 0.64287937 0.37116658 -0.67003097
vn 0.64287937 0.37116658 0.67003097
vn 0.47716255 0.56866018 -0.67003097
vn 0.47716255 0.56866018 0.67003097
vn 0.25389289 0.69756498 -0.67003097
vn 0.25389289 0.69756498 0.67003097
vn -0.00000000 -0.00000000 1.00000000
vn -0.00000000 -0.53064889 0.84759174
vn 0.00000000 -0.90105209 0.43371088
vn 0.00000000 -0.99276137 -0.12010358
vn -0.00000000 -0.76702122 -0.64162173
vn -0.00000000 -0.28800317 -0.95762946
vn 0.00000000 0.28800317 -0.95762946
vn -0.00000000 0.76702122 -0.64162173
vn -0.00000000 0.99276137 -0.12010358
vn 0.00000000 0.90105209 0.43371088
vn -0.00000000 0.53064889 0.84759174
vn -0.24868989 0.00000000 0.96858316
vn -0.21078749 -0.53064889 0.82096309
vn -0.10785951 -0.90105209 0.42008506
vn 0.02986855 -0.99276137 -0.11633031
vn 0.15956484 -0.76702122 -0.62146400
vn 0.23815276 -0.28800317 -0.92754377
vn 0.23815276 0.28800317 -0.92754377
vn 0.15956484 0.76702122 -0.62146400
vn 0.02986855 0.99276137 -0.11633031
vn -0.10785951 0.90105209 0.42008506
vn -0.21078749 0.53064889 0.82096309
vn -0.48175367 -0.00000000 0.87630668
vn -0.40833044 -0.53064889 0.74275031
vn -0.20894181 -0.90105209 0.38006374
vn 0.05786034 -0.99276137 -0.10524757
vn 0.30910363 -0.76702122 -0.56225741
vn 0.46134151 -0.28800317 -0.83917709
vn 0.46134151 0.28800317 -0.83917709
vn 0.30910363 0.76702122 -0.56225741
vn 0.05786034 0.99276137 -0.10524757
vn -0.20894181 0.90105209 0.38006374
vn -0.40833044 0.53064889 0.74275031
vn -0.68454711 0.00000000 0.72896863
vn -0.58021647 -0.53064889 0.61786779
vn -0.29689553 -0.90105209 0.31616163
vn 0.08221656 -0.99276137 -0.08755174
vn 0.43922030 -0.76702122 -0.46772211
vn 0.65554247 -0.28800317 -0.69808183
vn 0.65554247 0.28800317 -0.69808183
vn 0.43922030 0.76702122 -0.46772211
vn 0.08221656 0.99276137 -0.08755174
vn -0.29689553 0.90105209 0.31616163
vn -0.58021647 0.53064889 0.61786779
vn -0.84432793 0.00000000 0.53582679
vn -0.71564538 -0.53064889 0.45416237
vn -0.36619421 -0.90105209 0.23239391
vn 0.10140681 -0.99276137 -0.06435472
vn 0.54173914 -0.76702122 -0.34379811
vn 0.80855329 -0.28800317 -0.51312352
vn 0.80855329 0.28800317 -0.51312352
vn 0.54173914 0.76702122 -0.34379811
vn 0.10140681 0.99276137 -0.06435472
vn -0.36619421 0.90105209 0.23239391
vn -0.71564538 0.53064889 0.45416237
vn -0.95105652 -0.00000000 0.30901699
vn -0.80610765 -0.53064889 0.26192025
vn -0.41248356 -0.90105209 0.13402403
vn 0.11422530 -0.99276137 -0.03711405
vn 0.61021853 -0.76702122 -0.19827202
vn 0.91075973 -0.28800317 -0.29592378
vn 0.91075973 0.28800317 -0.29592378
vn 0.61021853 0.76702122 -0.19827202
vn 0.11422530 0.99276137 -0.03711405
vn -0.41248356 0.90105209 0.13402403
vn -0.80610765 0.53064889 0.26192025
vn -0.99802673 -0.00000000 0.06279052
vn -0.84591921 -0.53064889 0.05322073
vn -0.43285505 -0.90105209 0.02723293
vn 0.11986659 -0.99276137 -0.00754137
vn 0.64035564 -0.76702122 -0.04028776
vn 0.95573979 -0.28800317 -0.06013005
vn 0.95573979 0.28800317 -0.06013005
vn 0.64035564 0.76702122 -0.04028776
vn 0.11986659 0.99276137 -0.00754137
vn -0.43285505 0.90105209 0.02723293
vn -0.84591921 0.53064889 0.05322073
vn -0.98228725 -0.00000000 -0.18738131
vn -0.83257856 -0.53064889 -0.15882285
vn -0.42602867 -0.90105209 -0.08126932
vn 0.11797622 -0.99276137 0.02250517
vn 0.63025684 -0.76702122 0.12022792
vn 0.94066721 -0.28800317 0.17944187
vn 0.94066721 0.28800317 0.17944187
vn 0.63025684 0.76702122 0.12022792
vn 0.11797622 0.99276137 0.02250517
vn -0.42602867 0.90105209 -0.08126932
vn -0.83257856 0.53064889 -0.15882285
vn -0.90482705 0.00000000 -0.42577929
vn -0.76692394 -0.53064889 -0.36088701
vn -0.39243334 -0.90105209 -0.18466511
vn 0.10867297 -0.99276137 0.05113762
vn 0.58055670 -0.76702122 0.27318925
vn 0.86648904 -0.28800317 0.40773879
vn 0.86648904 0.28800317 0.40773879
vn 0.58055670 0.76702122 0.27318925
vn 0.10867297 0.99276137 0.05113762
vn -0.39243334 0.90105209 -0.18466511
vn -0.76692394 0.53064889 -0.36088701
vn -0.77051324 0.00000000 -0.63742399
vn -0.65308066 -0.53064889 -0.54027531
vn -0.33417998 -0.90105209 -0.27645772
vn 0.09254140 -0.99276137 0.07655691
vn 0.49437804 -0.76702122 0.40898508
vn 0.73786618 -0.28800317 0.61041599
vn 0.73786618 0.28800317 0.61041599
vn 0.49437804 0.76702122 0.40898508
vn 0.09254140 0.99276137 0.07655691
vn -0.33417998 0.90105209 -0.27645772
vn -0.65308066 0.53064889 -0.54027531
vn -0.58778525 0.00000000 -0.80901699
vn -0.49820193 -0.53064889 -0.68571612
vn -0.25492886 -0.90105209 -0.35087948
vn 0.07059512 -0.99276137 0.09716584
vn 0.37713579 -0.76702122 0.51908288
vn 0.56288047 -0.28800317 0.77473850
vn 0.56288047 0.28800317 0.77473850
vn 0.37713579 0.76702122 0.51908288
vn 0.07059512 0.99276137 0.09716584
vn -0.25492886 0.90105209 -0.35087948
vn -0.49820193 0.53064889 -0.68571612
vn -0.36812455 -0.00000000 -0.92977649
vn -0.31201933 -0.53064889 -0.78807087
vn -0.15965963 -0.90105209 -0.40325418
vn 0.04421308 -0.99276137 0.11166949
vn 0.23619671 -0.76702122 0.59656480
vn 0.35252692 -0.28800317 0.89038135
vn 0.35252692 0.28800317 0.89038135
vn 0.23619671 0.76702122 0.59656480
vn 0.04421308 0.99276137 0.11166949
vn -0.15965963 0.90105209 -0.40325418
vn -0.31201933 0.53064889 -0.78807087
vn -0.12533323 -0.00000000 -0.99211470
vn -0.10623141 -0.53064889 -0.84090823
vn -0.05435839 -0.90105209 -0.43029094
vn 0.01505297 -0.99276137 0.11915653
vn 0.08041653 -0.76702122 0.63656235
vn 0.12002280 -0.28800317 0.95007826
vn 0.12002280 0.28800317 0.95007826
vn 0.08041653 0.76702122 0.63656235
vn 0.01505297 0.99276137 0.11915653
vn -0.05435839 0.90105209 -0.43029094
vn -0.10623141 0.53064889 -0.84090823
vn 0.12533323 0.00000000 -0.99211470
vn 0.10623141 -0.53064889 -0.84090823
vn 0.05435839 -0.90105209 -0.43029094
vn -0.01505297 -0.99276137 0.11915653
vn -0.08041653 -0.76702122 0.63656235
vn -0.12002280 -0.28800317 0.95007826
vn -0.12002280 0.28800317 0.95007826
vn -0.08041653 0.76702122 0.63656235
vn -0.01505297 0.99276137 0.11915653
vn 0.05435839 0.90105209 -0.43029094
vn 0.10623141 0.53064889 -0.84090823
vn 0.36812455 0.00000000 -0.92977649
vn 0.31201933 -0.53064889 -0.78807087
vn 0.15965963 -0.90105209 -0.40325418
vn -0.04421308 -0.99276137 0.11166949
vn -0.23619671 -0.76702122 0.59656480
vn -0.35252692 -0.28800317 0.89038135
vn -0.35252692 0.28800317 0.89038135
vn -0.23619671 0.76702122 0.59656480
vn -0.04421308 0.99276137 0.11166949
vn 0.15965963 0.90105209 -0.40325418
vn 0.31201933 0.53064889 -0.78807087
vn 0.58778525 0.00000000 -0.80901699
vn 0.49820193 -0.53064889 -0.68571612
vn 0.25492886 -0.90105209 -0.35087948
vn -0.07059512 -0.99276137 0.09716584
vn -0.37713579 -0.76702122 0.51908288
vn -0.56288047 -0.28800317 0.77473850
vn -0.56288047 0.28800317 0.77473850
vn -0.37713579 0.76702122 0.51908288
vn -0.07059512 0.99276137 0.09716584
vn 0.25492886 0.90105209 -0.35087948
vn 0.49820193 0.53064889 -0.68571612
vn 0.77051324 0.00000000 -0.63742399
vn 0.65308066 -0.53064889 -0.54027531
vn 0.33417998 -0.90105209 -0.27645772
vn -0.09254140 -0.99276137 0.07655691
vn -0.49437804 -0.76702122 0.40898508
vn -0.73786618 -0.28800317 0.61041599
vn -0.73786618 0.28800317 0.61041599
vn -0.49437804 0.76702122 0.40898508
vn -0.09254140 0.99276137 0.07655691
vn 0.33417998 0.90105209 -0.27645772
vn 0.65308066 0.53064889 -0.54027531
vn 0.90482705 0.00000000 -0.42577929
vn 0.76692394 -0.53064889 -0.36088701
vn 0.39243334 -0.90105209 -0.18466511
vn -0.10867297 -0.99276137 0.05113762
vn -0.58055670 -0.76702122 0.27318925
vn -0.86648904 -0.28800317 0.40773879
vn -0.86648904 0.28800317 0.40773879
vn -0.58055670 0.76702122 0.27318925
vn -0.10867297 0.99276137 0.05113762
vn 0.39243334 0.90105209 -0.18466511
vn 0.76692394 0.53064889 -0.36088701
vn 0.98228725 0.00000000 -0.18738131
vn 0.83257856 -0.53064889 -0.15882285
vn 0.42602867 -0.90105209 -0.08126932
vn -0.11797622 -0.99276137 0.02250517
vn -0.63025684 -0.76702122 0.12022792
vn -0.94066721 -0.28800317 0.17944187
vn -0.94066721 0.28800317 0.17944187
vn -0.63025684 0.76702122 0.12022792
vn -0.11797622 0.99276137 0.02250517
vn 0.42602867 0.90105209 -0.08126932
vn 0.83257856 0.53064889 -0.15882285
vn 0.99802673 -0.00000000 0.06279052
vn 0.84591921 -0.53064889 0.05322073
vn 0.43285505 -0.90105209 0.02723293
vn -0.11986659 -0.99276137 -0.00754137
vn -0.64035564 -0.76702122 -0.04028776
vn -0.95573979 -0.28800317 -0.06013005
vn -0.95573979 0.28800317 -0.06013005
vn -0.64035564 0.76702122 -0.04028776
vn -0.11986659 0.99276137 -0.00754137
vn 0.43285505 0.90105209 0.02723293
vn 0.84591921 0.53064889 0.05322073
vn 0.95105652 0.00000000 0.30901699
vn 0.80610765 -0.53064889 0.26192025
vn 0.41248356 -0.90105209 0.13402403
vn -0.11422530 -0.99276137 -0.03711405
vn -0.61021853 -0.76702122 -0.19827202
vn -0.91075973 -0.28800317 -0.29592378
vn -0.91075973 0.28800317 -0.29592378
vn -0.61021853 0.76702122 -0.19827202
vn -0.11422530 0.99276137 -0.03711405
vn 0.41248356 0.90105209 0.13402403
vn 0.80610765 0.53064889 0.26192025
vn 0.84432793 0.00000000 0.53582679
vn 0.71564538 -0.53064889 0.45416237
vn 0.36619421 -0.90105209 0.23239391
vn -0.10140681 -0.99276137 -0.06435472
vn -0.54173914 -0.76702122 -0.34379811
vn -0.80855329 -0.28800317 -0.51312352
vn -0.80855329 0.28800317 -0.51312352
vn -0.54173914 0.76702122 -0.34379811
vn -0.10140681 0.99276137 -0.06435472
vn 0.36619421 0.90105209 0.23239391
vn 0.71564538 0.53064889 0.45416237
vn 0.68454711 0.00000000 0.72896863
vn 0.58021647 -0.53064889 0.61786779
vn 0.29689553 -0.90105209 0.31616163
vn -0.08221656 -0.99276137 -0.08755174
vn -0.43922030 -0.76702122 -0.46772211
vn -0.65554247 -0.28800317 -0.69808183
vn -0.65554247 0.28800317 -0.69808183
vn -0.43922030 0.76702122 -0.46772211
vn -0.08221656 0.99276137 -0.08755174
vn 0.29689553 0.90105209 0.31616163
vn 0.58021647 0.53064889 0.61786779
vn 0.48175367 -0.00000000 0.87630668
vn 0.40833044 -0.53064889 0.74275031
vn 0.20894181 -0.90105209 0.38006374
vn -0.05786034 -0.99276137 -0.10524757
vn -0.30910363 -0.76702122 -0.56225741
vn -0.46134151 -0.28800317 -0.83917709
vn -0.46134151 0.28800317 -0.83917709
vn -0.30910363 0.76702122 -0.56225741
vn -0.05786034 0.99276137 -0.10524757
vn 0.20894181 0.90105209 0.38006374
vn 0.40833044 0.53064889 0.74275031
vn 0.24868989 -0.00000000 0.96858316
vn 0.21078749 -0.53064889 0.82096309
vn 0.10785951 -0.90105209 0.42008506
vn -0.02986855 -0.99276137 -0.11633031
vn -0.15956484 -0.76702122 -0.62146400
vn -0.23815276 -0.28800317 -0.92754377
vn -0.23815276 0.28800317 -0.92754377
vn -0.15956484 0.76702122 -0.62146400
vn -0.02986855 0.99276137 -0.11633031
vn 0.10785951 0.90105209 0.42008506
vn 0.21078749 0.53064889 0.82096309
vn 0.00000000 0.31456656 -0.94923542
vn 0.75716233 0.20548330 -0.62006598
vn 0.75716233 -0.20548330 0.62006598
vn 0.00000000 -0.31456656 0.94923542
vn 0.65572181 0.56484595 -0.50097701
vn 0.65572181 0.15387935 0.73915496
vn 0.37858116 0.82791766 -0.41379783
vn 0.37858116 0.41695107 0.82633414
vn -0.00000000 0.92420860 -0.38188804
vn 0.00000000 0.51324200 0.85824393
vn -0.37858116 0.82791766 -0.41379783
vn -0.37858116 0.41695107 0.82633414
vn -0.65572181 0.56484595 -0.50097701
vn -0.65572181 0.15387935 0.73915496
vn -0.75716233 0.20548330 -0.62006598
vn -0.75716233 -0.20548330 0.62006598
vn -0.65572181 -0.15387935 -0.73915496
vn -0.65572181 -0.56484595 0.50097701
vn -0.37858116 -0.41695107 -0.82633414
vn -0.37858116 -0.82791766 0.41379783
vn -0.00000000 -0.51324200 -0.85824393
vn -0.00000000 -0.92420860 0.38188804
vn 0.37858116 -0.41695107 -0.82633414
vn 0.37858116 -0.82791766 0.41379783
vn 0.65572181 -0.15387935 -0.73915496
vn 0.65572181 -0.56484595 0.50097701
f 2//2 4//4 1//1
f 5//5 2//2 1//1
f 1//1 4//4 3//3
f 3//3 5//5 1//1
f 2//2 8//8 4//4
f 6//6 2//2 5//5
f 6//6 8//8 2//2
f 4//4 8//8 3//3
f 7//7 5//5 3//3
f 3//3 8//8 7//7
f 7//7 6//6 5//5
f 8//8 6//6 7//7
f 10//10 12//12 9//9
f 13//13 10//10 9//9
f 9//9 12//12 11//11
f 11//11 13//13 9//9
f 10//10 16//16 12//12
f 14//14 10//10 13//13
f 14//14 16//16 10//10
f 12//12 16//16 11//11
f 15//15 13//13 11//11
f 11//11 16//16 15//15
f 15//15 14//14 13//13
f 16//16 14//14 15//15
f 18//18 20//20 17//17
f 21//21 18//18 17//17
f 17//17 20//20 19//19
f 19//19 21//21 17//17
f 18//18 24//24 20//20
f 22//22 18//18 21//21
f 22//22 24//24 18//18
f 20//20 24//24 19//19
f 23//23 21//21 19//19
f 19//19 24//24 23//23
f 23//23 22//22 21//21
f 24//24 22//22 23//23
f 26//26 28//28 25//25
f 29//29 26//26 25//25
f 25//25 28//28 27//27
f 27//27 29//29 25//25
f 26//26 32//32 28//28
f 30//30 26//26 29//29
f 30//30 32//32 26//26
f 28//28 32//32 27//27
f 31//31 29//29 27//27
f 27//27 32//32 31//31
f 31//31 30//30 29//29
f 32//32 30//30 31//31
f 34//34 36//36 33//33
f 37//37 34//34 33//33
f 33//33 36//36 35//35
f 35//35 37//37 33//33
f 34//34 40//40 36//36
f 38//38 34//34 37//37
f 38//38 40//40 34//34
f 36//36 40//40 35//35
f 39//39 37//37 35//35
f 35//35 40//40 39//39
f 39//39 38//38 37//37
f 40//40 38//38 39//39
f 42//42 44//44 41//41
f 45//45 42//42 41//41
f 41//41 44//44 43//43
f 43//43 45//45 41//41
f 42//42 48//48 44//44
f 46//46 42//42 45//45
f 46//46 48//48 42//42
f 44//44 48//48 43//43
f 47//47 45//45 43//43
f 43//43 48//48 47//47
f 47//47 46//46 45//45
f 48//48 46//46 47//47
f 50//50 52//52 49//49
f 53//53 50//50 49//49
f 49//49 52//52 51//51
f 51//51 53//53 49//49
f 50//50 56//56 52//52
f 54//54 50//50 53//53
f 54//54 56//56 50//50
f 52//52 56//56 51//51
f 55//55 53//53 51//51
f 51//51 56//56 55//55
f 55//55 54//54 53//53
f 56//56 54//54 55//55
f 58//58 60//60 57//57
f 61//61 58//58 57//57
f 57//57 60//60 59//59
f 59//59 61//61 57//57
f 58//58 64//64 60//60
f 62//62 58//58 61//61
f 62//62 64//64 58//58
f 60//60 64//64 59//59
f 63//63 61//61 59//59
f 59//59 64//64 63//63
f 63//63 62//62 61//61
f 64//64 62//62 63//63
f 66//66 68//68 65//65
f 69//69 66//66 65//65
f 65//65 68//68 67//67
f 67//67 69//69 65//65
f 66//66 72//72 68//68
f 70//70 66//66 69//69
f 70//70 72//72 66//66
f 68//68 72//72 67//67
f 71//71 69//69 67//67
f 67//67 72//72 71//71
f 71//71 70//70 69//69
f 72//72 70//70 71//71
f 74//74 76//76 73//73
f 77//77 74//74 73//73
f 73//73 76//76 75//75
f 75//75 77//77 73//73
f 74//74 80//80 76//76
f 78//78 74//74 77//77
f 78//78 80//80 74//74
f 76//76 80//80 75//75
f 79//79 77//77 75//75
f 75//75 80//80 79//79
f 79//79 78//78 77//77
f 80//80 78//78 79//79
f 82//82 84//84 81//81
f 85//85 82//82 81//81
f 81//81 84//84 83//83
f 83//83 85//85 81//81
f 82//82 88//88 84//84
f 86//86 82//82 85//85
f 86//86 88//88 82//82
f 84//84 88//88 83//83
f 87//87 85//85 83//83
f 83//83 88//88 87//87
f 87//87 86//86 85//85
f 88//88 86//86 87//87
f 90//90 92//92 89//89
f 93//93 90//90 89//89
f 89//89 92//92 91//91
f 91//91 93//93 89//89
f 90//90 96//96 92//92
f 94//94 90//90 93//93
f 94//94 96//96 90//90
f 92//92 96//96 91//91
f 95//95 93//93 91//91
f 91//91 96//96 95//95
f 95//95 94//94 93//93
f 96//96 94//94 95//95
f 98//98 100//100 97//97
f 101//101 98//98 97//97
f 97//97 100//100 99//99
f 99//99 101//101 97//97
f 98//98 104//104 100//100
f 102//102 98//98 101//101
f 102//102 104//104 98//98
f 100//100 104//104 99//99
f 103//103 101//101 99//99
f 99//99 104//104 103//103
f 103//103 102//102 101//101
f 104//104 102//102 103//103
f 106//106 108//108 105//105
f 109//109 106//106 105//105
f 105//105 108//108 107//107
f 107//107 109//109 105//105
f 106//106 112//112 108//108
f 110//110 106//106 109//109
f 110//110 112//112 106//106
f 108//108 112//112 107//107
f 111//111 109//109 107//107
f 107//107 112//112 111//111
f 111//111 110//110 109//109
f 112//112 110//110 111//111
f 114//114 116//116 113//113
f 117//117 114//114 113//113
f 113//113 116//116 115//115
f 115//115 117//117 113//113
f 114//114 120//120 116//116
f 118//118 114//114 117//117
f 118//118 120//120 114//114
f 116//116 120//120 115//115
f 119//119 117//117 115//115
f 115//115 120//120 119//119
f 119//119 118//118 117//117
f 120//120 118//118 119//119
f 122//122 124//124 121//121
f 125//125 122//122 121//121
f 121//121 124//124 123//123
f 123//123 125//125 121//121
f 122//122 128//128 124//124
f 126//126 122//122 125//125
f 126//126 128//128 122//122
f 124//124 128//128 123//123
f 127//127 125//125 123//123
f 123//123 128//128 127//127
f 127//127 126//126 125//125
f 128//128 126//126 127//127
f 129//129 140//140 141//141
f 129//129 141//141 130//130
f 130//130 141//141 142//142
f 130//130 142//142 131//131
f 131//131 142//142 143//143
f 131//131 143//143 132//132
f 132//132 143//143 144//144
f 132//132 144//144 133//133
f 133//133 144//144 145//145
f 133//133 145//145 134//134
f 134//134 145//145 146//146
f 134//134 146//146 135//135
f 135//135 146//146 147//147
f 135//135 147//147 136//136
f 136//136 147//147 148//148
f 136//136 148//148 137//137
f 137//137 148//148 149//149
f 137//137 149//149 138//138
f 138//138 149//149 150//150
f 138//138 150//150 139//139
f 139//139 150//150 140//140
f 139//139 140//140 129//129
f 140//140 151//151 152//152
f 140//140 152//152 141//141
f 141//141 152//152 153//153
f 141//141 153//153 142//142
f 142//142 153//153 154//154
f 142//142 154//154 143//143
f 143//143 154//154 155//155
f 143//143 155//155 144//144
f 144//144 155//155 156//156
f 144//144 156//156 145//145
f 145//145 156//156 157//157
f 145//145 157//157 146//146
f 146//146 157//157 158//158
f 146//146 158//158 147//147
f 147//147 158//158 159//159
f 147//147 159//159 148//148
f 148//148 159//159 160//160
f 148//148 160//160 149//149
f 149//149 160//160 161//161
f 149//149 161//161 150//150
f 150//150 161//161 151//151
f 150//150 151//151 140//140
f 151//151 162//162 163//163
f 151//151 163//163 152//152
f 152//152 163//163 164//164
f 152//152 164//164 153//153
f 153//153 164//164 165//165
f 153//153 165//165 154//154
f 154//154 165//165 166//166
f 154//154 166//166 155//155
f 155//155 166//166 167//167
f 155//155 167//167 156//156
f 156//156 167//167 168//168
f 156//156 168//168 157//157
f 157//157 168//168 169//169
f 157//157 169//169 158//158
f 158//158 169//169 170//170
f 158//158 170//170 159//159
f 159//159 170//170 171//171
f 159//159 171//171 160//160
f 160//160 171//171 172//172
f 160//160 172//172 161//161
f 161//161 172//172 162//162
f 161//161 162//162 151//151
f 162//162 173//173 174//174
f 162//162 174//174 163//163
f 163//163 174//174 175//175
f 163//163 175//175 164//164
f 164//164 175//175 176//176
f 164//164 176//176 165//165
f 165//165 176//176 177//177
f 165//165 177//177 166//166
f 166//166 177//177 178//178
f 166//166 178//178 167//167
f 167//167 178//178 179//179
f 167//167 179//179 168//168
f 168//168 179//179 180//180
f 168//168 180//180 169//169
f 169//169 180//180 181//181
f 169//169 181//181 170//170
f 170//170 181//181 182//182
f 170//170 182//182 171//171
f 171//171 182//182 183//183
f 171//171 183//183 172//172
f 172//172 183//183 173//173
f 172//172 173//173 162//162
f 173//173 184//184 185//185
f 173//173 185//185 174//174
f 174//174 185//185 186//186
f 174//174 186//186 175//175
f 175//175 186//186 187//187
f 175//175 187//187 176//176
f 176//176 187//187 188//188
f 176//176 188//188 177//177
f 177//177 188//188 189//189
f 177//177 189//189 178//178
f 178//178 189//189 190//190
f 178//178 190//190 179//179
f 179//179 190//190 191//191
f 179//179 191//191 180//180
f 180//180 191//191 192//192
f 180//180 192//192 181//181
f 181//181 192//192 193//193
f 181//181 193//193 182//182
f 182//182 193//193 194//194
f 182//182 194//194 183//183
f 183//183 194//194 184//184
f 183//183 184//184 173//173
f 184//184 195//195 196//196
f 184//184 196//196 185//185
f 185//185 196//196 197//197
f 185//185 197//197 186//186
f 186//186 197//197 198//198
f 186//186 198//198 187//187
f 187//187 198//198 199//199
f 187//187 199//199 188//188
f 188//188 199//199 200//200
f 188//188 200//200 189//189
f 189//189 200//200 201//201
f 189//189 201//201 190//190
f 190//190 201//201 202//202
f 190//190 202//202 191//191
f 191//191 202//202 203//203
f 191//191 203//203 192//192
f 192//192 203//203 204//204
f 192//192 204//204 193//193
f 193//193 204//204 205//205
f 193//193 205//205 194//194
f 194//194 205//205 195//195
f 194//194 195//195 184//184
f 195//195 206//206 207//207
f 195//195 207//207 196//196
f 196//196 207//207 208//208
f 196//196 208//208 197//197
f 197//197 208//208 209//209
f 197//197 209//209 198//198
f 198//198 209//209 210//210
f 198//198 210//210 199//199
f 199//199 210//210 211//211
f 199//199 211//211 200//200
f 200//200 211//211 212//212
f 200//200 212//212 201//201
f 201//201 212//212 213//213
f 201//201 213//213 202//202
f 202//202 213//213 214//214
f 202//202 214//214 203//203
f 203//203 214//214 215//215
f 203//203 215//215 204//204
f 204//204 215//215 216//216
f 204//204 216//216 205//205
f 205//205 216//216 206//206
f 205//205 206//206 195//195
f 206//206 217//217 218//218
f 206//206 218//218 207//207
f 207//207 218//218 219//219
f 207//207 219//219 208//208
f 208//208 219//219 220//220
f 208//208 220//220 209//209
f 209//209 220//220 221//221
f 209//209 221//221 210//210
f 210//210 221//221 222//222
f 210//210 222//222 211//211
f 211//211 222//222 223//223
f 211//211 223//223 212//212
f 212//212 223//223 224//224
f 212//212 224//224 213//213
f 213//213 224//224 225//225
f 213//213 225//225 214//214
f 214//214 225//225 226//226
f 214//214 226//226 215//215
f 215//215 226//226 227//227
f 215//215 227//227 216//216
f 216//216 227//227 217//217
f 216//216 217//217 206//206
f 217//217 228//228 229//229
f 217//217 229//229 218//218
f 218//218 229//229 230//230
f 218//218 230//230 219//219
f 219//219 230//230 231//231
f 219//219 231//231 220//220
f 220//220 231//231 232//232
f 220//220 232//232 221//221
f 221//221 232//232 233//233
f 221//221 233//233 222//222
f 222//222 233//233 234//234
f 222//222 234//234 223//223
f 223//223 234//234 235//235
f 223//223 235//235 224//224
f 224//224 235//235 236//236
f 224//224 236//236 225//225
f 225//225 236//236 237//237
f 225//225 237//237 226//226
f 226//226 237//237 238//238
f 226//226 238//238 227//227
f 227//227 238//238 228//228
f 227//227 228//228 217//217
f 228//228 239//239 240//240
f 228//228 240//240 229//229
f 229//229 240//240 241//241
f 229//229 241//241 230//230
f 230//230 241//241 242//242
f 230//230 242//242 231//231
f 231//231 242//242 243//243
f 231//231 243//243 232//232
f 232//232 243//243 244//244
f 232//232 244//244 233//233
f 233//233 244//244 245//245
f 233//233 245//245 234//234
f 234//234 245//245 246//246
f 234//234 246//246 235//235
f 235//235 246//246 247//247
f 235//235 247//247 236//236
f 236//236 247//247 248//248
f 236//236 248//248 237//237
f 237//237 248//248 249//249
f 237//237 249//249 238//238
f 238//238 249//249 239//239
f 238//238 239//239 228//228
f 239//239 250//250 251//251
f 239//239 251//251 240//240
f 240//240 251//251 252//252
f 240//240 252//252 241//241
f 241//241 252//252 253//253
f 241//241 253//253 242//242
f 242//242 253//253 254//254
f 242//242 254//254 243//243
f 243//243 254//254 255//255
f 243//243 255//255 244//244
f 244//244 255//255 256//256
f 244//244 256//256 245//245
f 245//245 256//256 257//257
f 245//245 257//257 246//246
f 246//246 257//257 258//258
f 246//246 258//258 247//247
f 247//247 258//258 259//259
f 247//247 259//259 248//248
f 248//248 259//259 260//260
f 248//248 260//260 249//249
f 249//249 260//260 250//250
f 249//249 250//250 239//239
f 250//250 261//261 262//262
f 250//250 262//262 251//251
f 251//251 262//262 263//263
f 251//251 263//263 252//252
f 252//252 263//263 264//264
f 252//252 264//264 253//253
f 253//253 264//264 265//265
f 253//253 265//265 254//254
f 254//254 265//265 266//266
f 254//254 266//266 255//255
f 255//255 266//266 267//267
f 255//255 267//267 256//256
f 256//256 267//267 268//268
f 256//256 268//268 257//257
f 257//257 268//268 269//269
f 257//257 269//269 258//258
f 258//258 269//269 270//270
f 258//258 270//270 259//259
f 259//259 270//270 271//271
f 259//259 271//271 260//260
f 260//260 271//271 261//261
f 260//260 261//261 250//250
f 261//261 272//272 273//273
f 261//261 273//273 262//262
f 262//262 273//273 274//274
f 262//262 274//274 263//263
f 263//263 274//274 275//275
f 263//263 275//275 264//264
f 264//264 275//275 276//276
f 264//264 276//276 265//265
f 265//265 276//276 277//277
f 265//265 277//277 266//266
f 266//266 277//277 278//278
f 266//266 278//278 267//267
f 267//267 278//278 279//279
f 267//267 279//279 268//268
f 268//268 279//279 280//280
f 268//268 280//280 269//269
f 269//269 280//280 281//281
f 269//269 281//281 270//270
f 270//270 281//281 282//282
f 270//270 282//282 271//271
f 271//271 282//282 272//272
f 271//271 272//272 261//261
f 272//272 283//283 284//284
f 272//272 284//284 273//273
f 273//273 284//284 285//285
f 273//273 285//285 274//274
f 274//274 285//285 286//286
f 274//274 286//286 275//275
f 275//275 286//286 287//287
f 275//275 287//287 276//276
f 276//276 287//287 288//288
f 276//276 288//288 277//277
f 277//277 288//288 289//289
f 277//277 289//289 278//278
f 278//278 289//289 290//290
f 278//278 290//290 279//279
f 279//279 290//290 291//291
f 279//279 291//291 280//280
f 280//280 291//291 292//292
f 280//280 292//292 281//281
f 281//281 292//292 293//293
f 281//281 293//293 282//282
f 282//282 293//293 283//283
f 282//282 283//283 272//272
f 283//283 294//294 295//295
f 283//283 295//295 284//284
f 284//284 295//295 296//296
f 284//284 296//296 285//285
f 285//285 296//296 297//297
f 285//285 297//297 286//286
f 286//286 297//297 298//298
f 286//286 298//298 287//287
f 287//287 298//298 299//299
f 287//287 299//299 288//288
f 288//288 299//299 300//300
f 288//288 300//300 289//289
f 289//289 300//300 301//301
f 289//289 301//301 290//290
f 290//290 301//301 302//302
f 290//290 302//302 291//291
f 291//291 302//302 303//303
f 291//291 303//303 292//292
f 292//292 303//303 304//304
f 292//292 304//304 293//293
f 293//293 304//304 294//294
f 293//293 294//294 283//283
f 294//294 305//305 306//306
f 294//294 306//306 295//295
f 295//295 306//306 307//307
f 295//295 307//307 296//296
f 296//296 307//307 308//308
f 296//296 308//308 297//297
f 297//297 308//308 309//309
f 297//297 309//309 298//298
f 298//298 309//309 310//310
f 298//298 310//310 299//299
f 299//299 310//310 311//311
f 299//299 311//311 300//300
f 300//300 311//311 312//312
f 300//300 312//312 301//301
f 301//301 312//312 313//313
f 301//301 313//313 302//302
f 302//302 313//313 314//314
f 302//302 314//314 303//303
f 303//303 314//314 315//315
f 303//303 315//315 304//304
f 304//304 315//315 305//305
f 304//304 305//305 294//294
f 305//305 316//316 317//317
f 305//305 317//317 306//306
f 306//306 317//317 318//318
f 306//306 318//318 307//307
f 307//307 318//318 319//319
f 307//307 319//319 308//308
f 308//308 319//319 320//320
f 308//308 320//320 309//309
f 309//309 320//320 321//321
f 309//309 321//321 310//310
f 310//310 321//321 322//322
f 310//310 322//322 311//311
f 311//311 322//322 323//323
f 311//311 323//323 312//312
f 312//312 323//323 324//324
f 312//312 324//324 313//313
f 313//313 324//324 325//325
f 313//313 325//325 314//314
f 314//314 325//325 326//326
f 314//314 326//326 315//315
f 315//315 326//326 316//316
f 315//315 316//316 305//305
f 316//316 327//327 328//328
f 316//316 328//328 317//317
f 317//317 328//328 329//329
f 317//317 329//329 318//318
f 318//318 329//329 330//330
f 318//318 330//330 319//319
f 319//319 330//330 331//331
f 319//319 331//331 320//320
f 320//320 331//331 332//332
f 320//320 332//332 321//321
f 321//321 332//332 333//333
f 321//321 333//333 322//322
f 322//322 333//333 334//334
f 322//322 334//334 323//323
f 323//323 334//334 335//335
f 323//323 335//335 324//324
f 324//324 335//335 336//336
f 324//324 336//336 325//325
f 325//325 336//336 337//337
f 325//325 337//337 326//326
f 326//326 337//337 327//327
f 326//326 327//327 316//316
f 327//327 338//338 339//339
f 327//327 339//339 328//328
f 328//328 339//339 340//340
f 328//328 340//340 329//329
f 329//329 340//340 341//341
f 329//329 341//341 330//330
f 330//330 341//341 342//342
f 330//330 342//342 331//331
f 331//331 342//342 343//343
f 331//331 343//343 332//332
f 332//332 343//343 344//344
f 332//332 344//344 333//333
f 333//333 344//344 345//345
f 333//333 345//345 334//334
f 334//334 345//345 346//346
f 334//334 346//346 335//335
f 335//335 346//346 347//347
f 335//335 347//347 336//336
f 336//336 347//347 348//348
f 336//336 348//348 337//337
f 337//337 348//348 338//338
f 337//337 338//338 327//327
f 338//338 349//349 350//350
f 338//338 350//350 339//339
f 339//339 350//350 351//351
f 339//339 351//351 340//340
f 340//340 351//351 352//352
f 340//340 352//352 341//341
f 341//341 352//352 353//353
f 341//341 353//353 342//342
f 342//342 353//353 354//354
f 342//342 354//354 343//343
f 343//343 354//354 355//355
f 343//343 355//355 344//344
f 344//344 355//355 356//356
f 344//344 356//356 345//345
f 345//345 356//356 357//357
f 345//345 357//357 346//346
f 346//346 357//357 358//358
f 346//346 358//358 347//347
f 347//347 358//358 359//359
f 347//347 359//359 348//348
f 348//348 359//359 349//349
f 348//348 349//349 338//338
f 349//349 360//360 361//361
f 349//349 361//361 350//350
f 350//350 361//361 362//362
f 350//350 362//362 351//351
f 351//351 362//362 363//363
f 351//351 363//363 352//352
f 352//352 363//363 364//364
f 352//352 364//364 353//353
f 353//353 364//364 365//365
f 353//353 365//365 354//354
f 354//354 365//365 366//366
f 354//354 366//366 355//355
f 355//355 366//366 367//367
f 355//355 367//367 356//356
f 356//356 367//367 368//368
f 356//356 368//368 357//357
f 357//357 368//368 369//369
f 357//357 369//369 358//358
f 358//358 369//369 370//370
f 358//358 370//370 359//359
f 359//359 370//370 360//360
f 359//359 360//360 349//349
f 360//360 371//371 372//372
f 360//360 372//372 361//361
f 361//361 372//372 373//373
f 361//361 373//373 362//362
f 362//362 373//373 374//374
f 362//362 374//374 363//363
f 363//363 374//374 375//375
f 363//363 375//375 364//364
f 364//364 375//375 376//376
f 364//364 376//376 365//365
f 365//365 376//376 377//377
f 365//365 377//377 366//366
f 366//366 377//377 378//378
f 366//366 378//378 367//367
f 367//367 378//378 379//379
f 367//367 379//379 368//368
f 368//368 379//379 380//380
f 368//368 380//380 369//369
f 369//369 380//380 381//381
f 369//369 381//381 370//370
f 370//370 381//381 371//371
f 370//370 371//371 360//360
f 371//371 382//382 383//383
f 371//371 383//383 372//372
f 372//372 383//383 384//384
f 372//372 384//384 373//373
f 373//373 384//384 385//385
f 373//373 385//385 374//374
f 374//374 385//385 386//386
f 374//374 386//386 375//375
f 375//375 386//386 387//387
f 375//375 387//387 376//376
f 376//376 387//387 388//388
f 376//376 388//388 377//377
f 377//377 388//388 389//389
f 377//377 389//389 378//378
f 378//378 389//389 390//390
f 378//378 390//390 379//379
f 379//379 390//390 391//391
f 379//379 391//391 380//380
f 380//380 391//391 392//392
f 380//380 392//392 381//381
f 381//381 392//392 382//382
f 381//381 382//382 371//371
f 382//382 393//393 394//394
f 382//382 394//394 383//383
f 383//383 394//394 395//395
f 383//383 395//395 384//384
f 384//384 395//395 396//396
f 384//384 396//396 385//385
f 385//385 396//396 397//397
f 385//385 397//397 386//386
f 386//386 397//397 398//398
f 386//386 398//398 387//387
f 387//387 398//398 399//399
f 387//387 399//399 388//388
f 388//388 399//399 400//400
f 388//388 400//400 389//389
f 389//389 400//400 401//401
f 389//389 401//401 390//390
f 390//390 401//401 402//402
f 390//390 402//402 391//391
f 391//391 402//402 403//403
f 391//391 403//403 392//392
f 392//392 403//403 393//393
f 392//392 393//393 382//382
f 393//393 129//129 130//130
f 393//393 130//130 394//394
f 394//394 130//130 131//131
f 394//394 131//131 395//395
f 395//395 131//131 132//132
f 395//395 132//132 396//396
f 396//396 132//132 133//133
f 396//396 133//133 397//397
f 397//397 133//133 134//134
f 397//397 134//134 398//398
f 398//398 134//134 135//135
f 398//398 135//135 399//399
f 399//399 135//135 136//136
f 399//399 136//136 400//400
f 400//400 136//136 137//137
f 400//400 137//137 401//401
f 401//401 137//137 138//138
f 401//401 138//138 402//402
f 402//402 138//138 139//139
f 402//402 139//139 403//403
f 403//403 139//139 129//129
f 403//403 129//129 393//393
f 405//405 404//404 408//408
f 405//405 408//408 406//406
f 406//406 408//408 409//409
f 406//406 409//409 407//407
f 408//408 404//404 410//410
f 408//408 410//410 409//409
f 409//409 410//410 411//411
f 409//409 411//411 407//407
f 410//410 404//404 412//412
f 410//410 412//412 411//411
f 411//411 412//412 413//413
f 411//411 413//413 407//407
f 412//412 404//404 414//414
f 412//412 414//414 413//413
f 413//413 414//414 415//415
f 413//413 415//415 407//407
f 414//414 404//404 416//416
f 414//414 416//416 415//415
f 415//415 416//416 417//417
f 415//415 417//417 407//407
f 416//416 404//404 418//418
f 416//416 418//418 417//417
f 417//417 418//418 419//419
f 417//417 419//419 407//407
f 418//418 404//404 420//420
f 418//418 420//420 419//419
f 419//419 420//420 421//421
f 419//419 421//421 407//407
f 420//420 404//404 422//422
f 420//420 422//422 421//421
f 421//421 422//422 423//423
f 421//421 423//423 407//407
f 422//422 404//404 424//424
f 422//422 424//424 423//423
f 423//423 424//424 425//425
f 423//423 425//425 407//407
f 424//424 404//404 426//426
f 424//424 426//426 425//425
f 425//425 426//426 427//427
f 425//425 427//427 407//407
f 426//426 404//404 428//428
f 426//426 428//428 427//427
f 427//427 428//428 429//429
f 427//427 429//429 407//407
f 428//428 404//404 430//430
f 428//428 430//430 429//429
f 429//429 430//430 431//431
f 429//429 431//431 407//407
f 430//430 404//404 432//432
f 430//430 432//432 431//431
f 431//431 432//432 433//433
f 431//431 433//433 407//407
f 432//432 404//404 434//434
f 432//432 434//434 433//433
f 433//433 434//434 435//435
f 433//433 435//435 407//407
f 434//434 404//404 436//436
f 434//434 436//436 435//435
f 435//435 436//436 437//437
f 435//435 437//437 407//407
f 436//436 404//404 438//438
f 436//436 438//438 437//437
f 437//437 438//438 439//439
f 437//437 439//439 407//407
f 438//438 404//404 440//440
f 438//438 440//440 439//439
f 439//439 440//440 441//441
f 439//439 441//441 407//407
f 440//440 404//404 405//405
f 440//440 405//405 441//441
f 441//441 405//405 406//406
f 441//441 406//406 407//407
f 442//442 453//453 454//454
f 442//442 454//454 443//443
f 443//443 454//454 455//455
f 443//443 455//455 444//444
f 444//444 455//455 456//456
f 444//444 456//456 445//445
f 445//445 456//456 457//457
f 445//445 457//457 446//446
f 446//446 457//457 458//458
f 446//446 458//458 447//447
f 447//447 458//458 459//459
f 447//447 459//459 448//448
f 448//448 459//459 460//460
f 448//448 460//460 449//449
f 449//449 460//460 461//461
f 449//449 461//461 450//450
f 450//450 461//461 462//462
f 450//450 462//462 451//451
f 451//451 462//462 463//463
f 451//451 463//463 452//452
f 452//452 463//463 453//453
f 452//452 453//453 442//442
f 453//453 464//464 465//465
f 453//453 465//465 454//454
f 454//454 465//465 466//466
f 454//454 466//466 455//455
f 455//455 466//466 467//467
f 455//455 467//467 456//456
f 456//456 467//467 468//468
f 456//456 468//468 457//457
f 457//457 468//468 469//469
f 457//457 469//469 458//458
f 458//458 469//469 470//470
f 458//458 470//470 459//459
f 459//459 470//470 471//471
f 459//459 471//471 460//460
f 460//460 471//471 472//472
f 460//460 472//472 461//461
f 461//461 472//472 473//473
f 461//461 473//473 462//462
f 462//462 473//473 474//474
f 462//462 474//474 463//463
f 463//463 474//474 464//464
f 463//463 464//464 453//453
f 464//464 475//475 476//476
f 464//464 476//476 465//465
f 465//465 476//476 477//477
f 465//465 477//477 466//466
f 466//466 477//477 478//478
f 466//466 478//478 467//467
f 467//467 478//478 479//479
f 467//467 479//479 468//468
f 468//468 479//479 480//480
f 468//468 480//480 469//469
f 469//469 480//480 481//481
f 469//469 481//481 470//470
f 470//470 481//481 482//482
f 470//470 482//482 471//471
f 471//471 482//482 483//483
f 471//471 483//483 472//472
f 472//472 483//483 484//484
f 472//472 484//484 473//473
f 473//473 484//484 485//485
f 473//473 485//485 474//474
f 474//474 485//485 475//475
f 474//474 475//475 464//464
f 475//475 486//486 487//487
f 475//475 487//487 476//476
f 476//476 487//487 488//488
f 476//476 488//488 477//477
f 477//477 488//488 489//489
f 477//477 489//489 478//478
f 478//478 489//489 490//490
f 478//478 490//490 479//479
f 479//479 490//490 491//491
f 479//479 491//491 480//480
f 480//480 491//491 492//492
f 480//480 492//492 481//481
f 481//481 492//492 493//493
f 481//481 493//493 482//482
f 482//482 493//493 494//494
f 482//482 494//494 483//483
f 483//483 494//494 495//495
f 483//483 495//495 484//484
f 484//484 495//495 496//496
f 484//484 496//496 485//485
f 485//485 496//496 486//486
f 485//485 486//486 475//475
f 486//486 497//497 498//498
f 486//486 498//498 487//487
f 487//487 498//498 499//499
f 487//487 499//499 488//488
f 488//488 499//499 500//500
f 488//488 500//500 489//489
f 489//489 500//500 501//501
f 489//489 501//501 490//490
f 490//490 501//501 502//502
f 490//490 502//502 491//491
f 491//491 502//502 503//503
f 491//491 503//503 492//492
f 492//492 503//503 504//504
f 492//492 504//504 493//493
f 493//493 504//504 505//505
f 493//493 505//505 494//494
f 494//494 505//505 506//506
f 494//494 506//506 495//495
f 495//495 506//506 507//507
f 495//495 507//507 496//496
f 496//496 507//507 497//497
f 496//496 497//497 486//486
f 497//497 508//508 509//509
f 497//497 509//509 498//498
f 498//498 509//509 510//510
f 498//498 510//510 499//499
f 499//499 510//510 511//511
f 499//499 511//511 500//500
f 500//500 511//511 512//512
f 500//500 512//512 501//501
f 501//501 512//512 513//513
f 501//501 513//513 502//502
f 502//502 513//513 514//514
f 502//502 514//514 503//503
f 503//503 514//514 515//515
f 503//503 515//515 504//504
f 504//504 515//515 516//516
f 504//504 516//516 505//505
f 505//505 516//516 517//517
f 505//505 517//517 506//506
f 506//506 517//517 518//518
f 506//506 518//518 507//507
f 507//507 518//518 508//508
f 507//507 508//508 497//497
f 508//508 519//519 520//520
f 508//508 520//520 509//509
f 509//509 520//520 521//521
f 509//509 521//521 510//510
f 510//510 521//521 522//522
f 510//510 522//522 511//511
f 511//511 522//522 523//523
f 511//511 523//523 512//512
f 512//512 523//523 524//524
f 512//512 524//524 513//513
f 513//513 524//524 525//525
f 513//513 525//525 514//514
f 514//514 525//525 526//526
f 514//514 526//526 515//515
f 515//515 526//526 527//527
f 515//515 527//527 516//516
f 516//516 527//527 528//528
f 516//516 528//528 517//517
f 517//517 528//528 529//529
f 517//517 529//529 518//518
f 518//518 529//529 519//519
f 518//518 519//519 508//508
f 519//519 530//530 531//531
f 519//519 531//531 520//520
f 520//520 531//531 532//532
f 520//520 532//532 521//521
f 521//521 532//532 533//533
f 521//521 533//533 522//522
f 522//522 533//533 534//534
f 522//522 534//534 523//523
f 523//523 534//534 535//535
f 523//523 535//535 524//524
f 524//524 535//535 536//536
f 524//524 536//536 525//525
f 525//525 536//536 537//537
f 525//525 537//537 526//526
f 526//526 537//537 538//538
f 526//526 538//538 527//527
f 527//527 538//538 539//539
f 527//527 539//539 528//528
f 528//528 539//539 540//540
f 528//528 540//540 529//529
f 529//529 540//540 530//530
f 529//529 530//530 519//519
f 530//530 541//541 542//542
f 530//530 542//542 531//531
f 531//531 542//542 543//543
f 531//531 543//543 532//532
f 532//532 543//543 544//544
f 532//532 544//544 533//533
f 533//533 544//544 545//545
f 533//533 545//545 534//534
f 534//534 545//545 546//546
f 534//534 546//546 535//535
f 535//535 546//546 547//547
f 535//535 547//547 536//536
f 536//536 547//547 548//548
f 536//536 548//548 537//537
f 537//537 548//548 549//549
f 537//537 549//549 538//538
f 538//538 549//549 550//550
f 538//538 550//550 539//539
f 539//539 550//550 551//551
f 539//539 551//551 540//540
f 540//540 551//551 541//541
f 540//540 541//541 530//530
f 541//541 552//552 553//553
f 541//541 553//553 542//542
f 542//542 553//553 554//554
f 542//542 554//554 543//543
f 543//543 554//554 555//555
f 543//543 555//555 544//544
f 544//544 555//555 556//556
f 544//544 556//556 545//545
f 545//545 556//556 557//557
f 545//545 557//557 546//546
f 546//546 557//557 558//558
f 546//546 558//558 547//547
f 547//547 558//558 559//559
f 547//547 559//559 548//548
f 548//548 559//559 560//560
f 548//548 560//560 549//549
f 549//549 560//560 561//561
f 549//549 561//561 550//550
f 550//550 561//561 562//562
f 550//550 562//562 551//551
f 551//551 562//562 552//552
f 551//551 552//552 541//541
f 552//552 563//563 564//564
f 552//552 564//564 553//553
f 553//553 564//564 565//565
f 553//553 565//565 554//554
f 554//554 565//565 566//566
f 554//554 566//566 555//555
f 555//555 566//566 567//567
f 555//555 567//567 556//556
f 556//556 567//567 568//568
f 556//556 568//568 557//557
f 557//557 568//568 569//569
f 557//557 569//569 558//558
f 558//558 569//569 570//570
f 558//558 570//570 559//559
f 559//559 570//570 571//571
f 559//559 571//571 560//560
f 560//560 571//571 572//572
f 560//560 572//572 561//561
f 561//561 572//572 573//573
f 561//561 573//573 562//562
f 562//562 573//573 563//563
f 562//562 563//563 552//552
f 563//563 574//574 575//575
f 563//563 575//575 564//564
f 564//564 575//575 576//576
f 564//564 576//576 565//565
f 565//565 576//576 577//577
f 565//565 577//577 566//566
f 566//566 577//577 578//578
f 566//566 578//578 567//567
f 567//567 578//578 579//579
f 567//567 579//579 568//568
f 568//568 579//579 580//580
f 568//568 580//580 569//569
f 569//569 580//580 581//581
f 569//569 581//581 570//570
f 570//570 581//581 582//582
f 570//570 582//582 571//571
f 571//571 582//582 583//583
f 571//571 583//583 572//572
f 572//572 583//583 584//584
f 572//572 584//584 573//573
f 573//573 584//584 574//574
f 573//573 574//574 563//563
f 574//574 585//585 586//586
f 574//574 586//586 575//575
f 575//575 586//586 587//587
f 575//575 587//587 576//576
f 576//576 587//587 588//588
f 576//576 588//588 577//577
f 577//577 588//588 589//589
f 577//577 589//589 578//578
f 578//578 589//589 590//590
f 578//578 590//590 579//579
f 579//579 590//590 591//591
f 579//579 591//591 580//580
f 580//580 591//591 592//592
f 580//580 592//592 581//581
f 581//581 592//592 593//593
f 581//581 593//593 582//582
f 582//582 593//593 594//594
f 582//582 594//594 583//583
f 583//583 594//594 595//595
f 583//583 595//595 584//584
f 584//584 595//595 585//585
f 584//584 585//585 574//574
f 585//585 596//596 597//597
f 585//585 597//597 586//586
f 586//586 597//597 598//598
f 586//586 598//598 587//587
f 587//587 598//598 599//599
f 587//587 599//599 588//588
f 588//588 599//599 600//600
f 588//588 600//600 589//589
f 589//589 600//600 601//601
f 589//589 601//601 590//590
f 590//590 601//601 602//602
f 590//590 602//602 591//591
f 591//591 602//602 603//603
f 591//591 603//603 592//592
f 592//592 603//603 604//604
f 592//592 604//604 593//593
f 593//593 604//604 605//605
f 593//593 605//605 594//594
f 594//594 605//605 606//606
f 594//594 606//606 595//595
f 595//595 606//606 596//596
f 595//595 596//596 585//585
f 596//596 607//607 608//608
f 596//596 608//608 597//597
f 597//597 608//608 609//609
f 597//597 609//609 598//598
f 598//598 609//609 610//610
f 598//598 610//610 599//599
f 599//599 610//610 611//611
f 599//599 611//611 600//600
f 600//600 611//611 612//612
f 600//600 612//612 601//601
f 601//601 612//612 613//613
f 601//601 613//613 602//602
f 602//602 613//613 614//614
f 602//602 614//614 603//603
f 603//603 614//614 615//615
f 603//603 615//615 604//604
f 604//604 615//615 616//616
f 604//604 616//616 605//605
f 605//605 616//616 617//617
f 605//605 617//617 606//606
f 606//606 617//617 607//607
f 606//606 607//607 596//596
f 607//607 618//618 619//619
f 607//607 619//619 608//608
f 608//608 619//619 620//620
f 608//608 620//620 609//609
f 609//609 620//620 621//621
f 609//609 621//621 610//610
f 610//610 621//621 622//622
f 610//610 622//622 611//611
f 611//611 622//622 623//623
f 611//611 623//623 612//612
f 612//612 623//623 624//624
f 612//612 624//624 613//613
f 613//613 624//624 625//625
f 613//613 625//625 614//614
f 614//614 625//625 626//626
f 614//614 626//626 615//615
f 615//615 626//626 627//627
f 615//615 627//627 616//616
f 616//616 627//627 628//628
f 616//616 628//628 617//617
f 617//617 628//628 618//618
f 617//617 618//618 607//607
f 618//618 629//629 630//630
f 618//618 630//630 619//619
f 619//619 630//630 631//631
f 619//619 631//631 620//620
f 620//620 631//631 632//632
f 620//620 632//632 621//621
f 621//621 632//632 633//633
f 621//621 633//633 622//622
f 622//622 633//633 634//634
f 622//622 634//634 623//623
f 623//623 634//634 635//635
f 623//623 635//635 624//624
f 624//624 635//635 636//636
f 624//624 636//636 625//625
f 625//625 636//636 637//637
f 625//625 637//637 626//626
f 626//626 637//637 638//638
f 626//626 638//638 627//627
f 627//627 638//638 639//639
f 627//627 639//639 628//628
f 628//628 639//639 629//629
f 628//628 629//629 618//618
f 629//629 640//640 641//641
f 629//629 641//641 630//630
f 630//630 641//641 642//642
f 630//630 642//642 631//631
f 631//631 642//642 643//643
f 631//631 643//643 632//632
f 632//632 643//643 644//644
f 632//632 644//644 633//633
f 633//633 644//644 645//645
f 633//633 645//645 634//634
f 634//634 645//645 646//646
f 634//634 646//646 635//635
f 635//635 646//646 647//647
f 635//635 647//647 636//636
f 636//636 647//647 648//648
f 636//636 648//648 637//637
f 637//637 648//648 649//649
f 637//637 649//649 638//638
f 638//638 649//649 650//650
f 638//638 650//650 639//639
f 639//639 650//650 640//640
f 639//639 640//640 629//629
f 640//640 651//651 652//652
f 640//640 652//652 641//641
f 641//641 652//652 653//653
f 641//641 653//653 642//642
f 642//642 653//653 654//654
f 642//642 654//654 643//643
f 643//643 654//654 655//655
f 643//643 655//655 644//644
f 644//644 655//655 656//656
f 644//644 656//656 645//645
f 645//645 656//656 657//657
f 645//645 657//657 646//646
f 646//646 657//657 658//658
f 646//646 658//658 647//647
f 647//647 658//658 659//659
f 647//647 659//659 648//648
f 648//648 659//659 660//660
f 648//648 660//660 649//649
f 649//649 660//660 661//661
f 649//649 661//661 650//650
f 650//650 661//661 651//651
f 650//650 651//651 640//640
f 651//651 662//662 663//663
f 651//651 663//663 652//652
f 652//652 663//663 664//664
f 652//652 664//664 653//653
f 653//653 664//664 665//665
f 653//653 665//665 654//654
f 654//654 665//665 666//666
f 654//654 666//666 655//655
f 655//655 666//666 667//667
f 655//655 667//667 656//656
f 656//656 667//667 668//668
f 656//656 668//668 657//657
f 657//657 668//668 669//669
f 657//657 669//669 658//658
f 658//658 669//669 670//670
f 658//658 670//670 659//659
f 659//659 670//670 671//671
f 659//659 671//671 660//660
f 660//660 671//671 672//672
f 660//660 672//672 661//661
f 661//661 672//672 662//662
f 661//661 662//662 651//651
f 662//662 673//673 674//674
f 662//662 674//674 663//663
f 663//663 674//674 675//675
f 663//663 675//675 664//664
f 664//664 675//675 676//676
f 664//664 676//676 665//665
f 665//665 676//676 677//677
f 665//665 677//677 666//666
f 666//666 677//677 678//678
f 666//666 678//678 667//667
f 667//667 678//678 679//679
f 667//667 679//679 668//668
f 668//668 679//679 680//680
f 668//668 680//680 669//669
f 669//669 680//680 681//681
f 669//669 681//681 670//670
f 670//670 681//681 682//682
f 670//670 682//682 671//671
f 671//671 682//682 683//683
f 671//671 683//683 672//672
f 672//672 683//683 673//673
f 672//672 673//673 662//662
f 673//673 684//684 685//685
f 673//673 685//685 674//674
f 674//674 685//685 686//686
f 674//674 686//686 675//675
f 675//675 686//686 687//687
f 675//675 687//687 676//676
f 676//676 687//687 688//688
f 676//676 688//688 677//677
f 677//677 688//688 689//689
f 677//677 689//689 678//678
f 678//678 689//689 690//690
f 678//678 690//690 679//679
f 679//679 690//690 691//691
f 679//679 691//691 680//680
f 680//680 691//691 692//692
f 680//680 692//692 681//681
f 681//681 692//692 693//693
f 681//681 693//693 682//682
f 682//682 693//693 694//694
f 682//682 694//694 683//683
f 683//683 694//694 684//684
f 683//683 684//684 673//673
f 684//684 695//695 696//696
f 684//684 696//696 685//685
f 685//685 696//696 697//697
f 685//685 697//697 686//686
f 686//686 697//697 698//698
f 686//686 698//698 687//687
f 687//687 698//698 699//699
f 687//687 699//699 688//688
f 688//688 699//699 700//700
f 688//688 700//700 689//689
f 689//689 700//700 701//701
f 689//689 701//701 690//690
f 690//690 701//701 702//702
f 690//690 702//702 691//691
f 691//691 702//702 703//703
f 691//691 703//703 692//692
f 692//692 703//703 704//704
f 692//692 704//704 693//693
f 693//693 704//704 705//705
f 693//693 705//705 694//694
f 694//694 705//705 695//695
f 694//694 695//695 684//684
f 695//695 706//706 707//707
f 695//695 707//707 696//696
f 696//696 707//707 708//708
f 696//696 708//708 697//697
f 697//697 708//708 709//709
f 697//697 709//709 698//698
f 698//698 709//709 710//710
f 698//698 710//710 699//699
f 699//699 710//710 711//711
f 699//699 711//711 700//700
f 700//700 711//711 712//712
f 700//700 712//712 701//701
f 701//701 712//712 713//713
f 701//701 713//713 702//702
f 702//702 713//713 714//714
f 702//702 714//714 703//703
f 703//703 714//714 715//715
f 703//703 715//715 704//704
f 704//704 715//715 716//716
f 704//704 716//716 705//705
f 705//705 716//716 706//706
f 705//705 706//706 695//695
f 706//706 442//442 443//443
f 706//706 443//443 707//707
f 707//707 443//443 444//444
f 707//707 444//444 708//708
f 708//708 444//444 445//445
f 708//708 445//445 709//709
f 709//709 445//445 446//446
f 709//709 446//446 710//710
f 710//710 446//446 447//447
f 710//710 447//447 711//711
f 711//711 447//447 448//448
f 711//711 448//448 712//712
f 712//712 448//448 449//449
f 712//712 449//449 713//713
f 713//713 449//449 450//450
f 713//713 450//450 714//714
f 714//714 450//450 451//451
f 714//714 451//451 715//715
f 715//715 451//451 452//452
f 715//715 452//452 716//716
f 716//716 452//452 442//442
f 716//716 442//442 706//706
f 718//718 717//717 721//721
f 718//718 721//721 719//719
f 719//719 721//721 722//722
f 719//719 722//722 720//720
f 721//721 717//717 723//723
f 721//721 723//723 722//722
f 722//722 723//723 724//724
f 722//722 724//724 720//720
f 723//723 717//717 725//725
f 723//723 725//725 724//724
f 724//724 725//725 726//726
f 724//724 726//726 720//720
f 725//725 717//717 727//727
f 725//725 727//727 726//726
f 726//726 727//727 728//728
f 726//726 728//728 720//720
f 727//727 717//717 729//729
f 727//727 729//729 728//728
f 728//728 729//729 730//730
f 728//728 730//730 720//720
f 729//729 717//717 731//731
f 729//729 731//731 730//730
f 730//730 731//731 732//732
f 730//730 732//732 720//720
f 731//731 717//717 733//733
f 731//731 733//733 732//732
f 732//732 733//733 734//734
f 732//732 734//734 720//720
f 733//733 717//717 735//735
f 733//733 735//735 734//734
f 734//734 735//735 736//736
f 734//734 736//736 720//720
f 735//735 717//717 737//737
f 735//735 737//737 736//736
f 736//736 737//737 738//738
f 736//736 738//738 720//720
f 737//737 717//717 739//739
f 737//737 739//739 738//738
f 738//738 739//739 740//740
f 738//738 740//740 720//720
f 739//739 717//717 741//741
f 739//739 741//741 740//740
f 740//740 741//741 742//742
f 740//740 742//742 720//720
f 741//741 717//717 743//743
f 741//741 743//743 742//742
f 742//742 743//743 744//744
f 742//742 744//744 720//720
f 743//743 717//717 745//745
f 743//743 745//745 744//744
f 744//744 745//745 746//746
f 744//744 746//746 720//720
f 745//745 717//717 747//747
f 745//745 747//747 746//746
f 746//746 747//747 748//748
f 746//746 748//748 720//720
f 747//747 717//717 749//749
f 747//747 749//749 748//748
f 748//748 749//749 750//750
f 748//748 750//750 720//720
f 749//749 717//717 751//751
f 749//749 751//751 750//750
f 750//750 751//751 752//752
f 750//750 752//752 720//720
f 751//751 717//717 753//753
f 751//751 753//753 752//752
f 752//752 753//753 754//754
f 752//752 754//754 720//720
f 753//753 717//717 718//718
f 753//753 718//718 754//754
f 754//754 718//718 719//719
f 754//754 719//719 720//720
f 755//755 766//766 767//767
f 755//755 767//767 756//756
f 756//756 767//767 768//768
f 756//756 768//768 757//757
f 757//757 768//768 769//769
f 757//757 769//769 758//758
f 758//758 769//769 770//770
f 758//758 770//770 759//759
f 759//759 770//770 771//771
f 759//759 771//771 760//760
f 760//760 771//771 772//772
f 760//760 772//772 761//761
f 761//761 772//772 773//773
f 761//761 773//773 762//762
f 762//762 773//773 774//774
f 762//762 774//774 763//763
f 763//763 774//774 775//775
f 763//763 775//775 764//764
f 764//764 775//775 776//776
f 764//764 776//776 765//765
f 765//765 776//776 766//766
f 765//765 766//766 755//755
f 766//766 777//777 778//778
f 766//766 778//778 767//767
f 767//767 778//778 779//779
f 767//767 779//779 768//768
f 768//768 779//779 780//780
f 768//768 780//780 769//769
f 769//769 780//780 781//781
f 769//769 781//781 770//770
f 770//770 781//781 782//782
f 770//770 782//782 771//771
f 771//771 782//782 783//783
f 771//771 783//783 772//772
f 772//772 783//783 784//784
f 772//772 784//784 773//773
f 773//773 784//784 785//785
f 773//773 785//785 774//774
f 774//774 785//785 786//786
f 774//774 786//786 775//775
f 775//775 786//786 787//787
f 775//775 787//787 776//776
f 776//776 787//787 777//777
f 776//776 777//777 766//766
f 777//777 788//788 789//789
f 777//777 789//789 778//778
f 778//778 789//789 790//790
f 778//778 790//790 779//779
f 779//779 790//790 791//791
f 779//779 791//791 780//780
f 780//780 791//791 792//792
f 780//780 792//792 781//781
f 781//781 792//792 793//793
f 781//781 793//793 782//782
f 782//782 793//793 794//794
f 782//782 794//794 783//783
f 783//783 794//794 795//795
f 783//783 795//795 784//784
f 784//784 795//795 796//796
f 784//784 796//796 785//785
f 785//785 796//796 797//797
f 785//785 797//797 786//786
f 786//786 797//797 798//798
f 786//786 798//798 787//787
f 787//787 798//798 788//788
f 787//787 788//788 777//777
f 788//788 799//799 800//800
f 788//788 800//800 789//789
f 789//789 800//800 801//801
f 789//789 801//801 790//790
f 790//790 801//801 802//802
f 790//790 802//802 791//791
f 791//791 802//802 803//803
f 791//791 803//803 792//792
f 792//792 803//803 804//804
f 792//792 804//804 793//793
f 793//793 804//804 805//805
f 793//793 805//805 794//794
f 794//794 805//805 806//806
f 794//794 806//806 795//795
f 795//795 806//806 807//807
f 795//795 807//807 796//796
f 796//796 807//807 808//808
f 796//796 808//808 797//797
f 797//797 808//808 809//809
f 797//797 809//809 798//798
f 798//798 809//809 799//799
f 798//798 799//799 788//788
f 799//799 810//810 811//811
f 799//799 811//811 800//800
f 800//800 811//811 812//812
f 800//800 812//812 801//801
f 801//801 812//812 813//813
f 801//801 813//813 802//802
f 802//802 813//813 814//814
f 802//802 814//814 803//803
f 803//803 814//814 815//815
f 803//803 815//815 804//804
f 804//804 815//815 816//816
f 804//804 816//816 805//805
f 805//805 816//816 817//817
f 805//805 817//817 806//806
f 806//806 817//817 818//818
f 806//806 818//818 807//807
f 807//807 818//818 819//819
f 807//807 819//819 808//808
f 808//808 819//819 820//820
f 808//808 820//820 809//809
f 809//809 820//820 810//810
f 809//809 810//810 799//799
f 810//810 821//821 822//822
f 810//810 822//822 811//811
f 811//811 822//822 823//823
f 811//811 823//823 812//812
f 812//812 823//823 824//824
f 812//812 824//824 813//813
f 813//813 824//824 825//825
f 813//813 825//825 814//814
f 814//814 825//825 826//826
f 814//814 826//826 815//815
f 815//815 826//826 827//827
f 815//815 827//827 816//816
f 816//816 827//827 828//828
f 816//816 828//828 817//817
f 817//817 828//828 829//829
f 817//817 829//829 818//818
f 818//818 829//829 830//830
f 818//818 830//830 819//819
f 819//819 830//830 831//831
f 819//819 831//831 820//820
f 820//820 831//831 821//821
f 820//820 821//821 810//810
f 821//821 832//832 833//833
f 821//821 833//833 822//822
f 822//822 833//833 834//834
f 822//822 834//834 823//823
f 823//823 834//834 835//835
f 823//823 835//835 824//824
f 824//824 835//835 836//836
f 824//824 836//836 825//825
f 825//825 836//836 837//837
f 825//825 837//837 826//826
f 826//826 837//837 838//838
f 826//826 838//838 827//827
f 827//827 838//838 839//839
f 827//827 839//839 828//828
f 828//828 839//839 840//840
f 828//828 840//840 829//829
f 829//829 840//840 841//841
f 829//829 841//841 830//830
f 830//830 841//841 842//842
f 830//830 842//842 831//831
f 831//831 842//842 832//832
f 831//831 832//832 821//821
f 832//832 843//843 844//844
f 832//832 844//844 833//833
f 833//833 844//844 845//845
f 833//833 845//845 834//834
f 834//834 845//845 846//846
f 834//834 846//846 835//835
f 835//835 846//846 847//847
f 835//835 847//847 836//836
f 836//836 847//847 848//848
f 836//836 848//848 837//837
f 837//837 848//848 849//849
f 837//837 849//849 838//838
f 838//838 849//849 850//850
f 838//838 850//850 839//839
f 839//839 850//850 851//851
f 839//839 851//851 840//840
f 840//840 851//851 852//852
f 840//840 852//852 841//841
f 841//841 852//852 853//853
f 841//841 853//853 842//842
f 842//842 853//853 843//843
f 842//842 843//843 832//832
f 843//843 854//854 855//855
f 843//843 855//855 844//844
f 844//844 855//855 856//856
f 844//844 856//856 845//845
f 845//845 856//856 857//857
f 845//845 857//857 846//846
f 846//846 857//857 858//858
f 846//846 858//858 847//847
f 847//847 858//858 859//859
f 847//847 859//859 848//848
f 848//848 859//859 860//860
f 848//848 860//860 849//849
f 849//849 860//860 861//861
f 849//849 861//861 850//850
f 850//850 861//861 862//862
f 850//850 862//862 851//851
f 851//851 862//862 863//863
f 851//851 863//863 852//852
f 852//852 863//863 864//864
f 852//852 864//864 853//853
f 853//853 864//864 854//854
f 853//853 854//854 843//843
f 854//854 865//865 866//866
f 854//854 866//866 855//855
f 855//855 866//866 867//867
f 855//855 867//867 856//856
f 856//856 867//867 868//868
f 856//856 868//868 857//857
f 857//857 868//868 869//869
f 857//857 869//869 858//858
f 858//858 869//869 870//870
f 858//858 870//870 859//859
f 859//859 870//870 871//871
f 859//859 871//871 860//860
f 860//860 871//871 872//872
f 860//860 872//872 861//861
f 861//861 872//872 873//873
f 861//861 873//873 862//862
f 862//862 873//873 874//874
f 862//862 874//874 863//863
f 863//863 874//874 875//875
f 863//863 875//875 864//864
f 864//864 875//875 865//865
f 864//864 865//865 854//854
f 865//865 876//876 877//877
f 865//865 877//877 866//866
f 866//866 877//877 878//878
f 866//866 878//878 867//867
f 867//867 878//878 879//879
f 867//867 879//879 868//868
f 868//868 879//879 880//880
f 868//868 880//880 869//869
f 869//869 880//880 881//881
f 869//869 881//881 870//870
f 870//870 881//881 882//882
f 870//870 882//882 871//871
f 871//871 882//882 883//883
f 871//871 883//883 872//872
f 872//872 883//883 884//884
f 872//872 884//884 873//873
f 873//873 884//884 885//885
f 873//873 885//885 874//874
f 874//874 885//885 886//886
f 874//874 886//886 875//875
f 875//875 886//886 876//876
f 875//875 876//876 865//865
f 876//876 887//887 888//888
f 876//876 888//888 877//877
f 877//877 888//888 889//889
f 877//877 889//889 878//878
f 878//878 889//889 890//890
f 878//878 890//890 879//879
f 879//879 890//890 891//891
f 879//879 891//891 880//880
f 880//880 891//891 892//892
f 880//880 892//892 881//881
f 881//881 892//892 893//893
f 881//881 893//893 882//882
f 882//882 893//893 894//894
f 882//882 894//894 883//883
f 883//883 894//894 895//895
f 883//883 895//895 884//884
f 884//884 895//895 896//896
f 884//884 896//896 885//885
f 885//885 896//896 897//897
f 885//885 897//897 886//886
f 886//886 897//897 887//887
f 886//886 887//887 876//876
f 887//887 898//898 899//899
f 887//887 899//899 888//888
f 888//888 899//899 900//900
f 888//888 900//900 889//889
f 889//889 900//900 901//901
f 889//889 901//901 890//890
f 890//890 901//901 902//902
f 890//890 902//902 891//891
f 891//891 902//902 903//903
f 891//891 903//903 892//892
f 892//892 903//903 904//904
f 892//892 904//904 893//893
f 893//893 904//904 905//905
f 893//893 905//905 894//894
f 894//894 905//905 906//906
f 894//894 906//906 895//895
f 895//895 906//906 907//907
f 895//895 907//907 896//896
f 896//896 907//907 908//908
f 896//896 908//908 897//897
f 897//897 908//908 898//898
f 897//897 898//898 887//887
f 898//898 909//909 910//910
f 898//898 910//910 899//899
f 899//899 910//910 911//911
f 899//899 911//911 900//900
f 900//900 911//911 912//912
f 900//900 912//912 901//901
f 901//901 912//912 913//913
f 901//901 913//913 902//902
f 902//902 913//913 914//914
f 902//902 914//914 903//903
f 903//903 914//914 915//915
f 903//903 915//915 904//904
f 904//904 915//915 916//916
f 904//904 916//916 905//905
f 905//905 916//916 917//917
f 905//905 917//917 906//906
f 906//906 917//917 918//918
f 906//906 918//918 907//907
f 907//907 918//918 919//919
f 907//907 919//919 908//908
f 908//908 919//919 909//909
f 908//908 909//909 898//898
f 909//909 920//920 921//921
f 909//909 921//921 910//910
f 910//910 921//921 922//922
f 910//910 922//922 911//911
f 911//911 922//922 923//923
f 911//911 923//923 912//912
f 912//912 923//923 924//924
f 912//912 924//924 913//913
f 913//913 924//924 925//925
f 913//913 925//925 914//914
f 914//914 925//925 926//926
f 914//914 926//926 915//915
f 915//915 926//926 927//927
f 915//915 927//927 916//916
f 916//916 927//927 928//928
f 916//916 928//928 917//917
f 917//917 928//928 929//929
f 917//917 929//929 918//918
f 918//918 929//929 930//930
f 918//918 930//930 919//919
f 919//919 930//930 920//920
f 919//919 920//920 909//909
f 920//920 931//931 932//932
f 920//920 932//932 921//921
f 921//921 932//932 933//933
f 921//921 933//933 922//922
f 922//922 933//933 934//934
f 922//922 934//934 923//923
f 923//923 934//934 935//935
f 923//923 935//935 924//924
f 924//924 935//935 936//936
f 924//924 936//936 925//925
f 925//925 936//936 937//937
f 925//925 937//937 926//926
f 926//926 937//937 938//938
f 926//926 938//938 927//927
f 927//927 938//938 939//939
f 927//927 939//939 928//928
f 928//928 939//939 940//940
f 928//928 940//940 929//929
f 929//929 940//940 941//941
f 929//929 941//941 930//930
f 930//930 941//941 931//931
f 930//930 931//931 920//920
f 931//931 942//942 943//943
f 931//931 943//943 932//932
f 932//932 943//943 944//944
f 932//932 944//944 933//933
f 933//933 944//944 945//945
f 933//933 945//945 934//934
f 934//934 945//945 946//946
f 934//934 946//946 935//935
f 935//935 946//946 947//947
f 935//935 947//947 936//936
f 936//936 947//947 948//948
f 936//936 948//948 937//937
f 937//937 948//948 949//949
f 937//937 949//949 938//938
f 938//938 949//949 950//950
f 938//938 950//950 939//939
f 939//939 950//950 951//951
f 939//939 951//951 940//940
f 940//940 951//951 952//952
f 940//940 952//952 941//941
f 941//941 952//952 942//942
f 941//941 942//942 931//931
f 942//942 953//953 954//954
f 942//942 954//954 943//943
f 943//943 954//954 955//955
f 943//943 955//955 944//944
f 944//944 955//955 956//956
f 944//944 956//956 945//945
f 945//945 956//956 957//957
f 945//945 957//957 946//946
f 946//946 957//957 958//958
f 946//946 958//958 947//947
f 947//947 958//958 959//959
f 947//947 959//959 948//948
f 948//948 959//959 960//960
f 948//948 960//960 949//949
f 949//949 960//960 961//961
f 949//949 961//961 950//950
f 950//950 961//961 962//962
f 950//950 962//962 951//951
f 951//951 962//962 963//963
f 951//951 963//963 952//952
f 952//952 963//963 953//953
f 952//952 953//953 942//942
f 953//953 964//964 965//965
f 953//953 965//965 954//954
f 954//954 965//965 966//966
f 954//954 966//966 955//955
f 955//955 966//966 967//967
f 955//955 967//967 956//956
f 956//956 967//967 968//968
f 956//956 968//968 957//957
f 957//957 968//968 969//969
f 957//957 969//969 958//958
f 958//958 969//969 970//970
f 958//958 970//970 959//959
f 959//959 970//970 971//971
f 959//959 971//971 960//960
f 960//960 971//971 972//972
f 960//960 972//972 961//961
f 961//961 972//972 973//973
f 961//961 973//973 962//962
f 962//962 973//973 974//974
f 962//962 974//974 963//963
f 963//963 974//974 964//964
f 963//963 964//964 953//953
f 964//964 975//975 976//976
f 964//964 976//976 965//965
f 965//965 976//976 977//977
f 965//965 977//977 966//966
f 966//966 977//977 978//978
f 966//966 978//978 967//967
f 967//967 978//978 979//979
f 967//967 979//979 968//968
f 968//968 979//979 980//980
f 968//968 980//980 969//969
f 969//969 980//980 981//981
f 969//969 981//981 970//970
f 970//970 981//981 982//982
f 970//970 982//982 971//971
f 971//971 982//982 983//983
f 971//971 983//983 972//972
f 972//972 983//983 984//984
f 972//972 984//984 973//973
f 973//973 984//984 985//985
f 973//973 985//985 974//974
f 974//974 985//985 975//975
f 974//974 975//975 964//964
f 975//975 986//986 987//987
f 975//975 987//987 976//976
f 976//976 987//987 988//988
f 976//976 988//988 977//977
f 977//977 988//988 989//989
f 977//977 989//989 978//978
f 978//978 989//989 990//990
f 978//978 990//990 979//979
f 979//979 990//990 991//991
f 979//979 991//991 980//980
f 980//980 991//991 992//992
f 980//980 992//992 981//981
f 981//981 992//992 993//993
f 981//981 993//993 982//982
f 982//982 993//993 994//994
f 982//982 994//994 983//983
f 983//983 994//994 995//995
f 983//983 995//995 984//984
f 984//984 995//995 996//996
f 984//984 996//996 985//985
f 985//985 996//996 986//986
f 985//985 986//986 975//975
f 986//986 997//997 998//998
f 986//986 998//998 987//987
f 987//987 998//998 999//999
f 987//987 999//999 988//988
f 988//988 999//999 1000//1000
f 988//988 1000//1000 989//989
f 989//989 1000//1000 1001//1001
f 989//989 1001//1001 990//990
f 990//990 1001//1001 1002//1002
f 990//990 1002//1002 991//991
f 991//991 1002//1002 1003//1003
f 991//991 1003//1003 992//992
f 992//992 1003//1003 1004//1004
f 992//992 1004//1004 993//993
f 993//993 1004//1004 1005//1005
f 993//993 1005//1005 994//994
f 994//994 1005//1005 1006//1006
f 994//994 1006//1006 995//995
f 995//995 1006//1006 1007//1007
f 995//995 1007//1007 996//996
f 996//996 1007//1007 997//997
f 996//996 997//997 986//986
f 997//997 1008//1008 1009//1009
f 997//997 1009//1009 998//998
f 998//998 1009//1009 1010//1010
f 998//998 1010//1010 999//999
f 999//999 1010//1010 1011//1011
f 999//999 1011//1011 1000//1000
f 1000//1000 1011//1011 1012//1012
f 1000//1000 1012//1012 1001//1001
f 1001//1001 1012//1012 1013//1013
f 1001//1001 1013//1013 1002//1002
f 1002//1002 1013//1013 1014//1014
f 1002//1002 1014//1014 1003//1003
f 1003//1003 1014//1014 1015//1015
f 1003//1003 1015//1015 1004//1004
f 1004//1004 1015//1015 1016//1016
f 1004//1004 1016//1016 1005//1005
f 1005//1005 1016//1016 1017//1017
f 1005//1005 1017//1017 1006//1006
f 1006//1006 1017//1017 1018//1018
f 1006//1006 1018//1018 1007//1007
f 1007//1007 1018//1018 1008//1008
f 1007//1007 1008//1008 997//997
f 1008//1008 1019//1019 1020//1020
f 1008//1008 1020//1020 1009//1009
f 1009//1009 1020//1020 1021//1021
f 1009//1009 1021//1021 1010//1010
f 1010//1010 1021//1021 1022//1022
f 1010//1010 1022//1022 1011//1011
f 1011//1011 1022//1022 1023//1023
f 1011//1011 1023//1023 1012//1012
f 1012//1012 1023//1023 1024//1024
f 1012//1012 1024//1024 1013//1013
f 1013//1013 1024//1024 1025//1025
f 1013//1013 1025//1025 1014//1014
f 1014//1014 1025//1025 1026//1026
f 1014//1014 1026//1026 1015//1015
f 1015//1015 1026//1026 1027//1027
f 1015//1015 1027//1027 1016//1016
f 1016//1016 1027//1027 1028//1028
f 1016//1016 1028//1028 1017//1017
f 1017//1017 1028//1028 1029//1029
f 1017//1017 1029//1029 1018//1018
f 1018//1018 1029//1029 1019//1019
f 1018//1018 1019//1019 1008//1008
f 1019//1019 755//755 756//756
f 1019//1019 756//756 1020//1020
f 1020//1020 756//756 757//757
f 1020//1020 757//757 1021//1021
f 1021//1021 757//757 758//758
f 1021//1021 758//758 1022//1022
f 1022//1022 758//758 759//759
f 1022//1022 759//759 1023//1023
f 1023//1023 759//759 760//760
f 1023//1023 760//760 1024//1024
f 1024//1024 760//760 761//761
f 1024//1024 761//761 1025//1025
f 1025//1025 761//761 762//762
f 1025//1025 762//762 1026//1026
f 1026//1026 762//762 763//763
f 1026//1026 763//763 1027//1027
f 1027//1027 763//763 764//764
f 1027//1027 764//764 1028//1028
f 1028//1028 764//764 765//765
f 1028//1028 765//765 1029//1029
f 1029//1029 765//765 755//755
f 1029//1029 755//755 1019//1019
f 1031//1031 1030//1030 1034//1034
f 1031//1031 1034//1034 1032//1032
f 1032//1032 1034//1034 1035//1035
f 1032//1032 1035//1035 1033//1033
f 1034//1034 1030//1030 1036//1036
f 1034//1034 1036//1036 1035//1035
f 1035//1035 1036//1036 1037//1037
f 1035//1035 1037//1037 1033//1033
f 1036//1036 1030//1030 1038//1038
f 1036//1036 1038//1038 1037//1037
f 1037//1037 1038//1038 1039//1039
f 1037//1037 1039//1039 1033//1033
f 1038//1038 1030//1030 1040//1040
f 1038//1038 1040//1040 1039//1039
f 1039//1039 1040//1040 1041//1041
f 1039//1039 1041//1041 1033//1033
f 1040//1040 1030//1030 1042//1042
f 1040//1040 1042//1042 1041//1041
f 1041//1041 1042//1042 1043//1043
f 1041//1041 1043//1043 1033//1033
f 1042//1042 1030//1030 1044//1044
f 1042//1042 1044//1044 1043//1043
f 1043//1043 1044//1044 1045//1045
f 1043//1043 1045//1045 1033//1033
f 1044//1044 1030//1030 1046//1046
f 1044//1044 1046//1046 1045//1045
f 1045//1045 1046//1046 1047//1047
f 1045//1045 1047//1047 1033//1033
f 1046//1046 1030//1030 1048//1048
f 1046//1046 1048//1048 1047//1047
f 1047//1047 1048//1048 1049//1049
f 1047//1047 1049//1049 1033//1033
f 1048//1048 1030//1030 1050//1050
f 1048//1048 1050//1050 1049//1049
f 1049//1049 1050//1050 1051//1051
f 1049//1049 1051//1051 1033//1033
f 1050//1050 1030//1030 1052//1052
f 1050//1050 1052//1052 1051//1051
f 1051//1051 1052//1052 1053//1053
f 1051//1051 1053//1053 1033//1033
f 1052//1052 1030//1030 1054//1054
f 1052//1052 1054//1054 1053//1053
f 1053//1053 1054//1054 1055//1055
f 1053//1053 1055//1055 1033//1033
f 1054//1054 1030//1030 1056//1056
f 1054//1054 1056//1056 1055//1055
f 1055//1055 1056//1056 1057//1057
f 1055//1055 1057//1057 1033//1033
f 1056//1056 1030//1030 1058//1058
f 1056//1056 1058//1058 1057//1057
f 1057//1057 1058//1058 1059//1059
f 1057//1057 1059//1059 1033//1033
f 1058//1058 1030//1030 1060//1060
f 1058//1058 1060//1060 1059//1059
f 1059//1059 1060//1060 1061//1061
f 1059//1059 1061//1061 1033//1033
f 1060//1060 1030//1030 1062//1062
f 1060//1060 1062//1062 1061//1061
f 1061//1061 1062//1062 1063//1063
f 1061//1061 1063//1063 1033//1033
f 1062//1062 1030//1030 1064//1064
f 1062//1062 1064//1064 1063//1063
f 1063//1063 1064//1064 1065//1065
f 1063//1063 1065//1065 1033//1033
f 1064//1064 1030//1030 1066//1066
f 1064//1064 1066//1066 1065//1065
f 1065//1065 1066//1066 1067//1067
f 1065//1065 1067//1067 1033//1033
f 1066//1066 1030//1030 1031//1031
f 1066//1066 1031//1031 1067//1067
f 1067//1067 1031//1031 1032//1032
f 1067//1067 1032//1032 1033//1033
f 1068//1068 1079//1079 1080//1080
f 1068//1068 1080//1080 1069//1069
f 1069//1069 1080//1080 1081//1081
f 1069//1069 1081//1081 1070//1070
f 1070//1070 1081//1081 1082//1082
f 1070//1070 1082//1082 1071//1071
f 1071//1071 1082//1082 1083//1083
f 1071//1071 1083//1083 1072//1072
f 1072//1072 1083//1083 1084//1084
f 1072//1072 1084//1084 1073//1073
f 1073//1073 1084//1084 1085//1085
f 1073//1073 1085//1085 1074//1074
f 1074//1074 1085//1085 1086//1086
f 1074//1074 1086//1086 1075//1075
f 1075//1075 1086//1086 1087//1087
f 1075//1075 1087//1087 1076//1076
f 1076//1076 1087//1087 1088//1088
f 1076//1076 1088//1088 1077//1077
f 1077//1077 1088//1088 1089//1089
f 1077//1077 1089//1089 1078//1078
f 1078//1078 1089//1089 1079//1079
f 1078//1078 1079//1079 1068//1068
f 1079//1079 1090//1090 1091//1091
f 1079//1079 1091//1091 1080//1080
f 1080//1080 1091//1091 1092//1092
f 1080//1080 1092//1092 1081//1081
f 1081//1081 1092//1092 1093//1093
f 1081//1081 1093//1093 1082//1082
f 1082//1082 1093//1093 1094//1094
f 1082//1082 1094//1094 1083//1083
f 1083//1083 1094//1094 1095//1095
f 1083//1083 1095//1095 1084//1084
f 1084//1084 1095//1095 1096//1096
f 1084//1084 1096//1096 1085//1085
f 1085//1085 1096//1096 1097//1097
f 1085//1085 1097//1097 1086//1086
f 1086//1086 1097//1097 1098//1098
f 1086//1086 1098//1098 1087//1087
f 1087//1087 1098//1098 1099//1099
f 1087//1087 1099//1099 1088//1088
f 1088//1088 1099//1099 1100//1100
f 1088//1088 1100//1100 1089//1089
f 1089//1089 1100//1100 1090//1090
f 1089//1089 1090//1090 1079//1079
f 1090//1090 1101//1101 1102//1102
f 1090//1090 1102//1102 1091//1091
f 1091//1091 1102//1102 1103//1103
f 1091//1091 1103//1103 1092//1092
f 1092//1092 1103//1103 1104//1104
f 1092//1092 1104//1104 1093//1093
f 1093//1093 1104//1104 1105//1105
f 1093//1093 1105//1105 1094//1094
f 1094//1094 1105//1105 1106//1106
f 1094//1094 1106//1106 1095//1095
f 1095//1095 1106//1106 1107//1107
f 1095//1095 1107//1107 1096//1096
f 1096//1096 1107//1107 1108//1108
f 1096//1096 1108//1108 1097//1097
f 1097//1097 1108//1108 1109//1109
f 1097//1097 1109//1109 1098//1098
f 1098//1098 1109//1109 1110//1110
f 1098//1098 1110//1110 1099//1099
f 1099//1099 1110//1110 1111//1111
f 1099//1099 1111//1111 1100//1100
f 1100//1100 1111//1111 1101//1101
f 1100//1100 1101//1101 1090//1090
f 1101//1101 1112//1112 1113//1113
f 1101//1101 1113//1113 1102//1102
f 1102//1102 1113//1113 1114//1114
f 1102//1102 1114//1114 1103//1103
f 1103//1103 1114//1114 1115//1115
f 1103//1103 1115//1115 1104//1104
f 1104//1104 1115//1115 1116//1116
f 1104//1104 1116//1116 1105//1105
f 1105//1105 1116//1116 1117//1117
f 1105//1105 1117//1117 1106//1106
f 1106//1106 1117//1117 1118//1118
f 1106//1106 1118//1118 1107//1107
f 1107//1107 1118//1118 1119//1119
f 1107//1107 1119//1119 1108//1108
f 1108//1108 1119//1119 1120//1120
f 1108//1108 1120//1120 1109//1109
f 1109//1109 1120//1120 1121//1121
f 1109//1109 1121//1121 1110//1110
f 1110//1110 1121//1121 1122//1122
f 1110//1110 1122//1122 1111//1111
f 1111//1111 1122//1122 1112//1112
f 1111//1111 1112//1112 1101//1101
f 1112//1112 1123//1123 1124//1124
f 1112//1112 1124//1124 1113//1113
f 1113//1113 1124//1124 1125//1125
f 1113//1113 1125//1125 1114//1114
f 1114//1114 1125//1125 1126//1126
f 1114//1114 1126//1126 1115//1115
f 1115//1115 1126//1126 1127//1127
f 1115//1115 1127//1127 1116//1116
f 1116//1116 1127//1127 1128//1128
f 1116//1116 1128//1128 1117//1117
f 1117//1117 1128//1128 1129//1129
f 1117//1117 1129//1129 1118//1118
f 1118//1118 1129//1129 1130//1130
f 1118//1118 1130//1130 1119//1119
f 1119//1119 1130//1130 1131//1131
f 1119//1119 1131//1131 1120//1120
f 1120//1120 1131//1131 1132//1132
f 1120//1120 1132//1132 1121//1121
f 1121//1121 1132//1132 1133//1133
f 1121//1121 1133//1133 1122//1122
f 1122//1122 1133//1133 1123//1123
f 1122//1122 1123//1123 1112//1112
f 1123//1123 1134//1134 1135//1135
f 1123//1123 1135//1135 1124//1124
f 1124//1124 1135//1135 1136//1136
f 1124//1124 1136//1136 1125//1125
f 1125//1125 1136//1136 1137//1137
f 1125//1125 1137//1137 1126//1126
f 1126//1126 1137//1137 1138//1138
f 1126//1126 1138//1138 1127//1127
f 1127//1127 1138//1138 1139//1139
f 1127//1127 1139//1139 1128//1128
f 1128//1128 1139//1139 1140//1140
f 1128//1128 1140//1140 1129//1129
f 1129//1129 1140//1140 1141//1141
f 1129//1129 1141//1141 1130//1130
f 1130//1130 1141//1141 1142//1142
f 1130//1130 1142//1142 1131//1131
f 1131//1131 1142//1142 1143//1143
f 1131//1131 1143//1143 1132//1132
f 1132//1132 1143//1143 1144//1144
f 1132//1132 1144//1144 1133//1133
f 1133//1133 1144//1144 1134//1134
f 1133//1133 1134//1134 1123//1123
f 1134//1134 1145//1145 1146//1146
f 1134//1134 1146//1146 1135//1135
f 1135//1135 1146//1146 1147//1147
f 1135//1135 1147//1147 1136//1136
f 1136//1136 1147//1147 1148//1148
f 1136//1136 1148//1148 1137//1137
f 1137//1137 1148//1148 1149//1149
f 1137//1137 1149//1149 1138//1138
f 1138//1138 1149//1149 1150//1150
f 1138//1138 1150//1150 1139//1139
f 1139//1139 1150//1150 1151//1151
f 1139//1139 1151//1151 1140//1140
f 1140//1140 1151//1151 1152//1152
f 1140//1140 1152//1152 1141//1141
f 1141//1141 1152//1152 1153//1153
f 1141//1141 1153//1153 1142//1142
f 1142//1142 1153//1153 1154//1154
f 1142//1142 1154//1154 1143//1143
f 1143//1143 1154//1154 1155//1155
f 1143//1143 1155//1155 1144//1144
f 1144//1144 1155//1155 1145//1145
f 1144//1144 1145//1145 1134//1134
f 1145//1145 1156//1156 1157//1157
f 1145//1145 1157//1157 1146//1146
f 1146//1146 1157//1157 1158//1158
f 1146//1146 1158//1158 1147//1147
f 1147//1147 1158//1158 1159//1159
f 1147//1147 1159//1159 1148//1148
f 1148//1148 1159//1159 1160//1160
f 1148//1148 1160//1160 1149//1149
f 1149//1149 1160//1160 1161//1161
f 1149//1149 1161//1161 1150//1150
f 1150//1150 1161//1161 1162//1162
f 1150//1150 1162//1162 1151//1151
f 1151//1151 1162//1162 1163//1163
f 1151//1151 1163//1163 1152//1152
f 1152//1152 1163//1163 1164//1164
f 1152//1152 1164//1164 1153//1153
f 1153//1153 1164//1164 1165//1165
f 1153//1153 1165//1165 1154//1154
f 1154//1154 1165//1165 1166//1166
f 1154//1154 1166//1166 1155//1155
f 1155//1155 1166//1166 1156//1156
f 1155//1155 1156//1156 1145//1145
f 1156//1156 1167//1167 1168//1168
f 1156//1156 1168//1168 1157//1157
f 1157//1157 1168//1168 1169//1169
f 1157//1157 1169//1169 1158//1158
f 1158//1158 1169//1169 1170//1170
f 1158//1158 1170//1170 1159//1159
f 1159//1159 1170//1170 1171//1171
f 1159//1159 1171//1171 1160//1160
f 1160//1160 1171//1171 1172//1172
f 1160//1160 1172//1172 1161//1161
f 1161//1161 1172//1172 1173//1173
f 1161//1161 1173//1173 1162//1162
f 1162//1162 1173//1173 1174//1174
f 1162//1162 1174//1174 1163//1163
f 1163//1163 1174//1174 1175//1175
f 1163//1163 1175//1175 1164//1164
f 1164//1164 1175//1175 1176//1176
f 1164//1164 1176//1176 1165//1165
f 1165//1165 1176//1176 1177//1177
f 1165//1165 1177//1177 1166//1166
f 1166//1166 1177//1177 1167//1167
f 1166//1166 1167//1167 1156//1156
f 1167//1167 1178//1178 1179//1179
f 1167//1167 1179//1179 1168//1168
f 1168//1168 1179//1179 1180//1180
f 1168//1168 1180//1180 1169//1169
f 1169//1169 1180//1180 1181//1181
f 1169//1169 1181//1181 1170//1170
f 1170//1170 1181//1181 1182//1182
f 1170//1170 1182//1182 1171//1171
f 1171//1171 1182//1182 1183//1183
f 1171//1171 1183//1183 1172//1172
f 1172//1172 1183//1183 1184//1184
f 1172//1172 1184//1184 1173//1173
f 1173//1173 1184//1184 1185//1185
f 1173//1173 1185//1185 1174//1174
f 1174//1174 1185//1185 1186//1186
f 1174//1174 1186//1186 1175//1175
f 1175//1175 1186//1186 1187//1187
f 1175//1175 1187//1187 1176//1176
f 1176//1176 1187//1187 1188//1188
f 1176//1176 1188//1188 1177//1177
f 1177//1177 1188//1188 1178//1178
f 1177//1177 1178//1178 1167//1167
f 1178//1178 1189//1189 1190//1190
f 1178//1178 1190//1190 1179//1179
f 1179//1179 1190//1190 1191//1191
f 1179//1179 1191//1191 1180//1180
f 1180//1180 1191//1191 1192//1192
f 1180//1180 1192//1192 1181//1181
f 1181//1181 1192//1192 1193//1193
f 1181//1181 1193//1193 1182//1182
f 1182//1182 1193//1193 1194//1194
f 1182//1182 1194//1194 1183//1183
f 1183//1183 1194//1194 1195//1195
f 1183//1183 1195//1195 1184//1184
f 1184//1184 1195//1195 1196//1196
f 1184//1184 1196//1196 1185//1185
f 1185//1185 1196//1196 1197//1197
f 1185//1185 1197//1197 1186//1186
f 1186//1186 1197//1197 1198//1198
f 1186//1186 1198//1198 1187//1187
f 1187//1187 1198//1198 1199//1199
f 1187//1187 1199//1199 1188//1188
f 1188//1188 1199//1199 1189//1189
f 1188//1188 1189//1189 1178//1178
f 1189//1189 1200//1200 1201//1201
f 1189//1189 1201//1201 1190//1190
f 1190//1190 1201//1201 1202//1202
f 1190//1190 1202//1202 1191//1191
f 1191//1191 1202//1202 1203//1203
f 1191//1191 1203//1203 1192//1192
f 1192//1192 1203//1203 1204//1204
f 1192//1192 1204//1204 1193//1193
f 1193//1193 1204//1204 1205//1205
f 1193//1193 1205//1205 1194//1194
f 1194//1194 1205//1205 1206//1206
f 1194//1194 1206//1206 1195//1195
f 1195//1195 1206//1206 1207//1207
f 1195//1195 1207//1207 1196//1196
f 1196//1196 1207//1207 1208//1208
f 1196//1196 1208//1208 1197//1197
f 1197//1197 1208//1208 1209//1209
f 1197//1197 1209//1209 1198//1198
f 1198//1198 1209//1209 1210//1210
f 1198//1198 1210//1210 1199//1199
f 1199//1199 1210//1210 1200//1200
f 1199//1199 1200//1200 1189//1189
f 1200//1200 1211//1211 1212//1212
f 1200//1200 1212//1212 1201//1201
f 1201//1201 1212//1212 1213//1213
f 1201//1201 1213//1213 1202//1202
f 1202//1202 1213//1213 1214//1214
f 1202//1202 1214//1214 1203//1203
f 1203//1203 1214//1214 1215//1215
f 1203//1203 1215//1215 1204//1204
f 1204//1204 1215//1215 1216//1216
f 1204//1204 1216//1216 1205//1205
f 1205//1205 1216//1216 1217//1217
f 1205//1205 1217//1217 1206//1206
f 1206//1206 1217//1217 1218//1218
f 1206//1206 1218//1218 1207//1207
f 1207//1207 1218//1218 1219//1219
f 1207//1207 1219//1219 1208//1208
f 1208//1208 1219//1219 1220//1220
f 1208//1208 1220//1220 1209//1209
f 1209//1209 1220//1220 1221//1221
f 1209//1209 1221//1221 1210//1210
f 1210//1210 1221//1221 1211//1211
f 1210//1210 1211//1211 1200//1200
f 1211//1211 1222//1222 1223//1223
f 1211//1211 1223//1223 1212//1212
f 1212//1212 1223//1223 1224//1224
f 1212//1212 1224//1224 1213//1213
f 1213//1213 1224//1224 1225//1225
f 1213//1213 1225//1225 1214//1214
f 1214//1214 1225//1225 1226//1226
f 1214//1214 1226//1226 1215//1215
f 1215//1215 1226//1226 1227//1227
f 1215//1215 1227//1227 1216//1216
f 1216//1216 1227//1227 1228//1228
f 1216//1216 1228//1228 1217//1217
f 1217//1217 1228//1228 1229//1229
f 1217//1217 1229//1229 1218//1218
f 1218//1218 1229//1229 1230//1230
f 1218//1218 1230//1230 1219//1219
f 1219//1219 1230//1230 1231//1231
f 1219//1219 1231//1231 1220//1220
f 1220//1220 1231//1231 1232//1232
f 1220//1220 1232//1232 1221//1221
f 1221//1221 1232//1232 1222//1222
f 1221//1221 1222//1222 1211//1211
f 1222//1222 1233//1233 1234//1234
f 1222//1222 1234//1234 1223//1223
f 1223//1223 1234//1234 1235//1235
f 1223//1223 1235//1235 1224//1224
f 1224//1224 1235//1235 1236//1236
f 1224//1224 1236//1236 1225//1225
f 1225//1225 1236//1236 1237//1237
f 1225//1225 1237//1237 1226//1226
f 1226//1226 1237//1237 1238//1238
f 1226//1226 1238//1238 1227//1227
f 1227//1227 1238//1238 1239//1239
f 1227//1227 1239//1239 1228//1228
f 1228//1228 1239//1239 1240//1240
f 1228//1228 1240//1240 1229//1229
f 1229//1229 1240//1240 1241//1241
f 1229//1229 1241//1241 1230//1230
f 1230//1230 1241//1241 1242//1242
f 1230//1230 1242//1242 1231//1231
f 1231//1231 1242//1242 1243//1243
f 1231//1231 1243//1243 1232//1232
f 1232//1232 1243//1243 1233//1233
f 1232//1232 1233//1233 1222//1222
f 1233//1233 1244//1244 1245//1245
f 1233//1233 1245//1245 1234//1234
f 1234//1234 1245//1245 1246//1246
f 1234//1234 1246//1246 1235//1235
f 1235//1235 1246//1246 1247//1247
f 1235//1235 1247//1247 1236//1236
f 1236//1236 1247//1247 1248//1248
f 1236//1236 1248//1248 1237//1237
f 1237//1237 1248//1248 1249//1249
f 1237//1237 1249//1249 1238//1238
f 1238//1238 1249//1249 1250//1250
f 1238//1238 1250//1250 1239//1239
f 1239//1239 1250//1250 1251//1251
f 1239//1239 1251//1251 1240//1240
f 1240//1240 1251//1251 1252//1252
f 1240//1240 1252//1252 1241//1241
f 1241//1241 1252//1252 1253//1253
f 1241//1241 1253//1253 1242//1242
f 1242//1242 1253//1253 1254//1254
f 1242//1242 1254//1254 1243//1243
f 1243//1243 1254//1254 1244//1244
f 1243//1243 1244//1244 1233//1233
f 1244//1244 1255//1255 1256//1256
f 1244//1244 1256//1256 1245//1245
f 1245//1245 1256//1256 1257//1257
f 1245//1245 1257//1257 1246//1246
f 1246//1246 1257//1257 1258//1258
f 1246//1246 1258//1258 1247//1247
f 1247//1247 1258//1258 1259//1259
f 1247//1247 1259//1259 1248//1248
f 1248//1248 1259//1259 1260//1260
f 1248//1248 1260//1260 1249//1249
f 1249//1249 1260//1260 1261//1261
f 1249//1249 1261//1261 1250//1250
f 1250//1250 1261//1261 1262//1262
f 1250//1250 1262//1262 1251//1251
f 1251//1251 1262//1262 1263//1263
f 1251//1251 1263//1263 1252//1252
f 1252//1252 1263//1263 1264//1264
f 1252//1252 1264//1264 1253//1253
f 1253//1253 1264//1264 1265//1265
f 1253//1253 1265//1265 1254//1254
f 1254//1254 1265//1265 1255//1255
f 1254//1254 1255//1255 1244//1244
f 1255//1255 1266//1266 1267//1267
f 1255//1255 1267//1267 1256//1256
f 1256//1256 1267//1267 1268//1268
f 1256//1256 1268//1268 1257//1257
f 1257//1257 1268//1268 1269//1269
f 1257//1257 1269//1269 1258//1258
f 1258//1258 1269//1269 1270//1270
f 1258//1258 1270//1270 1259//1259
f 1259//1259 1270//1270 1271//1271
f 1259//1259 1271//1271 1260//1260
f 1260//1260 1271//1271 1272//1272
f 1260//1260 1272//1272 1261//1261
f 1261//1261 1272//1272 1273//1273
f 1261//1261 1273//1273 1262//1262
f 1262//1262 1273//1273 1274//1274
f 1262//1262 1274//1274 1263//1263
f 1263//1263 1274//1274 1275//1275
f 1263//1263 1275//1275 1264//1264
f 1264//1264 1275//1275 1276//1276
f 1264//1264 1276//1276 1265//1265
f 1265//1265 1276//1276 1266//1266
f 1265//1265 1266//1266 1255//1255
f 1266//1266 1277//1277 1278//1278
f 1266//1266 1278//1278 1267//1267
f 1267//1267 1278//1278 1279//1279
f 1267//1267 1279//1279 1268//1268
f 1268//1268 1279//1279 1280//1280
f 1268//1268 1280//1280 1269//1269
f 1269//1269 1280//1280 1281//1281
f 1269//1269 1281//1281 1270//1270
f 1270//1270 1281//1281 1282//1282
f 1270//1270 1282//1282 1271//1271
f 1271//1271 1282//1282 1283//1283
f 1271//1271 1283//1283 1272//1272
f 1272//1272 1283//1283 1284//1284
f 1272//1272 1284//1284 1273//1273
f 1273//1273 1284//1284 1285//1285
f 1273//1273 1285//1285 1274//1274
f 1274//1274 1285//1285 1286//1286
f 1274//1274 1286//1286 1275//1275
f 1275//1275 1286//1286 1287//1287
f 1275//1275 1287//1287 1276//1276
f 1276//1276 1287//1287 1277//1277
f 1276//1276 1277//1277 1266//1266
f 1277//1277 1288//1288 1289//1289
f 1277//1277 1289//1289 1278//1278
f 1278//1278 1289//1289 1290//1290
f 1278//1278 1290//1290 1279//1279
f 1279//1279 1290//1290 1291//1291
f 1279//1279 1291//1291 1280//1280
f 1280//1280 1291//1291 1292//1292
f 1280//1280 1292//1292 1281//1281
f 1281//1281 1292//1292 1293//1293
f 1281//1281 1293//1293 1282//1282
f 1282//1282 1293//1293 1294//1294
f 1282//1282 1294//1294 1283//1283
f 1283//1283 1294//1294 1295//1295
f 1283//1283 1295//1295 1284//1284
f 1284//1284 1295//1295 1296//1296
f 1284//1284 1296//1296 1285//1285
f 1285//1285 1296//1296 1297//1297
f 1285//1285 1297//1297 1286//1286
f 1286//1286 1297//1297 1298//1298
f 1286//1286 1298//1298 1287//1287
f 1287//1287 1298//1298 1288//1288
f 1287//1287 1288//1288 1277//1277
f 1288//1288 1299//1299 1300//1300
f 1288//1288 1300//1300 1289//1289
f 1289//1289 1300//1300 1301//1301
f 1289//1289 1301//1301 1290//1290
f 1290//1290 1301//1301 1302//1302
f 1290//1290 1302//1302 1291//1291
f 1291//1291 1302//1302 1303//1303
f 1291//1291 1303//1303 1292//1292
f 1292//1292 1303//1303 1304//1304
f 1292//1292 1304//1304 1293//1293
f 1293//1293 1304//1304 1305//1305
f 1293//1293 1305//1305 1294//1294
f 1294//1294 1305//1305 1306//1306
f 1294//1294 1306//1306 1295//1295
f 1295//1295 1306//1306 1307//1307
f 1295//1295 1307//1307 1296//1296
f 1296//1296 1307//1307 1308//1308
f 1296//1296 1308//1308 1297//1297
f 1297//1297 1308//1308 1309//1309
f 1297//1297 1309//1309 1298//1298
f 1298//1298 1309//1309 1299//1299
f 1298//1298 1299//1299 1288//1288
f 1299//1299 1310//1310 1311//1311
f 1299//1299 1311//1311 1300//1300
f 1300//1300 1311//1311 1312//1312
f 1300//1300 1312//1312 1301//1301
f 1301//1301 1312//1312 1313//1313
f 1301//1301 1313//1313 1302//1302
f 1302//1302 1313//1313 1314//1314
f 1302//1302 1314//1314 1303//1303
f 1303//1303 1314//1314 1315//1315
f 1303//1303 1315//1315 1304//1304
f 1304//1304 1315//1315 1316//1316
f 1304//1304 1316//1316 1305//1305
f 1305//1305 1316//1316 1317//1317
f 1305//1305 1317//1317 1306//1306
f 1306//1306 1317//1317 1318//1318
f 1306//1306 1318//1318 1307//1307
f 1307//1307 1318//1318 1319//1319
f 1307//1307 1319//1319 1308//1308
f 1308//1308 1319//1319 1320//1320
f 1308//1308 1320//1320 1309//1309
f 1309//1309 1320//1320 1310//1310
f 1309//1309 1310//1310 1299//1299
f 1310//1310 1321//1321 1322//1322
f 1310//1310 1322//1322 1311//1311
f 1311//1311 1322//1322 1323//1323
f 1311//1311 1323//1323 1312//1312
f 1312//1312 1323//1323 1324//1324
f 1312//1312 1324//1324 1313//1313
f 1313//1313 1324//1324 1325//1325
f 1313//1313 1325//1325 1314//1314
f 1314//1314 1325//1325 1326//1326
f 1314//1314 1326//1326 1315//1315
f 1315//1315 1326//1326 1327//1327
f 1315//1315 1327//1327 1316//1316
f 1316//1316 1327//1327 1328//1328
f 1316//1316 1328//1328 1317//1317
f 1317//1317 1328//1328 1329//1329
f 1317//1317 1329//1329 1318//1318
f 1318//1318 1329//1329 1330//1330
f 1318//1318 1330//1330 1319//1319
f 1319//1319 1330//1330 1331//1331
f 1319//1319 1331//1331 1320//1320
f 1320//1320 1331//1331 1321//1321
f 1320//1320 1321//1321 1310//1310
f 1321//1321 1332//1332 1333//1333
f 1321//1321 1333//1333 1322//1322
f 1322//1322 1333//1333 1334//1334
f 1322//1322 1334//1334 1323//1323
f 1323//1323 1334//1334 1335//1335
f 1323//1323 1335//1335 1324//1324
f 1324//1324 1335//1335 1336//1336
f 1324//1324 1336//1336 1325//1325
f 1325//1325 1336//1336 1337//1337
f 1325//1325 1337//1337 1326//1326
f 1326//1326 1337//1337 1338//1338
f 1326//1326 1338//1338 1327//1327
f 1327//1327 1338//1338 1339//1339
f 1327//1327 1339//1339 1328//1328
f 1328//1328 1339//1339 1340//1340
f 1328//1328 1340//1340 1329//1329
f 1329//1329 1340//1340 1341//1341
f 1329//1329 1341//1341 1330//1330
f 1330//1330 1341//1341 1342//1342
f 1330//1330 1342//1342 1331//1331
f 1331//1331 1342//1342 1332//1332
f 1331//1331 1332//1332 1321//1321
f 1332//1332 1068//1068 1069//1069
f 1332//1332 1069//1069 1333//1333
f 1333//1333 1069//1069 1070//1070
f 1333//1333 1070//1070 1334//1334
f 1334//1334 1070//1070 1071//1071
f 1334//1334 1071//1071 1335//1335
f 1335//1335 1071//1071 1072//1072
f 1335//1335 1072//1072 1336//1336
f 1336//1336 1072//1072 1073//1073
f 1336//1336 1073//1073 1337//1337
f 1337//1337 1073//1073 1074//1074
f 1337//1337 1074//1074 1338//1338
f 1338//1338 1074//1074 1075//1075
f 1338//1338 1075//1075 1339//1339
f 1339//1339 1075//1075 1076//1076
f 1339//1339 1076//1076 1340//1340
f 1340//1340 1076//1076 1077//1077
f 1340//1340 1077//1077 1341//1341
f 1341//1341 1077//1077 1078//1078
f 1341//1341 1078//1078 1342//1342
f 1342//1342 1078//1078 1068//1068
f 1342//1342 1068//1068 1332//1332
f 1344//1344 1343//1343 1347//1347
f 1344//1344 1347//1347 1345//1345
f 1345//1345 1347//1347 1348//1348
f 1345//1345 1348//1348 1346//1346
f 1347//1347 1343//1343 1349//1349
f 1347//1347 1349//1349 1348//1348
f 1348//1348 1349//1349 1350//1350
f 1348//1348 1350//1350 1346//1346
f 1349//1349 1343//1343 1351//1351
f 1349//1349 1351//1351 1350//1350
f 1350//1350 1351//1351 1352//1352
f 1350//1350 1352//1352 1346//1346
f 1351//1351 1343//1343 1353//1353
f 1351//1351 1353//1353 1352//1352
f 1352//1352 1353//1353 1354//1354
f 1352//1352 1354//1354 1346//1346
f 1353//1353 1343//1343 1355//1355
f 1353//1353 1355//1355 1354//1354
f 1354//1354 1355//1355 1356//1356
f 1354//1354 1356//1356 1346//1346
f 1355//1355 1343//1343 1357//1357
f 1355//1355 1357//1357 1356//1356
f 1356//1356 1357//1357 1358//1358
f 1356//1356 1358//1358 1346//1346
f 1357//1357 1343//1343 1359//1359
f 1357//1357 1359//1359 1358//1358
f 1358//1358 1359//1359 1360//1360
f 1358//1358 1360//1360 1346//1346
f 1359//1359 1343//1343 1361//1361
f 1359//1359 1361//1361 1360//1360
f 1360//1360 1361//1361 1362//1362
f 1360//1360 1362//1362 1346//1346
f 1361//1361 1343//1343 1363//1363
f 1361//1361 1363//1363 1362//1362
f 1362//1362 1363//1363 1364//1364
f 1362//1362 1364//1364 1346//1346
f 1363//1363 1343//1343 1365//1365
f 1363//1363 1365//1365 1364//1364
f 1364//1364 1365//1365 1366//1366
f 1364//1364 1366//1366 1346//1346
f 1365//1365 1343//1343 1367//1367
f 1365//1365 1367//1367 1366//1366
f 1366//1366 1367//1367 1368//1368
f 1366//1366 1368//1368 1346//1346
f 1367//1367 1343//1343 1369//1369
f 1367//1367 1369//1369 1368//1368
f 1368//1368 1369//1369 1370//1370
f 1368//1368 1370//1370 1346//1346
f 1369//1369 1343//1343 1371//1371
f 1369//1369 1371//1371 1370//1370
f 1370//1370 1371//1371 1372//1372
f 1370//1370 1372//1372 1346//1346
f 1371//1371 1343//1343 1373//1373
f 1371//1371 1373//1373 1372//1372
f 1372//1372 1373//1373 1374//1374
f 1372//1372 1374//1374 1346//1346
f 1373//1373 1343//1343 1375//1375
f 1373//1373 1375//1375 1374//1374
f 1374//1374 1375//1375 1376//1376
f 1374//1374 1376//1376 1346//1346
f 1375//1375 1343//1343 1377//1377
f 1375//1375 1377//1377 1376//1376
f 1376//1376 1377//1377 1378//1378
f 1376//1376 1378//1378 1346//1346
f 1377//1377 1343//1343 1379//1379
f 1377//1377 1379//1379 1378//1378
f 1378//1378 1379//1379 1380//1380
f 1378//1378 1380//1380 1346//1346
f 1379//1379 1343//1343 1344//1344
f 1379//1379 1344//1344 1380//1380
f 1380//1380 1344//1344 1345//1345
f 1380//1380 1345//1345 1346//1346
f 1381//1381 1392//1392 1393//1393
f 1381//1381 1393//1393 1382//1382
f 1382//1382 1393//1393 1394//1394
f 1382//1382 1394//1394 1383//1383
f 1383//1383 1394//1394 1395//1395
f 1383//1383 1395//1395 1384//1384
f 1384//1384 1395//1395 1396//1396
f 1384//1384 1396//1396 1385//1385
f 1385//1385 1396//1396 1397//1397
f 1385//1385 1397//1397 1386//1386
f 1386//1386 1397//1397 1398//1398
f 1386//1386 1398//1398 1387//1387
f 1387//1387 1398//1398 1399//1399
f 1387//1387 1399//1399 1388//1388
f 1388//1388 1399//1399 1400//1400
f 1388//1388 1400//1400 1389//1389
f 1389//1389 1400//1400 1401//1401
f 1389//1389 1401//1401 1390//1390
f 1390//1390 1401//1401 1402//1402
f 1390//1390 1402//1402 1391//1391
f 1391//1391 1402//1402 1392//1392
f 1391//1391 1392//1392 1381//1381
f 1392//1392 1403//1403 1404//1404
f 1392//1392 1404//1404 1393//1393
f 1393//1393 1404//1404 1405//1405
f 1393//1393 1405//1405 1394//1394
f 1394//1394 1405//1405 1406//1406
f 1394//1394 1406//1406 1395//1395
f 1395//1395 1406//1406 1407//1407
f 1395//1395 1407//1407 1396//1396
f 1396//1396 1407//1407 1408//1408
f 1396//1396 1408//1408 1397//1397
f 1397//1397 1408//1408 1409//1409
f 1397//1397 1409//1409 1398//1398
f 1398//1398 1409//1409 1410//1410
f 1398//1398 1410//1410 1399//1399
f 1399//1399 1410//1410 1411//1411
f 1399//1399 1411//1411 1400//1400
f 1400//1400 1411//1411 1412//1412
f 1400//1400 1412//1412 1401//1401
f 1401//1401 1412//1412 1413//1413
f 1401//1401 1413//1413 1402//1402
f 1402//1402 1413//1413 1403//1403
f 1402//1402 1403//1403 1392//1392
f 1403//1403 1414//1414 1415//1415
f 1403//1403 1415//1415 1404//1404
f 1404//1404 1415//1415 1416//1416
f 1404//1404 1416//1416 1405//1405
f 1405//1405 1416//1416 1417//1417
f 1405//1405 1417//1417 1406//1406
f 1406//1406 1417//1417 1418//1418
f 1406//1406 1418//1418 1407//1407
f 1407//1407 1418//1418 1419//1419
f 1407//1407 1419//1419 1408//1408
f 1408//1408 1419//1419 1420//1420
f 1408//1408 1420//1420 1409//1409
f 1409//1409 1420//1420 1421//1421
f 1409//1409 1421//1421 1410//1410
f 1410//1410 1421//1421 1422//1422
f 1410//1410 1422//1422 1411//1411
f 1411//1411 1422//1422 1423//1423
f 1411//1411 1423//1423 1412//1412
f 1412//1412 1423//1423 1424//1424
f 1412//1412 1424//1424 1413//1413
f 1413//1413 1424//1424 1414//1414
f 1413//1413 1414//1414 1403//1403
f 1414//1414 1425//1425 1426//1426
f 1414//1414 1426//1426 1415//1415
f 1415//1415 1426//1426 1427//1427
f 1415//1415 1427//1427 1416//1416
f 1416//1416 1427//1427 1428//1428
f 1416//1416 1428//1428 1417//1417
f 1417//1417 1428//1428 1429//1429
f 1417//1417 1429//1429 1418//1418
f 1418//1418 1429//1429 1430//1430
f 1418//1418 1430//1430 1419//1419
f 1419//1419 1430//1430 1431//1431
f 1419//1419 1431//1431 1420//1420
f 1420//1420 1431//1431 1432//1432
f 1420//1420 1432//1432 1421//1421
f 1421//1421 1432//1432 1433//1433
f 1421//1421 1433//1433 1422//1422
f 1422//1422 1433//1433 1434//1434
f 1422//1422 1434//1434 1423//1423
f 1423//1423 1434//1434 1435//1435
f 1423//1423 1435//1435 1424//1424
f 1424//1424 1435//1435 1425//1425
f 1424//1424 1425//1425 1414//1414
f 1425//1425 1436//1436 1437//1437
f 1425//1425 1437//1437 1426//1426
f 1426//1426 1437//1437 1438//1438
f 1426//1426 1438//1438 1427//1427
f 1427//1427 1438//1438 1439//1439
f 1427//1427 1439//1439 1428//1428
f 1428//1428 1439//1439 1440//1440
f 1428//1428 1440//1440 1429//1429
f 1429//1429 1440//1440 1441//1441
f 1429//1429 1441//1441 1430//1430
f 1430//1430 1441//1441 1442//1442
f 1430//1430 1442//1442 1431//1431
f 1431//1431 1442//1442 1443//1443
f 1431//1431 1443//1443 1432//1432
f 1432//1432 1443//1443 1444//1444
f 1432//1432 1444//1444 1433//1433
f 1433//1433 1444//1444 1445//1445
f 1433//1433 1445//1445 1434//1434
f 1434//1434 1445//1445 1446//1446
f 1434//1434 1446//1446 1435//1435
f 1435//1435 1446//1446 1436//1436
f 1435//1435 1436//1436 1425//1425
f 1436//1436 1447//1447 1448//1448
f 1436//1436 1448//1448 1437//1437
f 1437//1437 1448//1448 1449//1449
f 1437//1437 1449//1449 1438//1438
f 1438//1438 1449//1449 1450//1450
f 1438//1438 1450//1450 1439//1439
f 1439//1439 1450//1450 1451//1451
f 1439//1439 1451//1451 1440//1440
f 1440//1440 1451//1451 1452//1452
f 1440//1440 1452//1452 1441//1441
f 1441//1441 1452//1452 1453//1453
f 1441//1441 1453//1453 1442//1442
f 1442//1442 1453//1453 1454//1454
f 1442//1442 1454//1454 1443//1443
f 1443//1443 1454//1454 1455//1455
f 1443//1443 1455//1455 1444//1444
f 1444//1444 1455//1455 1456//1456
f 1444//1444 1456//1456 1445//1445
f 1445//1445 1456//1456 1457//1457
f 1445//1445 1457//1457 1446//1446
f 1446//1446 1457//1457 1447//1447
f 1446//1446 1447//1447 1436//1436
f 1447//1447 1458//1458 1459//1459
f 1447//1447 1459//1459 1448//1448
f 1448//1448 1459//1459 1460//1460
f 1448//1448 1460//1460 1449//1449
f 1449//1449 1460//1460 1461//1461
f 1449//1449 1461//1461 1450//1450
f 1450//1450 1461//1461 1462//1462
f 1450//1450 1462//1462 1451//1451
f 1451//1451 1462//1462 1463//1463
f 1451//1451 1463//1463 1452//1452
f 1452//1452 1463//1463 1464//1464
f 1452//1452 1464//1464 1453//1453
f 1453//1453 1464//1464 1465//1465
f 1453//1453 1465//1465 1454//1454
f 1454//1454 1465//1465 1466//1466
f 1454//1454 1466//1466 1455//1455
f 1455//1455 1466//1466 1467//1467
f 1455//1455 1467//1467 1456//1456
f 1456//1456 1467//1467 1468//1468
f 1456//1456 1468//1468 1457//1457
f 1457//1457 1468//1468 1458//1458
f 1457//1457 1458//1458 1447//1447
f 1458//1458 1469//1469 1470//1470
f 1458//1458 1470//1470 1459//1459
f 1459//1459 1470//1470 1471//1471
f 1459//1459 1471//1471 1460//1460
f 1460//1460 1471//1471 1472//1472
f 1460//1460 1472//1472 1461//1461
f 1461//1461 1472//1472 1473//1473
f 1461//1461 1473//1473 1462//1462
f 1462//1462 1473//1473 1474//1474
f 1462//1462 1474//1474 1463//1463
f 1463//1463 1474//1474 1475//1475
f 1463//1463 1475//1475 1464//1464
f 1464//1464 1475//1475 1476//1476
f 1464//1464 1476//1476 1465//1465
f 1465//1465 1476//1476 1477//1477
f 1465//1465 1477//1477 1466//1466
f 1466//1466 1477//1477 1478//1478
f 1466//1466 1478//1478 1467//1467
f 1467//1467 1478//1478 1479//1479
f 1467//1467 1479//1479 1468//1468
f 1468//1468 1479//1479 1469//1469
f 1468//1468 1469//1469 1458//1458
f 1469//1469 1480//1480 1481//1481
f 1469//1469 1481//1481 1470//1470
f 1470//1470 1481//1481 1482//1482
f 1470//1470 1482//1482 1471//1471
f 1471//1471 1482//1482 1483//1483
f 1471//1471 1483//1483 1472//1472
f 1472//1472 1483//1483 1484//1484
f 1472//1472 1484//1484 1473//1473
f 1473//1473 1484//1484 1485//1485
f 1473//1473 1485//1485 1474//1474
f 1474//1474 1485//1485 1486//1486
f 1474//1474 1486//1486 1475//1475
f 1475//1475 1486//1486 1487//1487
f 1475//1475 1487//1487 1476//1476
f 1476//1476 1487//1487 1488//1488
f 1476//1476 1488//1488 1477//1477
f 1477//1477 1488//1488 1489//1489
f 1477//1477 1489//1489 1478//1478
f 1478//1478 1489//1489 1490//1490
f 1478//1478 1490//1490 1479//1479
f 1479//1479 1490//1490 1480//1480
f 1479//1479 1480//1480 1469//1469
f 1480//1480 1491//1491 1492//1492
f 1480//1480 1492//1492 1481//1481
f 1481//1481 1492//1492 1493//1493
f 1481//1481 1493//1493 1482//1482
f 1482//1482 1493//1493 1494//1494
f 1482//1482 1494//1494 1483//1483
f 1483//1483 1494//1494 1495//1495
f 1483//1483 1495//1495 1484//1484
f 1484//1484 1495//1495 1496//1496
f 1484//1484 1496//1496 1485//1485
f 1485//1485 1496//1496 1497//1497
f 1485//1485 1497//1497 1486//1486
f 1486//1486 1497//1497 1498//1498
f 1486//1486 1498//1498 1487//1487
f 1487//1487 1498//1498 1499//1499
f 1487//1487 1499//1499 1488//1488
f 1488//1488 1499//1499 1500//1500
f 1488//1488 1500//1500 1489//1489
f 1489//1489 1500//1500 1501//1501
f 1489//1489 1501//1501 1490//1490
f 1490//1490 1501//1501 1491//1491
f 1490//1490 1491//1491 1480//1480
f 1491//1491 1502//1502 1503//1503
f 1491//1491 1503//1503 1492//1492
f 1492//1492 1503//1503 1504//1504
f 1492//1492 1504//1504 1493//1493
f 1493//1493 1504//1504 1505//1505
f 1493//1493 1505//1505 1494//1494
f 1494//1494 1505//1505 1506//1506
f 1494//1494 1506//1506 1495//1495
f 1495//1495 1506//1506 1507//1507
f 1495//1495 1507//1507 1496//1496
f 1496//1496 1507//1507 1508//1508
f 1496//1496 1508//1508 1497//1497
f 1497//1497 1508//1508 1509//1509
f 1497//1497 1509//1509 1498//1498
f 1498//1498 1509//1509 1510//1510
f 1498//1498 1510//1510 1499//1499
f 1499//1499 1510//1510 1511//1511
f 1499//1499 1511//1511 1500//1500
f 1500//1500 1511//1511 1512//1512
f 1500//1500 1512//1512 1501//1501
f 1501//1501 1512//1512 1502//1502
f 1501//1501 1502//1502 1491//1491
f 1502//1502 1513//1513 1514//1514
f 1502//1502 1514//1514 1503//1503
f 1503//1503 1514//1514 1515//1515
f 1503//1503 1515//1515 1504//1504
f 1504//1504 1515//1515 1516//1516
f 1504//1504 1516//1516 1505//1505
f 1505//1505 1516//1516 1517//1517
f 1505//1505 1517//1517 1506//1506
f 1506//1506 1517//1517 1518//1518
f 1506//1506 1518//1518 1507//1507
f 1507//1507 1518//1518 1519//1519
f 1507//1507 1519//1519 1508//1508
f 1508//1508 1519//1519 1520//1520
f 1508//1508 1520//1520 1509//1509
f 1509//1509 1520//1520 1521//1521
f 1509//1509 1521//1521 1510//1510
f 1510//1510 1521//1521 1522//1522
f 1510//1510 1522//1522 1511//1511
f 1511//1511 1522//1522 1523//1523
f 1511//1511 1523//1523 1512//1512
f 1512//1512 1523//1523 1513//1513
f 1512//1512 1513//1513 1502//1502
f 1513//1513 1524//1524 1525//1525
f 1513//1513 1525//1525 1514//1514
f 1514//1514 1525//1525 1526//1526
f 1514//1514 1526//1526 1515//1515
f 1515//1515 1526//1526 1527//1527
f 1515//1515 1527//1527 1516//1516
f 1516//1516 1527//1527 1528//1528
f 1516//1516 1528//1528 1517//1517
f 1517//1517 1528//1528 1529//1529
f 1517//1517 1529//1529 1518//1518
f 1518//1518 1529//1529 1530//1530
f 1518//1518 1530//1530 1519//1519
f 1519//1519 1530//1530 1531//1531
f 1519//1519 1531//1531 1520//1520
f 1520//1520 1531//1531 1532//1532
f 1520//1520 1532//1532 1521//1521
f 1521//1521 1532//1532 1533//1533
f 1521//1521 1533//1533 1522//1522
f 1522//1522 1533//1533 1534//1534
f 1522//1522 1534//1534 1523//1523
f 1523//1523 1534//1534 1524//1524
f 1523//1523 1524//1524 1513//1513
f 1524//1524 1535//1535 1536//1536
f 1524//1524 1536//1536 1525//1525
f 1525//1525 1536//1536 1537//1537
f 1525//1525 1537//1537 1526//1526
f 1526//1526 1537//1537 1538//1538
f 1526//1526 1538//1538 1527//1527
f 1527//1527 1538//1538 1539//1539
f 1527//1527 1539//1539 1528//1528
f 1528//1528 1539//1539 1540//1540
f 1528//1528 1540//1540 1529//1529
f 1529//1529 1540//1540 1541//1541
f 1529//1529 1541//1541 1530//1530
f 1530//1530 1541//1541 1542//1542
f 1530//1530 1542//1542 1531//1531
f 1531//1531 1542//1542 1543//1543
f 1531//1531 1543//1543 1532//1532
f 1532//1532 1543//1543 1544//1544
f 1532//1532 1544//1544 1533//1533
f 1533//1533 1544//1544 1545//1545
f 1533//1533 1545//1545 1534//1534
f 1534//1534 1545//1545 1535//1535
f 1534//1534 1535//1535 1524//1524
f 1535//1535 1546//1546 1547//1547
f 1535//1535 1547//1547 1536//1536
f 1536//1536 1547//1547 1548//1548
f 1536//1536 1548//1548 1537//1537
f 1537//1537 1548//1548 1549//1549
f 1537//1537 1549//1549 1538//1538
f 1538//1538 1549//1549 1550//1550
f 1538//1538 1550//1550 1539//1539
f 1539//1539 1550//1550 1551//1551
f 1539//1539 1551//1551 1540//1540
f 1540//1540 1551//1551 1552//1552
f 1540//1540 1552//1552 1541//1541
f 1541//1541 1552//1552 1553//1553
f 1541//1541 1553//1553 1542//1542
f 1542//1542 1553//1553 1554//1554
f 1542//1542 1554//1554 1543//1543
f 1543//1543 1554//1554 1555//1555
f 1543//1543 1555//1555 1544//1544
f 1544//1544 1555//1555 1556//1556
f 1544//1544 1556//1556 1545//1545
f 1545//1545 1556//1556 1546//1546
f 1545//1545 1546//1546 1535//1535
f 1546//1546 1557//1557 1558//1558
f 1546//1546 1558//1558 1547//1547
f 1547//1547 1558//1558 1559//1559
f 1547//1547 1559//1559 1548//1548
f 1548//1548 1559//1559 1560//1560
f 1548//1548 1560//1560 1549//1549
f 1549//1549 1560//1560 1561//1561
f 1549//1549 1561//1561 1550//1550
f 1550//1550 1561//1561 1562//1562
f 1550//1550 1562//1562 1551//1551
f 1551//1551 1562//1562 1563//1563
f 1551//1551 1563//1563 1552//1552
f 1552//1552 1563//1563 1564//1564
f 1552//1552 1564//1564 1553//1553
f 1553//1553 1564//1564 1565//1565
f 1553//1553 1565//1565 1554//1554
f 1554//1554 1565//1565 1566//1566
f 1554//1554 1566//1566 1555//1555
f 1555//1555 1566//1566 1567//1567
f 1555//1555 1567//1567 1556//1556
f 1556//1556 1567//1567 1557//1557
f 1556//1556 1557//1557 1546//1546
f 1557//1557 1568//1568 1569//1569
f 1557//1557 1569//1569 1558//1558
f 1558//1558 1569//1569 1570//1570
f 1558//1558 1570//1570 1559//1559
f 1559//1559 1570//1570 1571//1571
f 1559//1559 1571//1571 1560//1560
f 1560//1560 1571//1571 1572//1572
f 1560//1560 1572//1572 1561//1561
f 1561//1561 1572//1572 1573//1573
f 1561//1561 1573//1573 1562//1562
f 1562//1562 1573//1573 1574//1574
f 1562//1562 1574//1574 1563//1563
f 1563//1563 1574//1574 1575//1575
f 1563//1563 1575//1575 1564//1564
f 1564//1564 1575//1575 1576//1576
f 1564//1564 1576//1576 1565//1565
f 1565//1565 1576//1576 1577//1577
f 1565//1565 1577//1577 1566//1566
f 1566//1566 1577//1577 1578//1578
f 1566//1566 1578//1578 1567//1567
f 1567//1567 1578//1578 1568//1568
f 1567//1567 1568//1568 1557//1557
f 1568//1568 1579//1579 1580//1580
f 1568//1568 1580//1580 1569//1569
f 1569//1569 1580//1580 1581//1581
f 1569//1569 1581//1581 1570//1570
f 1570//1570 1581//1581 1582//1582
f 1570//1570 1582//1582 1571//1571
f 1571//1571 1582//1582 1583//1583
f 1571//1571 1583//1583 1572//1572
f 1572//1572 1583//1583 1584//1584
f 1572//1572 1584//1584 1573//1573
f 1573//1573 1584//1584 1585//1585
f 1573//1573 1585//1585 1574//1574
f 1574//1574 1585//1585 1586//1586
f 1574//1574 1586//1586 1575//1575
f 1575//1575 1586//1586 1587//1587
f 1575//1575 1587//1587 1576//1576
f 1576//1576 1587//1587 1588//1588
f 1576//1576 1588//1588 1577//1577
f 1577//1577 1588//1588 1589//1589
f 1577//1577 1589//1589 1578//1578
f 1578//1578 1589//1589 1579//1579
f 1578//1578 1579//1579 1568//1568
f 1579//1579 1590//1590 1591//1591
f 1579//1579 1591//1591 1580//1580
f 1580//1580 1591//1591 1592//1592
f 1580//1580 1592//1592 1581//1581
f 1581//1581 1592//1592 1593//1593
f 1581//1581 1593//1593 1582//1582
f 1582//1582 1593//1593 1594//1594
f 1582//1582 1594//1594 1583//1583
f 1583//1583 1594//1594 1595//1595
f 1583//1583 1595//1595 1584//1584
f 1584//1584 1595//1595 1596//1596
f 1584//1584 1596//1596 1585//1585
f 1585//1585 1596//1596 1597//1597
f 1585//1585 1597//1597 1586//1586
f 1586//1586 1597//1597 1598//1598
f 1586//1586 1598//1598 1587//1587
f 1587//1587 1598//1598 1599//1599
f 1587//1587 1599//1599 1588//1588
f 1588//1588 1599//1599 1600//1600
f 1588//1588 1600//1600 1589//1589
f 1589//1589 1600//1600 1590//1590
f 1589//1589 1590//1590 1579//1579
f 1590//1590 1601//1601 1602//1602
f 1590//1590 1602//1602 1591//1591
f 1591//1591 1602//1602 1603//1603
f 1591//1591 1603//1603 1592//1592
f 1592//1592 1603//1603 1604//1604
f 1592//1592 1604//1604 1593//1593
f 1593//1593 1604//1604 1605//1605
f 1593//1593 1605//1605 1594//1594
f 1594//1594 1605//1605 1606//1606
f 1594//1594 1606//1606 1595//1595
f 1595//1595 1606//1606 1607//1607
f 1595//1595 1607//1607 1596//1596
f 1596//1596 1607//1607 1608//1608
f 1596//1596 1608//1608 1597//1597
f 1597//1597 1608//1608 1609//1609
f 1597//1597 1609//1609 1598//1598
f 1598//1598 1609//1609 1610//1610
f 1598//1598 1610//1610 1599//1599
f 1599//1599 1610//1610 1611//1611
f 1599//1599 1611//1611 1600//1600
f 1600//1600 1611//1611 1601//1601
f 1600//1600 1601//1601 1590//1590
f 1601//1601 1612//1612 1613//1613
f 1601//1601 1613//1613 1602//1602
f 1602//1602 1613//1613 1614//1614
f 1602//1602 1614//1614 1603//1603
f 1603//1603 1614//1614 1615//1615
f 1603//1603 1615//1615 1604//1604
f 1604//1604 1615//1615 1616//1616
f 1604//1604 1616//1616 1605//1605
f 1605//1605 1616//1616 1617//1617
f 1605//1605 1617//1617 1606//1606
f 1606//1606 1617//1617 1618//1618
f 1606//1606 1618//1618 1607//1607
f 1607//1607 1618//1618 1619//1619
f 1607//1607 1619//1619 1608//1608
f 1608//1608 1619//1619 1620//1620
f 1608//1608 1620//1620 1609//1609
f 1609//1609 1620//1620 1621//1621
f 1609//1609 1621//1621 1610//1610
f 1610//1610 1621//1621 1622//1622
f 1610//1610 1622//1622 1611//1611
f 1611//1611 1622//1622 1612//1612
f 1611//1611 1612//1612 1601//1601
f 1612//1612 1623//1623 1624//1624
f 1612//1612 1624//1624 1613//1613
f 1613//1613 1624//1624 1625//1625
f 1613//1613 1625//1625 1614//1614
f 1614//1614 1625//1625 1626//1626
f 1614//1614 1626//1626 1615//1615
f 1615//1615 1626//1626 1627//1627
f 1615//1615 1627//1627 1616//1616
f 1616//1616 1627//1627 1628//1628
f 1616//1616 1628//1628 1617//1617
f 1617//1617 1628//1628 1629//1629
f 1617//1617 1629//1629 1618//1618
f 1618//1618 1629//1629 1630//1630
f 1618//1618 1630//1630 1619//1619
f 1619//1619 1630//1630 1631//1631
f 1619//1619 1631//1631 1620//1620
f 1620//1620 1631//1631 1632//1632
f 1620//1620 1632//1632 1621//1621
f 1621//1621 1632//1632 1633//1633
f 1621//1621 1633//1633 1622//1622
f 1622//1622 1633//1633 1623//1623
f 1622//1622 1623//1623 1612//1612
f 1623//1623 1634//1634 1635//1635
f 1623//1623 1635//1635 1624//1624
f 1624//1624 1635//1635 1636//1636
f 1624//1624 1636//1636 1625//1625
f 1625//1625 1636//1636 1637//1637
f 1625//1625 1637//1637 1626//1626
f 1626//1626 1637//1637 1638//1638
f 1626//1626 1638//1638 1627//1627
f 1627//1627 1638//1638 1639//1639
f 1627//1627 1639//1639 1628//1628
f 1628//1628 1639//1639 1640//1640
f 1628//1628 1640//1640 1629//1629
f 1629//1629 1640//1640 1641//1641
f 1629//1629 1641//1641 1630//1630
f 1630//1630 1641//1641 1642//1642
f 1630//1630 1642//1642 1631//1631
f 1631//1631 1642//1642 1643//1643
f 1631//1631 1643//1643 1632//1632
f 1632//1632 1643//1643 1644//1644
f 1632//1632 1644//1644 1633//1633
f 1633//1633 1644//1644 1634//1634
f 1633//1633 1634//1634 1623//1623
f 1634//1634 1645//1645 1646//1646
f 1634//1634 1646//1646 1635//1635
f 1635//1635 1646//1646 1647//1647
f 1635//1635 1647//1647 1636//1636
f 1636//1636 1647//1647 1648//1648
f 1636//1636 1648//1648 1637//1637
f 1637//1637 1648//1648 1649//1649
f 1637//1637 1649//1649 1638//1638
f 1638//1638 1649//1649 1650//1650
f 1638//1638 1650//1650 1639//1639
f 1639//1639 1650//1650 1651//1651
f 1639//1639 1651//1651 1640//1640
f 1640//1640 1651//1651 1652//1652
f 1640//1640 1652//1652 1641//1641
f 1641//1641 1652//1652 1653//1653
f 1641//1641 1653//1653 1642//1642
f 1642//1642 1653//1653 1654//1654
f 1642//1642 1654//1654 1643//1643
f 1643//1643 1654//1654 1655//1655
f 1643//1643 1655//1655 1644//1644
f 1644//1644 1655//1655 1645//1645
f 1644//1644 1645//1645 1634//1634
f 1645//1645 1381//1381 1382//1382
f 1645//1645 1382//1382 1646//1646
f 1646//1646 1382//1382 1383//1383
f 1646//1646 1383//1383 1647//1647
f 1647//1647 1383//1383 1384//1384
f 1647//1647 1384//1384 1648//1648
f 1648//1648 1384//1384 1385//1385
f 1648//1648 1385//1385 1649//1649
f 1649//1649 1385//1385 1386//1386
f 1649//1649 1386//1386 1650//1650
f 1650//1650 1386//1386 1387//1387
f 1650//1650 1387//1387 1651//1651
f 1651//1651 1387//1387 1388//1388
f 1651//1651 1388//1388 1652//1652
f 1652//1652 1388//1388 1389//1389
f 1652//1652 1389//1389 1653//1653
f 1653//1653 1389//1389 1390//1390
f 1653//1653 1390//1390 1654//1654
f 1654//1654 1390//1390 1391//1391
f 1654//1654 1391//1391 1655//1655
f 1655//1655 1391//1391 1381//1381
f 1655//1655 1381//1381 1645//1645
f 1657//1657 1656//1656 1660//1660
f 1657//1657 1660//1660 1658//1658
f 1658//1658 1660//1660 1661//1661
f 1658//1658 1661//1661 1659//1659
f 1660//1660 1656//1656 1662//1662
f 1660//1660 1662//1662 1661//1661
f 1661//1661 1662//1662 1663//1663
f 1661//1661 1663//1663 1659//1659
f 1662//1662 1656//1656 1664//1664
f 1662//1662 1664//1664 1663//1663
f 1663//1663 1664//1664 1665//1665
f 1663//1663 1665//1665 1659//1659
f 1664//1664 1656//1656 1666//1666
f 1664//1664 1666//1666 1665//1665
f 1665//1665 1666//1666 1667//1667
f 1665//1665 1667//1667 1659//1659
f 1666//1666 1656//1656 1668//1668
f 1666//1666 1668//1668 1667//1667
f 1667//1667 1668//1668 1669//1669
f 1667//1667 1669//1669 1659//1659
f 1668//1668 1656//1656 1670//1670
f 1668//1668 1670//1670 1669//1669
f 1669//1669 1670//1670 1671//1671
f 1669//1669 1671//1671 1659//1659
f 1670//1670 1656//1656 1672//1672
f 1670//1670 1672//1672 1671//1671
f 1671//1671 1672//1672 1673//1673
f 1671//1671 1673//1673 1659//1659
f 1672//1672 1656//1656 1674//1674
f 1672//1672 1674//1674 1673//1673
f 1673//1673 1674//1674 1675//1675
f 1673//1673 1675//1675 1659//1659
f 1674//1674 1656//1656 1676//1676
f 1674//1674 1676//1676 1675//1675
f 1675//1675 1676//1676 1677//1677
f 1675//1675 1677//1677 1659//1659
f 1676//1676 1656//1656 1678//1678
f 1676//1676 1678//1678 1677//1677
f 1677//1677 1678//1678 1679//1679
f 1677//1677 1679//1679 1659//1659
f 1678//1678 1656//1656 1680//1680
f 1678//1678 1680//1680 1679//1679
f 1679//1679 1680//1680 1681//1681
f 1679//1679 1681//1681 1659//1659
f 1680//1680 1656//1656 1682//1682
f 1680//1680 1682//1682 1681//1681
f 1681//1681 1682//1682 1683//1683
f 1681//1681 1683//1683 1659//1659
f 1682//1682 1656//1656 1684//1684
f 1682//1682 1684//1684 1683//1683
f 1683//1683 1684//1684 1685//1685
f 1683//1683 1685//1685 1659//1659
f 1684//1684 1656//1656 1686//1686
f 1684//1684 1686//1686 1685//1685
f 1685//1685 1686//1686 1687//1687
f 1685//1685 1687//1687 1659//1659
f 1686//1686 1656//1656 1688//1688
f 1686//1686 1688//1688 1687//1687
f 1687//1687 1688//1688 1689//1689
f 1687//1687 1689//1689 1659//1659
f 1688//1688 1656//1656 1690//1690
f 1688//1688 1690//1690 1689//1689
f 1689//1689 1690//1690 1691//1691
f 1689//1689 1691//1691 1659//1659
f 1690//1690 1656//1656 1692//1692
f 1690//1690 1692//1692 1691//1691
f 1691//1691 1692//1692 1693//1693
f 1691//1691 1693//1693 1659//1659
f 1692//1692 1656//1656 1657//1657
f 1692//1692 1657//1657 1693//1693
f 1693//1693 1657//1657 1658//1658
f 1693//1693 1658//1658 1659//1659
f 1694//1694 1705//1705 1706//1706
f 1694//1694 1706//1706 1695//1695
f 1695//1695 1706//1706 1707//1707
f 1695//1695 1707//1707 1696//1696
f 1696//1696 1707//1707 1708//1708
f 1696//1696 1708//1708 1697//1697
f 1697//1697 1708//1708 1709//1709
f 1697//1697 1709//1709 1698//1698
f 1698//1698 1709//1709 1710//1710
f 1698//1698 1710//1710 1699//1699
f 1699//1699 1710//1710 1711//1711
f 1699//1699 1711//1711 1700//1700
f 1700//1700 1711//1711 1712//1712
f 1700//1700 1712//1712 1701//1701
f 1701//1701 1712//1712 1713//1713
f 1701//1701 1713//1713 1702//1702
f 1702//1702 1713//1713 1714//1714
f 1702//1702 1714//1714 1703//1703
f 1703//1703 1714//1714 1715//1715
f 1703//1703 1715//1715 1704//1704
f 1704//1704 1715//1715 1705//1705
f 1704//1704 1705//1705 1694//1694
f 1705//1705 1716//1716 1717//1717
f 1705//1705 1717//1717 1706//1706
f 1706//1706 1717//1717 1718//1718
f 1706//1706 1718//1718 1707//1707
f 1707//1707 1718//1718 1719//1719
f 1707//1707 1719//1719 1708//1708
f 1708//1708 1719//1719 1720//1720
f 1708//1708 1720//1720 1709//1709
f 1709//1709 1720//1720 1721//1721
f 1709//1709 1721//1721 1710//1710
f 1710//1710 1721//1721 1722//1722
f 1710//1710 1722//1722 1711//1711
f 1711//1711 1722//1722 1723//1723
f 1711//1711 1723//1723 1712//1712
f 1712//1712 1723//1723 1724//1724
f 1712//1712 1724//1724 1713//1713
f 1713//1713 1724//1724 1725//1725
f 1713//1713 1725//1725 1714//1714
f 1714//1714 1725//1725 1726//1726
f 1714//1714 1726//1726 1715//1715
f 1715//1715 1726//1726 1716//1716
f 1715//1715 1716//1716 1705//1705
f 1716//1716 1727//1727 1728//1728
f 1716//1716 1728//1728 1717//1717
f 1717//1717 1728//1728 1729//1729
f 1717//1717 1729//1729 1718//1718
f 1718//1718 1729//1729 1730//1730
f 1718//1718 1730//1730 1719//1719
f 1719//1719 1730//1730 1731//1731
f 1719//1719 1731//1731 1720//1720
f 1720//1720 1731//1731 1732//1732
f 1720//1720 1732//1732 1721//1721
f 1721//1721 1732//1732 1733//1733
f 1721//1721 1733//1733 1722//1722
f 1722//1722 1733//1733 1734//1734
f 1722//1722 1734//1734 1723//1723
f 1723//1723 1734//1734 1735//1735
f 1723//1723 1735//1735 1724//1724
f 1724//1724 1735//1735 1736//1736
f 1724//1724 1736//1736 1725//1725
f 1725//1725 1736//1736 1737//1737
f 1725//1725 1737//1737 1726//1726
f 1726//1726 1737//1737 1727//1727
f 1726//1726 1727//1727 1716//1716
f 1727//1727 1738//1738 1739//1739
f 1727//1727 1739//1739 1728//1728
f 1728//1728 1739//1739 1740//1740
f 1728//1728 1740//1740 1729//1729
f 1729//1729 1740//1740 1741//1741
f 1729//1729 1741//1741 1730//1730
f 1730//1730 1741//1741 1742//1742
f 1730//1730 1742//1742 1731//1731
f 1731//1731 1742//1742 1743//1743
f 1731//1731 1743//1743 1732//1732
f 1732//1732 1743//1743 1744//1744
f 1732//1732 1744//1744 1733//1733
f 1733//1733 1744//1744 1745//1745
f 1733//1733 1745//1745 1734//1734
f 1734//1734 1745//1745 1746//1746
f 1734//1734 1746//1746 1735//1735
f 1735//1735 1746//1746 1747//1747
f 1735//1735 1747//1747 1736//1736
f 1736//1736 1747//1747 1748//1748
f 1736//1736 1748//1748 1737//1737
f 1737//1737 1748//1748 1738//1738
f 1737//1737 1738//1738 1727//1727
f 1738//1738 1749//1749 1750//1750
f 1738//1738 1750//1750 1739//1739
f 1739//1739 1750//1750 1751//1751
f 1739//1739 1751//1751 1740//1740
f 1740//1740 1751//1751 1752//1752
f 1740//1740 1752//1752 1741//1741
f 1741//1741 1752//1752 1753//1753
f 1741//1741 1753//1753 1742//1742
f 1742//1742 1753//1753 1754//1754
f 1742//1742 1754//1754 1743//1743
f 1743//1743 1754//1754 1755//1755
f 1743//1743 1755//1755 1744//1744
f 1744//1744 1755//1755 1756//1756
f 1744//1744 1756//1756 1745//1745
f 1745//1745 1756//1756 1757//1757
f 1745//1745 1757//1757 1746//1746
f 1746//1746 1757//1757 1758//1758
f 1746//1746 1758//1758 1747//1747
f 1747//1747 1758//1758 1759//1759
f 1747//1747 1759//1759 1748//1748
f 1748//1748 1759//1759 1749//1749
f 1748//1748 1749//1749 1738//1738
f 1749//1749 1760//1760 1761//1761
f 1749//1749 1761//1761 1750//1750
f 1750//1750 1761//1761 1762//1762
f 1750//1750 1762//1762 1751//1751
f 1751//1751 1762//1762 1763//1763
f 1751//1751 1763//1763 1752//1752
f 1752//1752 1763//1763 1764//1764
f 1752//1752 1764//1764 1753//1753
f 1753//1753 1764//1764 1765//1765
f 1753//1753 1765//1765 1754//1754
f 1754//1754 1765//1765 1766//1766
f 1754//1754 1766//1766 1755//1755
f 1755//1755 1766//1766 1767//1767
f 1755//1755 1767//1767 1756//1756
f 1756//1756 1767//1767 1768//1768
f 1756//1756 1768//1768 1757//1757
f 1757//1757 1768//1768 1769//1769
f 1757//1757 1769//1769 1758//1758
f 1758//1758 1769//1769 1770//1770
f 1758//1758 1770//1770 1759//1759
f 1759//1759 1770//1770 1760//1760
f 1759//1759 1760//1760 1749//1749
f 1760//1760 1771//1771 1772//1772
f 1760//1760 1772//1772 1761//1761
f 1761//1761 1772//1772 1773//1773
f 1761//1761 1773//1773 1762//1762
f 1762//1762 1773//1773 1774//1774
f 1762//1762 1774//1774 1763//1763
f 1763//1763 1774//1774 1775//1775
f 1763//1763 1775//1775 1764//1764
f 1764//1764 1775//1775 1776//1776
f 1764//1764 1776//1776 1765//1765
f 1765//1765 1776//1776 1777//1777
f 1765//1765 1777//1777 1766//1766
f 1766//1766 1777//1777 1778//1778
f 1766//1766 1778//1778 1767//1767
f 1767//1767 1778//1778 1779//1779
f 1767//1767 1779//1779 1768//1768
f 1768//1768 1779//1779 1780//1780
f 1768//1768 1780//1780 1769//1769
f 1769//1769 1780//1780 1781//1781
f 1769//1769 1781//1781 1770//1770
f 1770//1770 1781//1781 1771//1771
f 1770//1770 1771//1771 1760//1760
f 1771//1771 1782//1782 1783//1783
f 1771//1771 1783//1783 1772//1772
f 1772//1772 1783//1783 1784//1784
f 1772//1772 1784//1784 1773//1773
f 1773//1773 1784//1784 1785//1785
f 1773//1773 1785//1785 1774//1774
f 1774//1774 1785//1785 1786//1786
f 1774//1774 1786//1786 1775//1775
f 1775//1775 1786//1786 1787//1787
f 1775//1775 1787//1787 1776//1776
f 1776//1776 1787//1787 1788//1788
f 1776//1776 1788//1788 1777//1777
f 1777//1777 1788//1788 1789//1789
f 1777//1777 1789//1789 1778//1778
f 1778//1778 1789//1789 1790//1790
f 1778//1778 1790//1790 1779//1779
f 1779//1779 1790//1790 1791//1791
f 1779//1779 1791//1791 1780//1780
f 1780//1780 1791//1791 1792//1792
f 1780//1780 1792//1792 1781//1781
f 1781//1781 1792//1792 1782//1782
f 1781//1781 1782//1782 1771//1771
f 1782//1782 1793//1793 1794//1794
f 1782//1782 1794//1794 1783//1783
f 1783//1783 1794//1794 1795//1795
f 1783//1783 1795//1795 1784//1784
f 1784//1784 1795//1795 1796//1796
f 1784//1784 1796//1796 1785//1785
f 1785//1785 1796//1796 1797//1797
f 1785//1785 1797//1797 1786//1786
f 1786//1786 1797//1797 1798//1798
f 1786//1786 1798//1798 1787//1787
f 1787//1787 1798//1798 1799//1799
f 1787//1787 1799//1799 1788//1788
f 1788//1788 1799//1799 1800//1800
f 1788//1788 1800//1800 1789//1789
f 1789//1789 1800//1800 1801//1801
f 1789//1789 1801//1801 1790//1790
f 1790//1790 1801//1801 1802//1802
f 1790//1790 1802//1802 1791//1791
f 1791//1791 1802//1802 1803//1803
f 1791//1791 1803//1803 1792//1792
f 1792//1792 1803//1803 1793//1793
f 1792//1792 1793//1793 1782//1782
f 1793//1793 1804//1804 1805//1805
f 1793//1793 1805//1805 1794//1794
f 1794//1794 1805//1805 1806//1806
f 1794//1794 1806//1806 1795//1795
f 1795//1795 1806//1806 1807//1807
f 1795//1795 1807//1807 1796//1796
f 1796//1796 1807//1807 1808//1808
f 1796//1796 1808//1808 1797//1797
f 1797//1797 1808//1808 1809//1809
f 1797//1797 1809//1809 1798//1798
f 1798//1798 1809//1809 1810//1810
f 1798//1798 1810//1810 1799//1799
f 1799//1799 1810//1810 1811//1811
f 1799//1799 1811//1811 1800//1800
f 1800//1800 1811//1811 1812//1812
f 1800//1800 1812//1812 1801//1801
f 1801//1801 1812//1812 1813//1813
f 1801//1801 1813//1813 1802//1802
f 1802//1802 1813//1813 1814//1814
f 1802//1802 1814//1814 1803//1803
f 1803//1803 1814//1814 1804//1804
f 1803//1803 1804//1804 1793//1793
f 1804//1804 1815//1815 1816//1816
f 1804//1804 1816//1816 1805//1805
f 1805//1805 1816//1816 1817//1817
f 1805//1805 1817//1817 1806//1806
f 1806//1806 1817//1817 1818//1818
f 1806//1806 1818//1818 1807//1807
f 1807//1807 1818//1818 1819//1819
f 1807//1807 1819//1819 1808//1808
f 1808//1808 1819//1819 1820//1820
f 1808//1808 1820//1820 1809//1809
f 1809//1809 1820//1820 1821//1821
f 1809//1809 1821//1821 1810//1810
f 1810//1810 1821//1821 1822//1822
f 1810//1810 1822//1822 1811//1811
f 1811//1811 1822//1822 1823//1823
f 1811//1811 1823//1823 1812//1812
f 1812//1812 1823//1823 1824//1824
f 1812//1812 1824//1824 1813//1813
f 1813//1813 1824//1824 1825//1825
f 1813//1813 1825//1825 1814//1814
f 1814//1814 1825//1825 1815//1815
f 1814//1814 1815//1815 1804//1804
f 1815//1815 1826//1826 1827//1827
f 1815//1815 1827//1827 1816//1816
f 1816//1816 1827//1827 1828//1828
f 1816//1816 1828//1828 1817//1817
f 1817//1817 1828//1828 1829//1829
f 1817//1817 1829//1829 1818//1818
f 1818//1818 1829//1829 1830//1830
f 1818//1818 1830//1830 1819//1819
f 1819//1819 1830//1830 1831//1831
f 1819//1819 1831//1831 1820//1820
f 1820//1820 1831//1831 1832//1832
f 1820//1820 1832//1832 1821//1821
f 1821//1821 1832//1832 1833//1833
f 1821//1821 1833//1833 1822//1822
f 1822//1822 1833//1833 1834//1834
f 1822//1822 1834//1834 1823//1823
f 1823//1823 1834//1834 1835//1835
f 1823//1823 1835//1835 1824//1824
f 1824//1824 1835//1835 1836//1836
f 1824//1824 1836//1836 1825//1825
f 1825//1825 1836//1836 1826//1826
f 1825//1825 1826//1826 1815//1815
f 1826//1826 1837//1837 1838//1838
f 1826//1826 1838//1838 1827//1827
f 1827//1827 1838//1838 1839//1839
f 1827//1827 1839//1839 1828//1828
f 1828//1828 1839//1839 1840//1840
f 1828//1828 1840//1840 1829//1829
f 1829//1829 1840//1840 1841//1841
f 1829//1829 1841//1841 1830//1830
f 1830//1830 1841//1841 1842//1842
f 1830//1830 1842//1842 1831//1831
f 1831//1831 1842//1842 1843//1843
f 1831//1831 1843//1843 1832//1832
f 1832//1832 1843//1843 1844//1844
f 1832//1832 1844//1844 1833//1833
f 1833//1833 1844//1844 1845//1845
f 1833//1833 1845//1845 1834//1834
f 1834//1834 1845//1845 1846//1846
f 1834//1834 1846//1846 1835//1835
f 1835//1835 1846//1846 1847//1847
f 1835//1835 1847//1847 1836//1836
f 1836//1836 1847//1847 1837//1837
f 1836//1836 1837//1837 1826//1826
f 1837//1837 1848//1848 1849//1849
f 1837//1837 1849//1849 1838//1838
f 1838//1838 1849//1849 1850//1850
f 1838//1838 1850//1850 1839//1839
f 1839//1839 1850//1850 1851//1851
f 1839//1839 1851//1851 1840//1840
f 1840//1840 1851//1851 1852//1852
f 1840//1840 1852//1852 1841//1841
f 1841//1841 1852//1852 1853//1853
f 1841//1841 1853//1853 1842//1842
f 1842//1842 1853//1853 1854//1854
f 1842//1842 1854//1854 1843//1843
f 1843//1843 1854//1854 1855//1855
f 1843//1843 1855//1855 1844//1844
f 1844//1844 1855//1855 1856//1856
f 1844//1844 1856//1856 1845//1845
f 1845//1845 1856//1856 1857//1857
f 1845//1845 1857//1857 1846//1846
f 1846//1846 1857//1857 1858//1858
f 1846//1846 1858//1858 1847//1847
f 1847//1847 1858//1858 1848//1848
f 1847//1847 1848//1848 1837//1837
f 1848//1848 1859//1859 1860//1860
f 1848//1848 1860//1860 1849//1849
f 1849//1849 1860//1860 1861//1861
f 1849//1849 1861//1861 1850//1850
f 1850//1850 1861//1861 1862//1862
f 1850//1850 1862//1862 1851//1851
f 1851//1851 1862//1862 1863//1863
f 1851//1851 1863//1863 1852//1852
f 1852//1852 1863//1863 1864//1864
f 1852//1852 1864//1864 1853//1853
f 1853//1853 1864//1864 1865//1865
f 1853//1853 1865//1865 1854//1854
f 1854//1854 1865//1865 1866//1866
f 1854//1854 1866//1866 1855//1855
f 1855//1855 1866//1866 1867//1867
f 1855//1855 1867//1867 1856//1856
f 1856//1856 1867//1867 1868//1868
f 1856//1856 1868//1868 1857//1857
f 1857//1857 1868//1868 1869//1869
f 1857//1857 1869//1869 1858//1858
f 1858//1858 1869//1869 1859//1859
f 1858//1858 1859//1859 1848//1848
f 1859//1859 1870//1870 1871//1871
f 1859//1859 1871//1871 1860//1860
f 1860//1860 1871//1871 1872//1872
f 1860//1860 1872//1872 1861//1861
f 1861//1861 1872//1872 1873//1873
f 1861//1861 1873//1873 1862//1862
f 1862//1862 1873//1873 1874//1874
f 1862//1862 1874//1874 1863//1863
f 1863//1863 1874//1874 1875//1875
f 1863//1863 1875//1875 1864//1864
f 1864//1864 1875//1875 1876//1876
f 1864//1864 1876//1876 1865//1865
f 1865//1865 1876//1876 1877//1877
f 1865//1865 1877//1877 1866//1866
f 1866//1866 1877//1877 1878//1878
f 1866//1866 1878//1878 1867//1867
f 1867//1867 1878//1878 1879//1879
f 1867//1867 1879//1879 1868//1868
f 1868//1868 1879//1879 1880//1880
f 1868//1868 1880//1880 1869//1869
f 1869//1869 1880//1880 1870//1870
f 1869//1869 1870//1870 1859//1859
f 1870//1870 1881//1881 1882//1882
f 1870//1870 1882//1882 1871//1871
f 1871//1871 1882//1882 1883//1883
f 1871//1871 1883//1883 1872//1872
f 1872//1872 1883//1883 1884//1884
f 1872//1872 1884//1884 1873//1873
f 1873//1873 1884//1884 1885//1885
f 1873//1873 1885//1885 1874//1874
f 1874//1874 1885//1885 1886//1886
f 1874//1874 1886//1886 1875//1875
f 1875//1875 1886//1886 1887//1887
f 1875//1875 1887//1887 1876//1876
f 1876//1876 1887//1887 1888//1888
f 1876//1876 1888//1888 1877//1877
f 1877//1877 1888//1888 1889//1889
f 1877//1877 1889//1889 1878//1878
f 1878//1878 1889//1889 1890//1890
f 1878//1878 1890//1890 1879//1879
f 1879//1879 1890//1890 1891//1891
f 1879//1879 1891//1891 1880//1880
f 1880//1880 1891//1891 1881//1881
f 1880//1880 1881//1881 1870//1870
f 1881//1881 1892//1892 1893//1893
f 1881//1881 1893//1893 1882//1882
f 1882//1882 1893//1893 1894//1894
f 1882//1882 1894//1894 1883//1883
f 1883//1883 1894//1894 1895//1895
f 1883//1883 1895//1895 1884//1884
f 1884//1884 1895//1895 1896//1896
f 1884//1884 1896//1896 1885//1885
f 1885//1885 1896//1896 1897//1897
f 1885//1885 1897//1897 1886//1886
f 1886//1886 1897//1897 1898//1898
f 1886//1886 1898//1898 1887//1887
f 1887//1887 1898//1898 1899//1899
f 1887//1887 1899//1899 1888//1888
f 1888//1888 1899//1899 1900//1900
f 1888//1888 1900//1900 1889//1889
f 1889//1889 1900//1900 1901//1901
f 1889//1889 1901//1901 1890//1890
f 1890//1890 1901//1901 1902//1902
f 1890//1890 1902//1902 1891//1891
f 1891//1891 1902//1902 1892//1892
f 1891//1891 1892//1892 1881//1881
f 1892//1892 1903//1903 1904//1904
f 1892//1892 1904//1904 1893//1893
f 1893//1893 1904//1904 1905//1905
f 1893//1893 1905//1905 1894//1894
f 1894//1894 1905//1905 1906//1906
f 1894//1894 1906//1906 1895//1895
f 1895//1895 1906//1906 1907//1907
f 1895//1895 1907//1907 1896//1896
f 1896//1896 1907//1907 1908//1908
f 1896//1896 1908//1908 1897//1897
f 1897//1897 1908//1908 1909//1909
f 1897//1897 1909//1909 1898//1898
f 1898//1898 1909//1909 1910//1910
f 1898//1898 1910//1910 1899//1899
f 1899//1899 1910//1910 1911//1911
f 1899//1899 1911//1911 1900//1900
f 1900//1900 1911//1911 1912//1912
f 1900//1900 1912//1912 1901//1901
f 1901//1901 1912//1912 1913//1913
f 1901//1901 1913//1913 1902//1902
f 1902//1902 1913//1913 1903//1903
f 1902//1902 1903//1903 1892//1892
f 1903//1903 1914//1914 1915//1915
f 1903//1903 1915//1915 1904//1904
f 1904//1904 1915//1915 1916//1916
f 1904//1904 1916//1916 1905//1905
f 1905//1905 1916//1916 1917//1917
f 1905//1905 1917//1917 1906//1906
f 1906//1906 1917//1917 1918//1918
f 1906//1906 1918//1918 1907//1907
f 1907//1907 1918//1918 1919//1919
f 1907//1907 1919//1919 1908//1908
f 1908//1908 1919//1919 1920//1920
f 1908//1908 1920//1920 1909//1909
f 1909//1909 1920//1920 1921//1921
f 1909//1909 1921//1921 1910//1910
f 1910//1910 1921//1921 1922//1922
f 1910//1910 1922//1922 1911//1911
f 1911//1911 1922//1922 1923//1923
f 1911//1911 1923//1923 1912//1912
f 1912//1912 1923//1923 1924//1924
f 1912//1912 1924//1924 1913//1913
f 1913//1913 1924//1924 1914//1914
f 1913//1913 1914//1914 1903//1903
f 1914//1914 1925//1925 1926//1926
f 1914//1914 1926//1926 1915//1915
f 1915//1915 1926//1926 1927//1927
f 1915//1915 1927//1927 1916//1916
f 1916//1916 1927//1927 1928//1928
f 1916//1916 1928//1928 1917//1917
f 1917//1917 1928//1928 1929//1929
f 1917//1917 1929//1929 1918//1918
f 1918//1918 1929//1929 1930//1930
f 1918//1918 1930//1930 1919//1919
f 1919//1919 1930//1930 1931//1931
f 1919//1919 1931//1931 1920//1920
f 1920//1920 1931//1931 1932//1932
f 1920//1920 1932//1932 1921//1921
f 1921//1921 1932//1932 1933//1933
f 1921//1921 1933//1933 1922//1922
f 1922//1922 1933//1933 1934//1934
f 1922//1922 1934//1934 1923//1923
f 1923//1923 1934//1934 1935//1935
f 1923//1923 1935//1935 1924//1924
f 1924//1924 1935//1935 1925//1925
f 1924//1924 1925//1925 1914//1914
f 1925//1925 1936//1936 1937//1937
f 1925//1925 1937//1937 1926//1926
f 1926//1926 1937//1937 1938//1938
f 1926//1926 1938//1938 1927//1927
f 1927//1927 1938//1938 1939//1939
f 1927//1927 1939//1939 1928//1928
f 1928//1928 1939//1939 1940//1940
f 1928//1928 1940//1940 1929//1929
f 1929//1929 1940//1940 1941//1941
f 1929//1929 1941//1941 1930//1930
f 1930//1930 1941//1941 1942//1942
f 1930//1930 1942//1942 1931//1931
f 1931//1931 1942//1942 1943//1943
f 1931//1931 1943//1943 1932//1932
f 1932//1932 1943//1943 1944//1944
f 1932//1932 1944//1944 1933//1933
f 1933//1933 1944//1944 1945//1945
f 1933//1933 1945//1945 1934//1934
f 1934//1934 1945//1945 1946//1946
f 1934//1934 1946//1946 1935//1935
f 1935//1935 1946//1946 1936//1936
f 1935//1935 1936//1936 1925//1925
f 1936//1936 1947//1947 1948//1948
f 1936//1936 1948//1948 1937//1937
f 1937//1937 1948//1948 1949//1949
f 1937//1937 1949//1949 1938//1938
f 1938//1938 1949//1949 1950//1950
f 1938//1938 1950//1950 1939//1939
f 1939//1939 1950//1950 1951//1951
f 1939//1939 1951//1951 1940//1940
f 1940//1940 1951//1951 1952//1952
f 1940//1940 1952//1952 1941//1941
f 1941//1941 1952//1952 1953//1953
f 1941//1941 1953//1953 1942//1942
f 1942//1942 1953//1953 1954//1954
f 1942//1942 1954//1954 1943//1943
f 1943//1943 1954//1954 1955//1955
f 1943//1943 1955//1955 1944//1944
f 1944//1944 1955//1955 1956//1956
f 1944//1944 1956//1956 1945//1945
f 1945//1945 1956//1956 1957//1957
f 1945//1945 1957//1957 1946//1946
f 1946//1946 1957//1957 1947//1947
f 1946//1946 1947//1947 1936//1936
f 1947//1947 1958//1958 1959//1959
f 1947//1947 1959//1959 1948//1948
f 1948//1948 1959//1959 1960//1960
f 1948//1948 1960//1960 1949//1949
f 1949//1949 1960//1960 1961//1961
f 1949//1949 1961//1961 1950//1950
f 1950//1950 1961//1961 1962//1962
f 1950//1950 1962//1962 1951//1951
f 1951//1951 1962//1962 1963//1963
f 1951//1951 1963//1963 1952//1952
f 1952//1952 1963//1963 1964//1964
f 1952//1952 1964//1964 1953//1953
f 1953//1953 1964//1964 1965//1965
f 1953//1953 1965//1965 1954//1954
f 1954//1954 1965//1965 1966//1966
f 1954//1954 1966//1966 1955//1955
f 1955//1955 1966//1966 1967//1967
f 1955//1955 1967//1967 1956//1956
f 1956//1956 1967//1967 1968//1968
f 1956//1956 1968//1968 1957//1957
f 1957//1957 1968//1968 1958//1958
f 1957//1957 1958//1958 1947//1947
f 1958//1958 1694//1694 1695//1695
f 1958//1958 1695//1695 1959//1959
f 1959//1959 1695//1695 1696//1696
f 1959//1959 1696//1696 1960//1960
f 1960//1960 1696//1696 1697//1697
f 1960//1960 1697//1697 1961//1961
f 1961//1961 1697//1697 1698//1698
f 1961//1961 1698//1698 1962//1962
f 1962//1962 1698//1698 1699//1699
f 1962//1962 1699//1699 1963//1963
f 1963//1963 1699//1699 1700//1700
f 1963//1963 1700//1700 1964//1964
f 1964//1964 1700//1700 1701//1701
f 1964//1964 1701//1701 1965//1965
f 1965//1965 1701//1701 1702//1702
f 1965//1965 1702//1702 1966//1966
f 1966//1966 1702//1702 1703//1703
f 1966//1966 1703//1703 1967//1967
f 1967//1967 1703//1703 1704//1704
f 1967//1967 1704//1704 1968//1968
f 1968//1968 1704//1704 1694//1694
f 1968//1968 1694//1694 1958//1958
f 1970//1970 1969//1969 1973//1973
f 1970//1970 1973//1973 1971//1971
f 1971//1971 1973//1973 1974//1974
f 1971//1971 1974//1974 1972//1972
f 1973//1973 1969//1969 1975//1975
f 1973//1973 1975//1975 1974//1974
f 1974//1974 1975//1975 1976//1976
f 1974//1974 1976//1976 1972//1972
f 1975//1975 1969//1969 1977//1977
f 1975//1975 1977//1977 1976//1976
f 1976//1976 1977//1977 1978//1978
f 1976//1976 1978//1978 1972//1972
f 1977//1977 1969//1969 1979//1979
f 1977//1977 1979//1979 1978//1978
f 1978//1978 1979//1979 1980//1980
f 1978//1978 1980//1980 1972//1972
f 1979//1979 1969//1969 1981//1981
f 1979//1979 1981//1981 1980//1980
f 1980//1980 1981//1981 1982//1982
f 1980//1980 1982//1982 1972//1972
f 1981//1981 1969//1969 1983//1983
f 1981//1981 1983//1983 1982//1982
f 1982//1982 1983//1983 1984//1984
f 1982//1982 1984//1984 1972//1972
f 1983//1983 1969//1969 1985//1985
f 1983//1983 1985//1985 1984//1984
f 1984//1984 1985//1985 1986//1986
f 1984//1984 1986//1986 1972//1972
f 1985//1985 1969//1969 1987//1987
f 1985//1985 1987//1987 1986//1986
f 1986//1986 1987//1987 1988//1988
f 1986//1986 1988//1988 1972//1972
f 1987//1987 1969//1969 1989//1989
f 1987//1987 1989//1989 1988//1988
f 1988//1988 1989//1989 1990//1990
f 1988//1988 1990//1990 1972//1972
f 1989//1989 1969//1969 1991//1991
f 1989//1989 1991//1991 1990//1990
f 1990//1990 1991//1991 1992//1992
f 1990//1990 1992//1992 1972//1972
f 1991//1991 1969//1969 1993//1993
f 1991//1991 1993//1993 1992//1992
f 1992//1992 1993//1993 1994//1994
f 1992//1992 1994//1994 1972//1972
f 1993//1993 1969//1969 1995//1995
f 1993//1993 1995//1995 1994//1994
f 1994//1994 1995//1995 1996//1996
f 1994//1994 1996//1996 1972//1972
f 1995//1995 1969//1969 1997//1997
f 1995//1995 1997//1997 1996//1996
f 1996//1996 1997//1997 1998//1998
f 1996//1996 1998//1998 1972//1972
f 1997//1997 1969//1969 1999//1999
f 1997//1997 1999//1999 1998//1998
f 1998//1998 1999//1999 2000//2000
f 1998//1998 2000//2000 1972//1972
f 1999//1999 1969//1969 2001//2001
f 1999//1999 2001//2001 2000//2000
f 2000//2000 2001//2001 2002//2002
f 2000//2000 2002//2002 1972//1972
f 2001//2001 1969//1969 2003//2003
f 2001//2001 2003//2003 2002//2002
f 2002//2002 2003//2003 2004//2004
f 2002//2002 2004//2004 1972//1972
f 2003//2003 1969//1969 2005//2005
f 2003//2003 2005//2005 2004//2004
f 2004//2004 2005//2005 2006//2006
f 2004//2004 2006//2006 1972//1972
f 2005//2005 1969//1969 1970//1970
f 2005//2005 1970//1970 2006//2006
f 2006//2006 1970//1970 1971//1971
f 2006//2006 1971//1971 1972//1972
f 2007//2007 2018//2018 2019//2019
f 2007//2007 2019//2019 2008//2008
f 2008//2008 2019//2019 2020//2020
f 2008//2008 2020//2020 2009//2009
f 2009//2009 2020//2020 2021//2021
f 2009//2009 2021//2021 2010//2010
f 2010//2010 2021//2021 2022//2022
f 2010//2010 2022//2022 2011//2011
f 2011//2011 2022//2022 2023//2023
f 2011//2011 2023//2023 2012//2012
f 2012//2012 2023//2023 2024//2024
f 2012//2012 2024//2024 2013//2013
f 2013//2013 2024//2024 2025//2025
f 2013//2013 2025//2025 2014//2014
f 2014//2014 2025//2025 2026//2026
f 2014//2014 2026//2026 2015//2015
f 2015//2015 2026//2026 2027//2027
f 2015//2015 2027//2027 2016//2016
f 2016//2016 2027//2027 2028//2028
f 2016//2016 2028//2028 2017//2017
f 2017//2017 2028//2028 2018//2018
f 2017//2017 2018//2018 2007//2007
f 2018//2018 2029//2029 2030//2030
f 2018//2018 2030//2030 2019//2019
f 2019//2019 2030//2030 2031//2031
f 2019//2019 2031//2031 2020//2020
f 2020//2020 2031//2031 2032//2032
f 2020//2020 2032//2032 2021//2021
f 2021//2021 2032//2032 2033//2033
f 2021//2021 2033//2033 2022//2022
f 2022//2022 2033//2033 2034//2034
f 2022//2022 2034//2034 2023//2023
f 2023//2023 2034//2034 2035//2035
f 2023//2023 2035//2035 2024//2024
f 2024//2024 2035//2035 2036//2036
f 2024//2024 2036//2036 2025//2025
f 2025//2025 2036//2036 2037//2037
f 2025//2025 2037//2037 2026//2026
f 2026//2026 2037//2037 2038//2038
f 2026//2026 2038//2038 2027//2027
f 2027//2027 2038//2038 2039//2039
f 2027//2027 2039//2039 2028//2028
f 2028//2028 2039//2039 2029//2029
f 2028//2028 2029//2029 2018//2018
f 2029//2029 2040//2040 2041//2041
f 2029//2029 2041//2041 2030//2030
f 2030//2030 2041//2041 2042//2042
f 2030//2030 2042//2042 2031//2031
f 2031//2031 2042//2042 2043//2043
f 2031//2031 2043//2043 2032//2032
f 2032//2032 2043//2043 2044//2044
f 2032//2032 2044//2044 2033//2033
f 2033//2033 2044//2044 2045//2045
f 2033//2033 2045//2045 2034//2034
f 2034//2034 2045//2045 2046//2046
f 2034//2034 2046//2046 2035//2035
f 2035//2035 2046//2046 2047//2047
f 2035//2035 2047//2047 2036//2036
f 2036//2036 2047//2047 2048//2048
f 2036//2036 2048//2048 2037//2037
f 2037//2037 2048//2048 2049//2049
f 2037//2037 2049//2049 2038//2038
f 2038//2038 2049//2049 2050//2050
f 2038//2038 2050//2050 2039//2039
f 2039//2039 2050//2050 2040//2040
f 2039//2039 2040//2040 2029//2029
f 2040//2040 2051//2051 2052//2052
f 2040//2040 2052//2052 2041//2041
f 2041//2041 2052//2052 2053//2053
f 2041//2041 2053//2053 2042//2042
f 2042//2042 2053//2053 2054//2054
f 2042//2042 2054//2054 2043//2043
f 2043//2043 2054//2054 2055//2055
f 2043//2043 2055//2055 2044//2044
f 2044//2044 2055//2055 2056//2056
f 2044//2044 2056//2056 2045//2045
f 2045//2045 2056//2056 2057//2057
f 2045//2045 2057//2057 2046//2046
f 2046//2046 2057//2057 2058//2058
f 2046//2046 2058//2058 2047//2047
f 2047//2047 2058//2058 2059//2059
f 2047//2047 2059//2059 2048//2048
f 2048//2048 2059//2059 2060//2060
f 2048//2048 2060//2060 2049//2049
f 2049//2049 2060//2060 2061//2061
f 2049//2049 2061//2061 2050//2050
f 2050//2050 2061//2061 2051//2051
f 2050//2050 2051//2051 2040//2040
f 2051//2051 2062//2062 2063//2063
f 2051//2051 2063//2063 2052//2052
f 2052//2052 2063//2063 2064//2064
f 2052//2052 2064//2064 2053//2053
f 2053//2053 2064//2064 2065//2065
f 2053//2053 2065//2065 2054//2054
f 2054//2054 2065//2065 2066//2066
f 2054//2054 2066//2066 2055//2055
f 2055//2055 2066//2066 2067//2067
f 2055//2055 2067//2067 2056//2056
f 2056//2056 2067//2067 2068//2068
f 2056//2056 2068//2068 2057//2057
f 2057//2057 2068//2068 2069//2069
f 2057//2057 2069//2069 2058//2058
f 2058//2058 2069//2069 2070//2070
f 2058//2058 2070//2070 2059//2059
f 2059//2059 2070//2070 2071//2071
f 2059//2059 2071//2071 2060//2060
f 2060//2060 2071//2071 2072//2072
f 2060//2060 2072//2072 2061//2061
f 2061//2061 2072//2072 2062//2062
f 2061//2061 2062//2062 2051//2051
f 2062//2062 2073//2073 2074//2074
f 2062//2062 2074//2074 2063//2063
f 2063//2063 2074//2074 2075//2075
f 2063//2063 2075//2075 2064//2064
f 2064//2064 2075//2075 2076//2076
f 2064//2064 2076//2076 2065//2065
f 2065//2065 2076//2076 2077//2077
f 2065//2065 2077//2077 2066//2066
f 2066//2066 2077//2077 2078//2078
f 2066//2066 2078//2078 2067//2067
f 2067//2067 2078//2078 2079//2079
f 2067//2067 2079//2079 2068//2068
f 2068//2068 2079//2079 2080//2080
f 2068//2068 2080//2080 2069//2069
f 2069//2069 2080//2080 2081//2081
f 2069//2069 2081//2081 2070//2070
f 2070//2070 2081//2081 2082//2082
f 2070//2070 2082//2082 2071//2071
f 2071//2071 2082//2082 2083//2083
f 2071//2071 2083//2083 2072//2072
f 2072//2072 2083//2083 2073//2073
f 2072//2072 2073//2073 2062//2062
f 2073//2073 2084//2084 2085//2085
f 2073//2073 2085//2085 2074//2074
f 2074//2074 2085//2085 2086//2086
f 2074//2074 2086//2086 2075//2075
f 2075//2075 2086//2086 2087//2087
f 2075//2075 2087//2087 2076//2076
f 2076//2076 2087//2087 2088//2088
f 2076//2076 2088//2088 2077//2077
f 2077//2077 2088//2088 2089//2089
f 2077//2077 2089//2089 2078//2078
f 2078//2078 2089//2089 2090//2090
f 2078//2078 2090//2090 2079//2079
f 2079//2079 2090//2090 2091//2091
f 2079//2079 2091//2091 2080//2080
f 2080//2080 2091//2091 2092//2092
f 2080//2080 2092//2092 2081//2081
f 2081//2081 2092//2092 2093//2093
f 2081//2081 2093//2093 2082//2082
f 2082//2082 2093//2093 2094//2094
f 2082//2082 2094//2094 2083//2083
f 2083//2083 2094//2094 2084//2084
f 2083//2083 2084//2084 2073//2073
f 2084//2084 2095//2095 2096//2096
f 2084//2084 2096//2096 2085//2085
f 2085//2085 2096//2096 2097//2097
f 2085//2085 2097//2097 2086//2086
f 2086//2086 2097//2097 2098//2098
f 2086//2086 2098//2098 2087//2087
f 2087//2087 2098//2098 2099//2099
f 2087//2087 2099//2099 2088//2088
f 2088//2088 2099//2099 2100//2100
f 2088//2088 2100//2100 2089//2089
f 2089//2089 2100//2100 2101//2101
f 2089//2089 2101//2101 2090//2090
f 2090//2090 2101//2101 2102//2102
f 2090//2090 2102//2102 2091//2091
f 2091//2091 2102//2102 2103//2103
f 2091//2091 2103//2103 2092//2092
f 2092//2092 2103//2103 2104//2104
f 2092//2092 2104//2104 2093//2093
f 2093//2093 2104//2104 2105//2105
f 2093//2093 2105//2105 2094//2094
f 2094//2094 2105//2105 2095//2095
f 2094//2094 2095//2095 2084//2084
f 2095//2095 2106//2106 2107//2107
f 2095//2095 2107//2107 2096//2096
f 2096//2096 2107//2107 2108//2108
f 2096//2096 2108//2108 2097//2097
f 2097//2097 2108//2108 2109//2109
f 2097//2097 2109//2109 2098//2098
f 2098//2098 2109//2109 2110//2110
f 2098//2098 2110//2110 2099//2099
f 2099//2099 2110//2110 2111//2111
f 2099//2099 2111//2111 2100//2100
f 2100//2100 2111//2111 2112//2112
f 2100//2100 2112//2112 2101//2101
f 2101//2101 2112//2112 2113//2113
f 2101//2101 2113//2113 2102//2102
f 2102//2102 2113//2113 2114//2114
f 2102//2102 2114//2114 2103//2103
f 2103//2103 2114//2114 2115//2115
f 2103//2103 2115//2115 2104//2104
f 2104//2104 2115//2115 2116//2116
f 2104//2104 2116//2116 2105//2105
f 2105//2105 2116//2116 2106//2106
f 2105//2105 2106//2106 2095//2095
f 2106//2106 2117//2117 2118//2118
f 2106//2106 2118//2118 2107//2107
f 2107//2107 2118//2118 2119//2119
f 2107//2107 2119//2119 2108//2108
f 2108//2108 2119//2119 2120//2120
f 2108//2108 2120//2120 2109//2109
f 2109//2109 2120//2120 2121//2121
f 2109//2109 2121//2121 2110//2110
f 2110//2110 2121//2121 2122//2122
f 2110//2110 2122//2122 2111//2111
f 2111//2111 2122//2122 2123//2123
f 2111//2111 2123//2123 2112//2112
f 2112//2112 2123//2123 2124//2124
f 2112//2112 2124//2124 2113//2113
f 2113//2113 2124//2124 2125//2125
f 2113//2113 2125//2125 2114//2114
f 2114//2114 2125//2125 2126//2126
f 2114//2114 2126//2126 2115//2115
f 2115//2115 2126//2126 2127//2127
f 2115//2115 2127//2127 2116//2116
f 2116//2116 2127//2127 2117//2117
f 2116//2116 2117//2117 2106//2106
f 2117//2117 2128//2128 2129//2129
f 2117//2117 2129//2129 2118//2118
f 2118//2118 2129//2129 2130//2130
f 2118//2118 2130//2130 2119//2119
f 2119//2119 2130//2130 2131//2131
f 2119//2119 2131//2131 2120//2120
f 2120//2120 2131//2131 2132//2132
f 2120//2120 2132//2132 2121//2121
f 2121//2121 2132//2132 2133//2133
f 2121//2121 2133//2133 2122//2122
f 2122//2122 2133//2133 2134//2134
f 2122//2122 2134//2134 2123//2123
f 2123//2123 2134//2134 2135//2135
f 2123//2123 2135//2135 2124//2124
f 2124//2124 2135//2135 2136//2136
f 2124//2124 2136//2136 2125//2125
f 2125//2125 2136//2136 2137//2137
f 2125//2125 2137//2137 2126//2126
f 2126//2126 2137//2137 2138//2138
f 2126//2126 2138//2138 2127//2127
f 2127//2127 2138//2138 2128//2128
f 2127//2127 2128//2128 2117//2117
f 2128//2128 2139//2139 2140//2140
f 2128//2128 2140//2140 2129//2129
f 2129//2129 2140//2140 2141//2141
f 2129//2129 2141//2141 2130//2130
f 2130//2130 2141//2141 2142//2142
f 2130//2130 2142//2142 2131//2131
f 2131//2131 2142//2142 2143//2143
f 2131//2131 2143//2143 2132//2132
f 2132//2132 2143//2143 2144//2144
f 2132//2132 2144//2144 2133//2133
f 2133//2133 2144//2144 2145//2145
f 2133//2133 2145//2145 2134//2134
f 2134//2134 2145//2145 2146//2146
f 2134//2134 2146//2146 2135//2135
f 2135//2135 2146//2146 2147//2147
f 2135//2135 2147//2147 2136//2136
f 2136//2136 2147//2147 2148//2148
f 2136//2136 2148//2148 2137//2137
f 2137//2137 2148//2148 2149//2149
f 2137//2137 2149//2149 2138//2138
f 2138//2138 2149//2149 2139//2139
f 2138//2138 2139//2139 2128//2128
f 2139//2139 2150//2150 2151//2151
f 2139//2139 2151//2151 2140//2140
f 2140//2140 2151//2151 2152//2152
f 2140//2140 2152//2152 2141//2141
f 2141//2141 2152//2152 2153//2153
f 2141//2141 2153//2153 2142//2142
f 2142//2142 2153//2153 2154//2154
f 2142//2142 2154//2154 2143//2143
f 2143//2143 2154//2154 2155//2155
f 2143//2143 2155//2155 2144//2144
f 2144//2144 2155//2155 2156//2156
f 2144//2144 2156//2156 2145//2145
f 2145//2145 2156//2156 2157//2157
f 2145//2145 2157//2157 2146//2146
f 2146//2146 2157//2157 2158//2158
f 2146//2146 2158//2158 2147//2147
f 2147//2147 2158//2158 2159//2159
f 2147//2147 2159//2159 2148//2148
f 2148//2148 2159//2159 2160//2160
f 2148//2148 2160//2160 2149//2149
f 2149//2149 2160//2160 2150//2150
f 2149//2149 2150//2150 2139//2139
f 2150//2150 2161//2161 2162//2162
f 2150//2150 2162//2162 2151//2151
f 2151//2151 2162//2162 2163//2163
f 2151//2151 2163//2163 2152//2152
f 2152//2152 2163//2163 2164//2164
f 2152//2152 2164//2164 2153//2153
f 2153//2153 2164//2164 2165//2165
f 2153//2153 2165//2165 2154//2154
f 2154//2154 2165//2165 2166//2166
f 2154//2154 2166//2166 2155//2155
f 2155//2155 2166//2166 2167//2167
f 2155//2155 2167//2167 2156//2156
f 2156//2156 2167//2167 2168//2168
f 2156//2156 2168//2168 2157//2157
f 2157//2157 2168//2168 2169//2169
f 2157//2157 2169//2169 2158//2158
f 2158//2158 2169//2169 2170//2170
f 2158//2158 2170//2170 2159//2159
f 2159//2159 2170//2170 2171//2171
f 2159//2159 2171//2171 2160//2160
f 2160//2160 2171//2171 2161//2161
f 2160//2160 2161//2161 2150//2150
f 2161//2161 2172//2172 2173//2173
f 2161//2161 2173//2173 2162//2162
f 2162//2162 2173//2173 2174//2174
f 2162//2162 2174//2174 2163//2163
f 2163//2163 2174//2174 2175//2175
f 2163//2163 2175//2175 2164//2164
f 2164//2164 2175//2175 2176//2176
f 2164//2164 2176//2176 2165//2165
f 2165//2165 2176//2176 2177//2177
f 2165//2165 2177//2177 2166//2166
f 2166//2166 2177//2177 2178//2178
f 2166//2166 2178//2178 2167//2167
f 2167//2167 2178//2178 2179//2179
f 2167//2167 2179//2179 2168//2168
f 2168//2168 2179//2179 2180//2180
f 2168//2168 2180//2180 2169//2169
f 2169//2169 2180//2180 2181//2181
f 2169//2169 2181//2181 2170//2170
f 2170//2170 2181//2181 2182//2182
f 2170//2170 2182//2182 2171//2171
f 2171//2171 2182//2182 2172//2172
f 2171//2171 2172//2172 2161//2161
f 2172//2172 2183//2183 2184//2184
f 2172//2172 2184//2184 2173//2173
f 2173//2173 2184//2184 2185//2185
f 2173//2173 2185//2185 2174//2174
f 2174//2174 2185//2185 2186//2186
f 2174//2174 2186//2186 2175//2175
f 2175//2175 2186//2186 2187//2187
f 2175//2175 2187//2187 2176//2176
f 2176//2176 2187//2187 2188//2188
f 2176//2176 2188//2188 2177//2177
f 2177//2177 2188//2188 2189//2189
f 2177//2177 2189//2189 2178//2178
f 2178//2178 2189//2189 2190//2190
f 2178//2178 2190//2190 2179//2179
f 2179//2179 2190//2190 2191//2191
f 2179//2179 2191//2191 2180//2180
f 2180//2180 2191//2191 2192//2192
f 2180//2180 2192//2192 2181//2181
f 2181//2181 2192//2192 2193//2193
f 2181//2181 2193//2193 2182//2182
f 2182//2182 2193//2193 2183//2183
f 2182//2182 2183//2183 2172//2172
f 2183//2183 2194//2194 2195//2195
f 2183//2183 2195//2195 2184//2184
f 2184//2184 2195//2195 2196//2196
f 2184//2184 2196//2196 2185//2185
f 2185//2185 2196//2196 2197//2197
f 2185//2185 2197//2197 2186//2186
f 2186//2186 2197//2197 2198//2198
f 2186//2186 2198//2198 2187//2187
f 2187//2187 2198//2198 2199//2199
f 2187//2187 2199//2199 2188//2188
f 2188//2188 2199//2199 2200//2200
f 2188//2188 2200//2200 2189//2189
f 2189//2189 2200//2200 2201//2201
f 2189//2189 2201//2201 2190//2190
f 2190//2190 2201//2201 2202//2202
f 2190//2190 2202//2202 2191//2191
f 2191//2191 2202//2202 2203//2203
f 2191//2191 2203//2203 2192//2192
f 2192//2192 2203//2203 2204//2204
f 2192//2192 2204//2204 2193//2193
f 2193//2193 2204//2204 2194//2194
f 2193//2193 2194//2194 2183//2183
f 2194//2194 2205//2205 2206//2206
f 2194//2194 2206//2206 2195//2195
f 2195//2195 2206//2206 2207//2207
f 2195//2195 2207//2207 2196//2196
f 2196//2196 2207//2207 2208//2208
f 2196//2196 2208//2208 2197//2197
f 2197//2197 2208//2208 2209//2209
f 2197//2197 2209//2209 2198//2198
f 2198//2198 2209//2209 2210//2210
f 2198//2198 2210//2210 2199//2199
f 2199//2199 2210//2210 2211//2211
f 2199//2199 2211//2211 2200//2200
f 2200//2200 2211//2211 2212//2212
f 2200//2200 2212//2212 2201//2201
f 2201//2201 2212//2212 2213//2213
f 2201//2201 2213//2213 2202//2202
f 2202//2202 2213//2213 2214//2214
f 2202//2202 2214//2214 2203//2203
f 2203//2203 2214//2214 2215//2215
f 2203//2203 2215//2215 2204//2204
f 2204//2204 2215//2215 2205//2205
f 2204//2204 2205//2205 2194//2194
f 2205//2205 2216//2216 2217//2217
f 2205//2205 2217//2217 2206//2206
f 2206//2206 2217//2217 2218//2218
f 2206//2206 2218//2218 2207//2207
f 2207//2207 2218//2218 2219//2219
f 2207//2207 2219//2219 2208//2208
f 2208//2208 2219//2219 2220//2220
f 2208//2208 2220//2220 2209//2209
f 2209//2209 2220//2220 2221//2221
f 2209//2209 2221//2221 2210//2210
f 2210//2210 2221//2221 2222//2222
f 2210//2210 2222//2222 2211//2211
f 2211//2211 2222//2222 2223//2223
f 2211//2211 2223//2223 2212//2212
f 2212//2212 2223//2223 2224//2224
f 2212//2212 2224//2224 2213//2213
f 2213//2213 2224//2224 2225//2225
f 2213//2213 2225//2225 2214//2214
f 2214//2214 2225//2225 2226//2226
f 2214//2214 2226//2226 2215//2215
f 2215//2215 2226//2226 2216//2216
f 2215//2215 2216//2216 2205//2205
f 2216//2216 2227//2227 2228//2228
f 2216//2216 2228//2228 2217//2217
f 2217//2217 2228//2228 2229//2229
f 2217//2217 2229//2229 2218//2218
f 2218//2218 2229//2229 2230//2230
f 2218//2218 2230//2230 2219//2219
f 2219//2219 2230//2230 2231//2231
f 2219//2219 2231//2231 2220//2220
f 2220//2220 2231//2231 2232//2232
f 2220//2220 2232//2232 2221//2221
f 2221//2221 2232//2232 2233//2233
f 2221//2221 2233//2233 2222//2222
f 2222//2222 2233//2233 2234//2234
f 2222//2222 2234//2234 2223//2223
f 2223//2223 2234//2234 2235//2235
f 2223//2223 2235//2235 2224//2224
f 2224//2224 2235//2235 2236//2236
f 2224//2224 2236//2236 2225//2225
f 2225//2225 2236//2236 2237//2237
f 2225//2225 2237//2237 2226//2226
f 2226//2226 2237//2237 2227//2227
f 2226//2226 2227//2227 2216//2216
f 2227//2227 2238//2238 2239//2239
f 2227//2227 2239//2239 2228//2228
f 2228//2228 2239//2239 2240//2240
f 2228//2228 2240//2240 2229//2229
f 2229//2229 2240//2240 2241//2241
f 2229//2229 2241//2241 2230//2230
f 2230//2230 2241//2241 2242//2242
f 2230//2230 2242//2242 2231//2231
f 2231//2231 2242//2242 2243//2243
f 2231//2231 2243//2243 2232//2232
f 2232//2232 2243//2243 2244//2244
f 2232//2232 2244//2244 2233//2233
f 2233//2233 2244//2244 2245//2245
f 2233//2233 2245//2245 2234//2234
f 2234//2234 2245//2245 2246//2246
f 2234//2234 2246//2246 2235//2235
f 2235//2235 2246//2246 2247//2247
f 2235//2235 2247//2247 2236//2236
f 2236//2236 2247//2247 2248//2248
f 2236//2236 2248//2248 2237//2237
f 2237//2237 2248//2248 2238//2238
f 2237//2237 2238//2238 2227//2227
f 2238//2238 2249//2249 2250//2250
f 2238//2238 2250//2250 2239//2239
f 2239//2239 2250//2250 2251//2251
f 2239//2239 2251//2251 2240//2240
f 2240//2240 2251//2251 2252//2252
f 2240//2240 2252//2252 2241//2241
f 2241//2241 2252//2252 2253//2253
f 2241//2241 2253//2253 2242//2242
f 2242//2242 2253//2253 2254//2254
f 2242//2242 2254//2254 2243//2243
f 2243//2243 2254//2254 2255//2255
f 2243//2243 2255//2255 2244//2244
f 2244//2244 2255//2255 2256//2256
f 2244//2244 2256//2256 2245//2245
f 2245//2245 2256//2256 2257//2257
f 2245//2245 2257//2257 2246//2246
f 2246//2246 2257//2257 2258//2258
f 2246//2246 2258//2258 2247//2247
f 2247//2247 2258//2258 2259//2259
f 2247//2247 2259//2259 2248//2248
f 2248//2248 2259//2259 2249//2249
f 2248//2248 2249//2249 2238//2238
f 2249//2249 2260//2260 2261//2261
f 2249//2249 2261//2261 2250//2250
f 2250//2250 2261//2261 2262//2262
f 2250//2250 2262//2262 2251//2251
f 2251//2251 2262//2262 2263//2263
f 2251//2251 2263//2263 2252//2252
f 2252//2252 2263//2263 2264//2264
f 2252//2252 2264//2264 2253//2253
f 2253//2253 2264//2264 2265//2265
f 2253//2253 2265//2265 2254//2254
f 2254//2254 2265//2265 2266//2266
f 2254//2254 2266//2266 2255//2255
f 2255//2255 2266//2266 2267//2267
f 2255//2255 2267//2267 2256//2256
f 2256//2256 2267//2267 2268//2268
f 2256//2256 2268//2268 2257//2257
f 2257//2257 2268//2268 2269//2269
f 2257//2257 2269//2269 2258//2258
f 2258//2258 2269//2269 2270//2270
f 2258//2258 2270//2270 2259//2259
f 2259//2259 2270//2270 2260//2260
f 2259//2259 2260//2260 2249//2249
f 2260//2260 2271//2271 2272//2272
f 2260//2260 2272//2272 2261//2261
f 2261//2261 2272//2272 2273//2273
f 2261//2261 2273//2273 2262//2262
f 2262//2262 2273//2273 2274//2274
f 2262//2262 2274//2274 2263//2263
f 2263//2263 2274//2274 2275//2275
f 2263//2263 2275//2275 2264//2264
f 2264//2264 2275//2275 2276//2276
f 2264//2264 2276//2276 2265//2265
f 2265//2265 2276//2276 2277//2277
f 2265//2265 2277//2277 2266//2266
f 2266//2266 2277//2277 2278//2278
f 2266//2266 2278//2278 2267//2267
f 2267//2267 2278//2278 2279//2279
f 2267//2267 2279//2279 2268//2268
f 2268//2268 2279//2279 2280//2280
f 2268//2268 2280//2280 2269//2269
f 2269//2269 2280//2280 2281//2281
f 2269//2269 2281//2281 2270//2270
f 2270//2270 2281//2281 2271//2271
f 2270//2270 2271//2271 2260//2260
f 2271//2271 2007//2007 2008//2008
f 2271//2271 2008//2008 2272//2272
f 2272//2272 2008//2008 2009//2009
f 2272//2272 2009//2009 2273//2273
f 2273//2273 2009//2009 2010//2010
f 2273//2273 2010//2010 2274//2274
f 2274//2274 2010//2010 2011//2011
f 2274//2274 2011//2011 2275//2275
f 2275//2275 2011//2011 2012//2012
f 2275//2275 2012//2012 2276//2276
f 2276//2276 2012//2012 2013//2013
f 2276//2276 2013//2013 2277//2277
f 2277//2277 2013//2013 2014//2014
f 2277//2277 2014//2014 2278//2278
f 2278//2278 2014//2014 2015//2015
f 2278//2278 2015//2015 2279//2279
f 2279//2279 2015//2015 2016//2016
f 2279//2279 2016//2016 2280//2280
f 2280//2280 2016//2016 2017//2017
f 2280//2280 2017//2017 2281//2281
f 2281//2281 2017//2017 2007//2007
f 2281//2281 2007//2007 2271//2271
f 2283//2283 2282//2282 2286//2286
f 2283//2283 2286//2286 2284//2284
f 2284//2284 2286//2286 2287//2287
f 2284//2284 2287//2287 2285//2285
f 2286//2286 2282//2282 2288//2288
f 2286//2286 2288//2288 2287//2287
f 2287//2287 2288//2288 2289//2289
f 2287//2287 2289//2289 2285//2285
f 2288//2288 2282//2282 2290//2290
f 2288//2288 2290//2290 2289//2289
f 2289//2289 2290//2290 2291//2291
f 2289//2289 2291//2291 2285//2285
f 2290//2290 2282//2282 2292//2292
f 2290//2290 2292//2292 2291//2291
f 2291//2291 2292//2292 2293//2293
f 2291//2291 2293//2293 2285//2285
f 2292//2292 2282//2282 2294//2294
f 2292//2292 2294//2294 2293//2293
f 2293//2293 2294//2294 2295//2295
f 2293//2293 2295//2295 2285//2285
f 2294//2294 2282//2282 2296//2296
f 2294//2294 2296//2296 2295//2295
f 2295//2295 2296//2296 2297//2297
f 2295//2295 2297//2297 2285//2285
f 2296//2296 2282//2282 2298//2298
f 2296//2296 2298//2298 2297//2297
f 2297//2297 2298//2298 2299//2299
f 2297//2297 2299//2299 2285//2285
f 2298//2298 2282//2282 2300//2300
f 2298//2298 2300//2300 2299//2299
f 2299//2299 2300//2300 2301//2301
f 2299//2299 2301//2301 2285//2285
f 2300//2300 2282//2282 2302//2302
f 2300//2300 2302//2302 2301//2301
f 2301//2301 2302//2302 2303//2303
f 2301//2301 2303//2303 2285//2285
f 2302//2302 2282//2282 2304//2304
f 2302//2302 2304//2304 2303//2303
f 2303//2303 2304//2304 2305//2305
f 2303//2303 2305//2305 2285//2285
f 2304//2304 2282//2282 2306//2306
f 2304//2304 2306//2306 2305//2305
f 2305//2305 2306//2306 2307//2307
f 2305//2305 2307//2307 2285//2285
f 2306//2306 2282//2282 2283//2283
f 2306//2306 2283//2283 2307//2307
f 2307//2307 2283//2283 2284//2284
f 2307//2307 2284//2284 2285//2285

