# https://github.com/mikedh/trimesh
v -0.21029244 0.46577985 0.00000000
v 0.21029244 0.46577985 0.00000000
v -0.21029244 -0.26577985 0.00000000
v 0.21029244 -0.26577985 0.00000000
v 0.00000000 -0.12606438 0.22967572
v 0.00000000 0.32606438 0.22967572
v 0.00000000 -0.12606438 -0.22967572
v 0.00000000 0.32606438 -0.22967572
v 0.34026032 0.10000000 -0.14194740
v 0.34026032 0.10000000 0.14194740
v -0.34026032 0.10000000 -0.14194740
v -0.34026032 0.10000000 0.14194740
v 0.00000000 0.53000000 0.00000000
v 0.00000000 -0.33000000 0.00000000
v -0.12360680 -0.24787731 0.13500000
v 0.12360680 -0.24787731 0.13500000
v -0.12360680 0.44787731 0.13500000
v 0.12360680 0.44787731 0.13500000
v 0.00000000 0.10000000 0.27000000
v -0.12360680 -0.24787731 -0.13500000
v 0.12360680 -0.24787731 -0.13500000
v -0.12360680 0.44787731 -0.13500000
v 0.12360680 0.44787731 -0.13500000
v 0.00000000 0.10000000 -0.27000000
v 0.32360680 0.31500000 -0.08343459
v 0.32360680 -0.11500000 -0.08343459
v 0.20000000 -0.03287731 -0.21843459
v 0.20000000 0.23287731 -0.21843459
v 0.32360680 0.31500000 0.08343459
v 0.32360680 -0.11500000 0.08343459
v 0.20000000 -0.03287731 0.21843459
v 0.20000000 0.23287731 0.21843459
v 0.40000000 0.10000000 0.00000000
v -0.32360680 0.31500000 -0.08343459
v -0.32360680 -0.11500000 -0.08343459
v -0.20000000 -0.03287731 -0.21843459
v -0.20000000 0.23287731 -0.21843459
v -0.32360680 0.31500000 0.08343459
v -0.32360680 -0.11500000 0.08343459
v -0.20000000 -0.03287731 0.21843459
v -0.20000000 0.23287731 0.21843459
v -0.40000000 0.10000000 0.00000000
v -0.10930661 0.51363349 0.00000000
v 0.10930661 0.51363349 0.00000000
v -0.10930661 -0.31363349 0.00000000
v 0.10930661 -0.31363349 0.00000000
v -0.17355543 -0.27094745 0.07017082
v -0.06424881 -0.19832561 0.18955254
v -0.06498394 -0.30895430 0.07097370
v 0.17355543 -0.27094745 0.07017082
v 0.06424881 -0.19832561 0.18955254
v 0.06498394 -0.30895430 0.07097370
v 0.00000000 -0.26577985 0.14194740
v -0.17355543 0.47094745 0.07017082
v -0.06424881 0.39832561 0.18955254
v -0.06498394 0.50895430 0.07097370
v 0.17355543 0.47094745 0.07017082
v 0.06424881 0.39832561 0.18955254
v 0.06498394 0.50895430 0.07097370
v 0.00000000 0.46577985 0.14194740
v 0.00000000 -0.01750461 0.25972336
v 0.00000000 0.21750461 0.25972336
v -0.17355543 -0.27094745 -0.07017082
v -0.06424881 -0.19832561 -0.18955254
v -0.06498394 -0.30895430 -0.07097370
v 0.17355543 -0.27094745 -0.07017082
v 0.06424881 -0.19832561 -0.18955254
v 0.06498394 -0.30895430 -0.07097370
v 0.00000000 -0.26577985 -0.14194740
v -0.17355543 0.47094745 -0.07017082
v -0.06424881 0.39832561 -0.18955254
v -0.06498394 0.50895430 -0.07097370
v 0.17355543 0.47094745 -0.07017082
v 0.06424881 0.39832561 -0.18955254
v 0.06498394 0.50895430 -0.07097370
v 0.00000000 0.46577985 -0.14194740
v 0.00000000 -0.01750461 -0.25972336
v 0.00000000 0.21750461 -0.25972336
v 0.27751219 0.40187997 -0.04336795
v 0.34506739 0.21175352 -0.11714991
v 0.23511410 0.39592211 -0.11483786
v 0.27751219 -0.20187997 -0.04336795
v 0.34506739 -0.01175352 -0.11714991
v 0.23511410 -0.19592211 -0.11483786
v 0.10395677 -0.08657208 -0.23292049
v 0.28081858 0.03093252 -0.18732073
v 0.17013016 -0.15274766 -0.18581156
v 0.10514622 0.03014227 -0.25678526
v 0.27527638 -0.08288992 -0.15870202
v 0.10395677 0.28657208 -0.23292049
v 0.28081858 0.16906748 -0.18732073
v 0.17013016 0.35274766 -0.18581156
v 0.10514622 0.16985773 -0.25678526
v 0.27527638 0.28288992 -0.15870202
v 0.21029244 0.10000000 -0.22967572
v 0.27751219 0.40187997 0.04336795
v 0.34506739 0.21175352 0.11714991
v 0.23511410 0.39592211 0.11483786
v 0.34026032 0.32606438 0.00000000
v 0.27751219 -0.20187997 0.04336795
v 0.34506739 -0.01175352 0.11714991
v 0.23511410 -0.19592211 0.11483786
v 0.34026032 -0.12606438 0.00000000
v 0.10395677 -0.08657208 0.23292049
v 0.28081858 0.03093252 0.18732073
v 0.17013016 -0.15274766 0.18581156
v 0.10514622 0.03014227 0.25678526
v 0.27527638 -0.08288992 0.15870202
v 0.10395677 0.28657208 0.23292049
v 0.28081858 0.16906748 0.18732073
v 0.17013016 0.35274766 0.18581156
v 0.10514622 0.16985773 0.25678526
v 0.27527638 0.28288992 0.15870202
v 0.21029244 0.10000000 0.22967572
v 0.38477534 0.10000000 -0.07378196
v 0.38477534 0.10000000 0.07378196
v 0.38042261 0.21303219 -0.04386416
v 0.38042261 -0.01303219 -0.04386416
v 0.38042261 0.21303219 0.04386416
v 0.38042261 -0.01303219 0.04386416
v -0.27751219 0.40187997 -0.04336795
v -0.34506739 0.21175352 -0.11714991
v -0.23511410 0.39592211 -0.11483786
v -0.27751219 -0.20187997 -0.04336795
v -0.34506739 -0.01175352 -0.11714991
v -0.23511410 -0.19592211 -0.11483786
v -0.10395677 -0.08657208 -0.23292049
v -0.28081858 0.03093252 -0.18732073
v -0.17013016 -0.15274766 -0.18581156
v -0.10514622 0.03014227 -0.25678526
v -0.27527638 -0.08288992 -0.15870202
v -0.10395677 0.28657208 -0.23292049
v -0.28081858 0.16906748 -0.18732073
v -0.17013016 0.35274766 -0.18581156
v -0.10514622 0.16985773 -0.25678526
v -0.27527638 0.28288992 -0.15870202
v -0.21029244 0.10000000 -0.22967572
v -0.27751219 0.40187997 0.04336795
v -0.34506739 0.21175352 0.11714991
v -0.23511410 0.39592211 0.11483786
v -0.34026032 0.32606438 0.00000000
v -0.27751219 -0.20187997 0.04336795
v -0.34506739 -0.01175352 0.11714991
v -0.23511410 -0.19592211 0.11483786
v -0.34026032 -0.12606438 0.00000000
v -0.10395677 -0.08657208 0.23292049
v -0.28081858 0.03093252 0.18732073
v -0.17013016 -0.15274766 0.18581156
v -0.10514622 0.03014227 0.25678526
v -0.27527638 -0.08288992 0.15870202
v -0.10395677 0.28657208 0.23292049
v -0.28081858 0.16906748 0.18732073
v -0.17013016 0.35274766 0.18581156
v -0.10514622 0.16985773 0.25678526
v -0.27527638 0.28288992 0.15870202
v -0.21029244 0.10000000 0.22967572
v -0.38477534 0.10000000 -0.07378196
v -0.38477534 0.10000000 0.07378196
v -0.38042261 0.21303219 -0.04386416
v -0.38042261 -0.01303219 -0.04386416
v -0.38042261 0.21303219 0.04386416
v -0.38042261 -0.01303219 0.04386416
v -0.16823396 -0.01629825 0.01500000
v 0.16823396 -0.01629825 0.01500000
v -0.16823396 -0.54370175 0.01500000
v 0.16823396 -0.54370175 0.01500000
v 0.00000000 -0.44297664 0.21490294
v 0.00000000 -0.11702336 0.21490294
v 0.00000000 -0.44297664 -0.18490294
v 0.00000000 -0.11702336 -0.18490294
v 0.27220826 -0.28000000 -0.10854681
v 0.27220826 -0.28000000 0.13854681
v -0.27220826 -0.28000000 -0.10854681
v -0.27220826 -0.28000000 0.13854681
v 0.00000000 0.03000000 0.01500000
v 0.00000000 -0.59000000 0.01500000
v -0.09888544 -0.53079527 0.13250000
v 0.09888544 -0.53079527 0.13250000
v -0.09888544 -0.02920473 0.13250000
v 0.09888544 -0.02920473 0.13250000
v 0.00000000 -0.28000000 0.25000000
v -0.09888544 -0.53079527 -0.10250000
v 0.09888544 -0.53079527 -0.10250000
v -0.09888544 -0.02920473 -0.10250000
v 0.09888544 -0.02920473 -0.10250000
v 0.00000000 -0.28000000 -0.22000000
v 0.25888544 -0.12500000 -0.05761899
v 0.25888544 -0.43500000 -0.05761899
v 0.16000000 -0.37579527 -0.17511899
v 0.16000000 -0.18420473 -0.17511899
v 0.25888544 -0.12500000 0.08761899
v 0.25888544 -0.43500000 0.08761899
v 0.16000000 -0.37579527 0.20511899
v 0.16000000 -0.18420473 0.20511899
v 0.32000000 -0.28000000 0.01500000
v -0.25888544 -0.12500000 -0.05761899
v -0.25888544 -0.43500000 -0.05761899
v -0.16000000 -0.37579527 -0.17511899
v -0.16000000 -0.18420473 -0.17511899
v -0.25888544 -0.12500000 0.08761899
v -0.25888544 -0.43500000 0.08761899
v -0.16000000 -0.37579527 0.20511899
v -0.16000000 -0.18420473 0.20511899
v -0.32000000 -0.28000000 0.01500000
v -0.08744529 0.01820089 0.01500000
v 0.08744529 0.01820089 0.01500000
v -0.08744529 -0.57820089 0.01500000
v 0.08744529 -0.57820089 0.01500000
v -0.13884434 -0.54742723 0.07607460
v -0.05139905 -0.49507195 0.17998091
v -0.05198715 -0.57482752 0.07677341
v 0.13884434 -0.54742723 0.07607460
v 0.05139905 -0.49507195 0.17998091
v 0.05198715 -0.57482752 0.07677341
v 0.00000000 -0.54370175 0.13854681
v -0.13884434 -0.01257277 0.07607460
v -0.05139905 -0.06492805 0.17998091
v -0.05198715 0.01482752 0.07677341
v 0.13884434 -0.01257277 0.07607460
v 0.05139905 -0.06492805 0.17998091
v 0.05198715 0.01482752 0.07677341
v 0.00000000 -0.01629825 0.13854681
v 0.00000000 -0.36471262 0.24105551
v 0.00000000 -0.19528738 0.24105551
v -0.13884434 -0.54742723 -0.04607460
v -0.05139905 -0.49507195 -0.14998091
v -0.05198715 -0.57482752 -0.04677341
v 0.13884434 -0.54742723 -0.04607460
v 0.05139905 -0.49507195 -0.14998091
v 0.05198715 -0.57482752 -0.04677341
v 0.00000000 -0.54370175 -0.10854681
v -0.13884434 -0.01257277 -0.04607460
v -0.05139905 -0.06492805 -0.14998091
v -0.05198715 0.01482752 -0.04677341
v 0.13884434 -0.01257277 -0.04607460
v 0.05139905 -0.06492805 -0.14998091
v 0.05198715 0.01482752 -0.04677341
v 0.00000000 -0.01629825 -0.10854681
v 0.00000000 -0.36471262 -0.21105551
v 0.00000000 -0.19528738 -0.21105551
v 0.22200975 -0.06236560 -0.02274618
v 0.27605391 -0.19943351 -0.08696381
v 0.18809128 -0.06666080 -0.08495147
v 0.22200975 -0.49763440 -0.02274618
v 0.27605391 -0.36056649 -0.08696381
v 0.18809128 -0.49333920 -0.08495147
v 0.08316541 -0.41450546 -0.18772709
v 0.22465486 -0.32979283 -0.14803841
v 0.13610413 -0.46221343 -0.14672488
v 0.08411698 -0.33036255 -0.20849828
v 0.22022111 -0.41185088 -0.12312953
v 0.08316541 -0.14549454 -0.18772709
v 0.22465486 -0.23020717 -0.14803841
v 0.13610413 -0.09778657 -0.14672488
v 0.08411698 -0.22963745 -0.20849828
v 0.22022111 -0.14814912 -0.12312953
v 0.16823396 -0.28000000 -0.18490294
v 0.22200975 -0.06236560 0.05274618
v 0.27605391 -0.19943351 0.11696381
v 0.18809128 -0.06666080 0.11495147
v 0.27220826 -0.11702336 0.01500000
v 0.22200975 -0.49763440 0.05274618
v 0.27605391 -0.36056649 0.11696381
v 0.18809128 -0.49333920 0.11495147
v 0.27220826 -0.44297664 0.01500000
v 0.08316541 -0.41450546 0.21772709
v 0.22465486 -0.32979283 0.17803841
v 0.13610413 -0.46221343 0.17672488
v 0.08411698 -0.33036255 0.23849828
v 0.22022111 -0.41185088 0.15312953
v 0.08316541 -0.14549454 0.21772709
v 0.22465486 -0.23020717 0.17803841
v 0.13610413 -0.09778657 0.17672488
v 0.08411698 -0.22963745 0.23849828
v 0.22022111 -0.14814912 0.15312953
v 0.16823396 -0.28000000 0.21490294
v 0.30782027 -0.28000000 -0.04921763
v 0.30782027 -0.28000000 0.07921763
v 0.30433809 -0.19851168 -0.02317806
v 0.30433809 -0.36148832 -0.02317806
v 0.30433809 -0.19851168 0.05317806
v 0.30433809 -0.36148832 0.05317806
v -0.22200975 -0.06236560 -0.02274618
v -0.27605391 -0.19943351 -0.08696381
v -0.18809128 -0.06666080 -0.08495147
v -0.22200975 -0.49763440 -0.02274618
v -0.27605391 -0.36056649 -0.08696381
v -0.18809128 -0.49333920 -0.08495147
v -0.08316541 -0.41450546 -0.18772709
v -0.22465486 -0.32979283 -0.14803841
v -0.13610413 -0.46221343 -0.14672488
v -0.08411698 -0.33036255 -0.20849828
v -0.22022111 -0.41185088 -0.12312953
v -0.08316541 -0.14549454 -0.18772709
v -0.22465486 -0.23020717 -0.14803841
v -0.13610413 -0.09778657 -0.14672488
v -0.08411698 -0.22963745 -0.20849828
v -0.22022111 -0.14814912 -0.12312953
v -0.16823396 -0.28000000 -0.18490294
v -0.22200975 -0.06236560 0.05274618
v -0.27605391 -0.19943351 0.11696381
v -0.18809128 -0.06666080 0.11495147
v -0.27220826 -0.11702336 0.01500000
v -0.22200975 -0.49763440 0.05274618
v -0.27605391 -0.36056649 0.11696381
v -0.18809128 -0.49333920 0.11495147
v -0.27220826 -0.44297664 0.01500000
v -0.08316541 -0.41450546 0.21772709
v -0.22465486 -0.32979283 0.17803841
v -0.13610413 -0.46221343 0.17672488
v -0.08411698 -0.33036255 0.23849828
v -0.22022111 -0.41185088 0.15312953
v -0.08316541 -0.14549454 0.21772709
v -0.22465486 -0.23020717 0.17803841
v -0.13610413 -0.09778657 0.17672488
v -0.08411698 -0.22963745 0.23849828
v -0.22022111 -0.14814912 0.15312953
v -0.16823396 -0.28000000 0.21490294
v -0.30782027 -0.28000000 -0.04921763
v -0.30782027 -0.28000000 0.07921763
v -0.30433809 -0.19851168 -0.02317806
v -0.30433809 -0.36148832 -0.02317806
v -0.30433809 -0.19851168 0.05317806
v -0.30433809 -0.36148832 0.05317806
v -0.18926320 0.50909111 -0.00500000
v 0.18926320 0.50909111 -0.00500000
v -0.18926320 0.27090889 -0.00500000
v 0.18926320 0.27090889 -0.00500000
v 0.00000000 0.31639764 0.20766270
v 0.00000000 0.46360236 0.20766270
v 0.00000000 0.31639764 -0.21766270
v 0.00000000 0.46360236 -0.21766270
v 0.30623429 0.39000000 -0.13643278
v 0.30623429 0.39000000 0.12643278
v -0.30623429 0.39000000 -0.13643278
v -0.30623429 0.39000000 0.12643278
v 0.00000000 0.53000000 -0.00500000
v 0.00000000 0.25000000 -0.00500000
v -0.11124612 0.27673762 0.12000000
v 0.11124612 0.27673762 0.12000000
v -0.11124612 0.50326238 0.12000000
v 0.11124612 0.50326238 0.12000000
v 0.00000000 0.39000000 0.24500000
v -0.11124612 0.27673762 -0.13000000
v 0.11124612 0.27673762 -0.13000000
v -0.11124612 0.50326238 -0.13000000
v 0.11124612 0.50326238 -0.13000000
v 0.00000000 0.39000000 -0.25500000
v 0.29124612 0.46000000 -0.08225425
v 0.29124612 0.32000000 -0.08225425
v 0.18000000 0.34673762 -0.20725425
v 0.18000000 0.43326238 -0.20725425
v 0.29124612 0.46000000 0.07225425
v 0.29124612 0.32000000 0.07225425
v 0.18000000 0.34673762 0.19725425
v 0.18000000 0.43326238 0.19725425
v 0.36000000 0.39000000 -0.00500000
v -0.29124612 0.46000000 -0.08225425
v -0.29124612 0.32000000 -0.08225425
v -0.18000000 0.34673762 -0.20725425
v -0.18000000 0.43326238 -0.20725425
v -0.29124612 0.46000000 0.07225425
v -0.29124612 0.32000000 0.07225425
v -0.18000000 0.34673762 0.19725425
v -0.18000000 0.43326238 0.19725425
v -0.36000000 0.39000000 -0.00500000
v -0.09837595 0.52467137 -0.00500000
v 0.09837595 0.52467137 -0.00500000
v -0.09837595 0.25532863 -0.00500000
v 0.09837595 0.25532863 -0.00500000
v -0.15619988 0.26922641 0.05997298
v -0.05782393 0.29287073 0.17051161
v -0.05848555 0.25685209 0.06071639
v 0.15619988 0.26922641 0.05997298
v 0.05782393 0.29287073 0.17051161
v 0.05848555 0.25685209 0.06071639
v 0.00000000 0.27090889 0.12643278
v -0.15619988 0.51077359 0.05997298
v -0.05782393 0.48712927 0.17051161
v -0.05848555 0.52314791 0.06071639
v 0.15619988 0.51077359 0.05997298
v 0.05782393 0.48712927 0.17051161
v 0.05848555 0.52314791 0.06071639
v 0.00000000 0.50909111 0.12643278
v 0.00000000 0.35174269 0.23548459
v 0.00000000 0.42825731 0.23548459
v -0.15619988 0.26922641 -0.06997298
v -0.05782393 0.29287073 -0.18051161
v -0.05848555 0.25685209 -0.07071639
v 0.15619988 0.26922641 -0.06997298
v 0.05782393 0.29287073 -0.18051161
v 0.05848555 0.25685209 -0.07071639
v 0.00000000 0.27090889 -0.13643278
v -0.15619988 0.51077359 -0.06997298
v -0.05782393 0.48712927 -0.18051161
v -0.05848555 0.52314791 -0.07071639
v 0.15619988 0.51077359 -0.06997298
v 0.05782393 0.48712927 -0.18051161
v 0.05848555 0.52314791 -0.07071639
v 0.00000000 0.50909111 -0.13643278
v 0.00000000 0.35174269 -0.24548459
v 0.00000000 0.42825731 -0.24548459
v 0.24976097 0.48828650 -0.04515551
v 0.31056065 0.42638487 -0.11347214
v 0.21160269 0.48634673 -0.11133135
v 0.24976097 0.29171350 -0.04515551
v 0.31056065 0.35361513 -0.11347214
v 0.21160269 0.29365327 -0.11133135
v 0.09356109 0.32925560 -0.22066712
v 0.25273672 0.36751292 -0.17844512
v 0.15311715 0.30771006 -0.17704774
v 0.09463160 0.36725562 -0.24276413
v 0.24774875 0.33045444 -0.15194631
v 0.09356109 0.45074440 -0.22066712
v 0.25273672 0.41248708 -0.17844512
v 0.15311715 0.47228994 -0.17704774
v 0.09463160 0.41274438 -0.24276413
v 0.24774875 0.44954556 -0.15194631
v 0.18926320 0.39000000 -0.21766270
v 0.24976097 0.48828650 0.03515551
v 0.31056065 0.42638487 0.10347214
v 0.21160269 0.48634673 0.10133135
v 0.30623429 0.46360236 -0.00500000
v 0.24976097 0.29171350 0.03515551
v 0.31056065 0.35361513 0.10347214
v 0.21160269 0.29365327 0.10133135
v 0.30623429 0.31639764 -0.00500000
v 0.09356109 0.32925560 0.21066712
v 0.25273672 0.36751292 0.16844512
v 0.15311715 0.30771006 0.16704774
v 0.09463160 0.36725562 0.23276413
v 0.24774875 0.33045444 0.14194631
v 0.09356109 0.45074440 0.21066712
v 0.25273672 0.41248708 0.16844512
v 0.15311715 0.47228994 0.16704774
v 0.09463160 0.41274438 0.23276413
v 0.24774875 0.44954556 0.14194631
v 0.18926320 0.39000000 0.20766270
v 0.34629781 0.39000000 -0.07331663
v 0.34629781 0.39000000 0.06331663
v 0.34238035 0.42680118 -0.04561496
v 0.34238035 0.35319882 -0.04561496
v 0.34238035 0.42680118 0.03561496
v 0.34238035 0.35319882 0.03561496
v -0.24976097 0.48828650 -0.04515551
v -0.31056065 0.42638487 -0.11347214
v -0.21160269 0.48634673 -0.11133135
v -0.24976097 0.29171350 -0.04515551
v -0.31056065 0.35361513 -0.11347214
v -0.21160269 0.29365327 -0.11133135
v -0.09356109 0.32925560 -0.22066712
v -0.25273672 0.36751292 -0.17844512
v -0.15311715 0.30771006 -0.17704774
v -0.09463160 0.36725562 -0.24276413
v -0.24774875 0.33045444 -0.15194631
v -0.09356109 0.45074440 -0.22066712
v -0.25273672 0.41248708 -0.17844512
v -0.15311715 0.47228994 -0.17704774
v -0.09463160 0.41274438 -0.24276413
v -0.24774875 0.44954556 -0.15194631
v -0.18926320 0.39000000 -0.21766270
v -0.24976097 0.48828650 0.03515551
v -0.31056065 0.42638487 0.10347214
v -0.21160269 0.48634673 0.10133135
v -0.30623429 0.46360236 -0.00500000
v -0.24976097 0.29171350 0.03515551
v -0.31056065 0.35361513 0.10347214
v -0.21160269 0.29365327 0.10133135
v -0.30623429 0.31639764 -0.00500000
v -0.09356109 0.32925560 0.21066712
v -0.25273672 0.36751292 0.16844512
v -0.15311715 0.30771006 0.16704774
v -0.09463160 0.36725562 0.23276413
v -0.24774875 0.33045444 0.14194631
v -0.09356109 0.45074440 0.21066712
v -0.25273672 0.41248708 0.16844512
v -0.15311715 0.47228994 0.16704774
v -0.09463160 0.41274438 0.23276413
v -0.24774875 0.44954556 0.14194631
v -0.18926320 0.39000000 0.20766270
v -0.34629781 0.39000000 -0.07331663
v -0.34629781 0.39000000 0.06331663
v -0.34238035 0.42680118 -0.04561496
v -0.34238035 0.35319882 -0.04561496
v -0.34238035 0.42680118 0.03561496
v -0.34238035 0.35319882 0.03561496
v -0.43726026 0.44461064 0.00000000
v -0.24273974 0.44461064 0.00000000
v -0.43726026 0.15538936 0.00000000
v -0.24273974 0.15538936 0.00000000
v -0.34000000 0.21062571 0.19990294
v -0.34000000 0.38937429 0.19990294
v -0.34000000 0.21062571 -0.19990294
v -0.34000000 0.38937429 -0.19990294
v -0.18262960 0.30000000 -0.12354681
v -0.18262960 0.30000000 0.12354681
v -0.49737040 0.30000000 -0.12354681
v -0.49737040 0.30000000 0.12354681
v -0.34000000 0.47000000 0.00000000
v -0.34000000 0.13000000 0.00000000
v -0.39716814 0.16246711 0.11750000
v -0.28283186 0.16246711 0.11750000
v -0.39716814 0.43753289 0.11750000
v -0.28283186 0.43753289 0.11750000
v -0.34000000 0.30000000 0.23500000
v -0.39716814 0.16246711 -0.11750000
v -0.28283186 0.16246711 -0.11750000
v -0.39716814 0.43753289 -0.11750000
v -0.28283186 0.43753289 -0.11750000
v -0.34000000 0.30000000 -0.23500000
v -0.19033186 0.38500000 -0.07261899
v -0.19033186 0.21500000 -0.07261899
v -0.24750000 0.24746711 -0.19011899
v -0.24750000 0.35253289 -0.19011899
v -0.19033186 0.38500000 0.07261899
v -0.19033186 0.21500000 0.07261899
v -0.24750000 0.24746711 0.19011899
v -0.24750000 0.35253289 0.19011899
v -0.15500000 0.30000000 0.00000000
v -0.48966814 0.38500000 -0.07261899
v -0.48966814 0.21500000 -0.07261899
v -0.43250000 0.24746711 -0.19011899
v -0.43250000 0.35253289 -0.19011899
v -0.48966814 0.38500000 0.07261899
v -0.48966814 0.21500000 0.07261899
v -0.43250000 0.24746711 0.19011899
v -0.43250000 0.35253289 0.19011899
v -0.52500000 0.30000000 0.00000000
v -0.39055431 0.46352952 0.00000000
v -0.28944569 0.46352952 0.00000000
v -0.39055431 0.13647048 0.00000000
v -0.28944569 0.13647048 0.00000000
v -0.42026938 0.15334636 0.06107460
v -0.36971508 0.18205732 0.16498091
v -0.37005507 0.13832039 0.06177341
v -0.25973062 0.15334636 0.06107460
v -0.31028492 0.18205732 0.16498091
v -0.30994493 0.13832039 0.06177341
v -0.34000000 0.15538936 0.12354681
v -0.42026938 0.44665364 0.06107460
v -0.36971508 0.41794268 0.16498091
v -0.37005507 0.46167961 0.06177341
v -0.25973062 0.44665364 0.06107460
v -0.31028492 0.41794268 0.16498091
v -0.30994493 0.46167961 0.06177341
v -0.34000000 0.44461064 0.12354681
v -0.34000000 0.25354469 0.22605551
v -0.34000000 0.34645531 0.22605551
v -0.42026938 0.15334636 -0.06107460
v -0.36971508 0.18205732 -0.16498091
v -0.37005507 0.13832039 -0.06177341
v -0.25973062 0.15334636 -0.06107460
v -0.31028492 0.18205732 -0.16498091
v -0.30994493 0.13832039 -0.06177341
v -0.34000000 0.15538936 -0.12354681
v -0.42026938 0.44665364 -0.06107460
v -0.36971508 0.41794268 -0.16498091
v -0.37005507 0.46167961 -0.06177341
v -0.25973062 0.44665364 -0.06107460
v -0.31028492 0.41794268 -0.16498091
v -0.30994493 0.46167961 -0.06177341
v -0.34000000 0.44461064 -0.12354681
v -0.34000000 0.25354469 -0.22605551
v -0.34000000 0.34645531 -0.22605551
v -0.21165061 0.41934790 -0.03774618
v -0.18040633 0.34418163 -0.10196381
v -0.23125973 0.41699246 -0.09995147
v -0.21165061 0.18065210 -0.03774618
v -0.18040633 0.25581837 -0.10196381
v -0.23125973 0.18300754 -0.09995147
v -0.29192000 0.22623894 -0.20272709
v -0.21012141 0.27269425 -0.16303841
v -0.26131480 0.20007651 -0.16172488
v -0.29136987 0.27238183 -0.22349828
v -0.21268467 0.22769468 -0.13812953
v -0.29192000 0.37376106 -0.20272709
v -0.21012141 0.32730575 -0.16303841
v -0.26131480 0.39992349 -0.16172488
v -0.29136987 0.32761817 -0.22349828
v -0.21268467 0.37230532 -0.13812953
v -0.24273974 0.30000000 -0.19990294
v -0.21165061 0.41934790 0.03774618
v -0.18040633 0.34418163 0.10196381
v -0.23125973 0.41699246 0.09995147
v -0.18262960 0.38937429 0.00000000
v -0.21165061 0.18065210 0.03774618
v -0.18040633 0.25581837 0.10196381
v -0.23125973 0.18300754 0.09995147
v -0.18262960 0.21062571 0.00000000
v -0.29192000 0.22623894 0.20272709
v -0.21012141 0.27269425 0.16303841
v -0.26131480 0.20007651 0.16172488
v -0.29136987 0.27238183 0.22349828
v -0.21268467 0.22769468 0.13812953
v -0.29192000 0.37376106 0.20272709
v -0.21012141 0.32730575 0.16303841
v -0.26131480 0.39992349 0.16172488
v -0.29136987 0.32761817 0.22349828
v -0.21268467 0.37230532 0.13812953
v -0.24273974 0.30000000 0.19990294
v -0.16204140 0.30000000 -0.06421763
v -0.16204140 0.30000000 0.06421763
v -0.16405454 0.34468714 -0.03817806
v -0.16405454 0.25531286 -0.03817806
v -0.16405454 0.34468714 0.03817806
v -0.16405454 0.25531286 0.03817806
v -0.46834939 0.41934790 -0.03774618
v -0.49959367 0.34418163 -0.10196381
v -0.44874027 0.41699246 -0.09995147
v -0.46834939 0.18065210 -0.03774618
v -0.49959367 0.25581837 -0.10196381
v -0.44874027 0.18300754 -0.09995147
v -0.38808000 0.22623894 -0.20272709
v -0.46987859 0.27269425 -0.16303841
v -0.41868520 0.20007651 -0.16172488
v -0.38863013 0.27238183 -0.22349828
v -0.46731533 0.22769468 -0.13812953
v -0.38808000 0.37376106 -0.20272709
v -0.46987859 0.32730575 -0.16303841
v -0.41868520 0.39992349 -0.16172488
v -0.38863013 0.32761817 -0.22349828
v -0.46731533 0.37230532 -0.13812953
v -0.43726026 0.30000000 -0.19990294
v -0.46834939 0.41934790 0.03774618
v -0.49959367 0.34418163 0.10196381
v -0.44874027 0.41699246 0.09995147
v -0.49737040 0.38937429 0.00000000
v -0.46834939 0.18065210 0.03774618
v -0.49959367 0.25581837 0.10196381
v -0.44874027 0.18300754 0.09995147
v -0.49737040 0.21062571 0.00000000
v -0.38808000 0.22623894 0.20272709
v -0.46987859 0.27269425 0.16303841
v -0.41868520 0.20007651 0.16172488
v -0.38863013 0.27238183 0.22349828
v -0.46731533 0.22769468 0.13812953
v -0.38808000 0.37376106 0.20272709
v -0.46987859 0.32730575 0.16303841
v -0.41868520 0.39992349 0.16172488
v -0.38863013 0.32761817 0.22349828
v -0.46731533 0.37230532 0.13812953
v -0.43726026 0.30000000 0.19990294
v -0.51795860 0.30000000 -0.06421763
v -0.51795860 0.30000000 0.06421763
v -0.51594546 0.34468714 -0.03817806
v -0.51594546 0.25531286 -0.03817806
v -0.51594546 0.34468714 0.03817806
v -0.51594546 0.25531286 0.03817806
v 0.24273974 0.44461064 0.00000000
v 0.43726026 0.44461064 0.00000000
v 0.24273974 0.15538936 0.00000000
v 0.43726026 0.15538936 0.00000000
v 0.34000000 0.21062571 0.19990294
v 0.34000000 0.38937429 0.19990294
v 0.34000000 0.21062571 -0.19990294
v 0.34000000 0.38937429 -0.19990294
v 0.49737040 0.30000000 -0.12354681
v 0.49737040 0.30000000 0.12354681
v 0.18262960 0.30000000 -0.12354681
v 0.18262960 0.30000000 0.12354681
v 0.34000000 0.47000000 0.00000000
v 0.34000000 0.13000000 0.00000000
v 0.28283186 0.16246711 0.11750000
v 0.39716814 0.16246711 0.11750000
v 0.28283186 0.43753289 0.11750000
v 0.39716814 0.43753289 0.11750000
v 0.34000000 0.30000000 0.23500000
v 0.28283186 0.16246711 -0.11750000
v 0.39716814 0.16246711 -0.11750000
v 0.28283186 0.43753289 -0.11750000
v 0.39716814 0.43753289 -0.11750000
v 0.34000000 0.30000000 -0.23500000
v 0.48966814 0.38500000 -0.07261899
v 0.48966814 0.21500000 -0.07261899
v 0.43250000 0.24746711 -0.19011899
v 0.43250000 0.35253289 -0.19011899
v 0.48966814 0.38500000 0.07261899
v 0.48966814 0.21500000 0.07261899
v 0.43250000 0.24746711 0.19011899
v 0.43250000 0.35253289 0.19011899
v 0.52500000 0.30000000 0.00000000
v 0.19033186 0.38500000 -0.07261899
v 0.19033186 0.21500000 -0.07261899
v 0.24750000 0.24746711 -0.19011899
v 0.24750000 0.35253289 -0.19011899
v 0.19033186 0.38500000 0.07261899
v 0.19033186 0.21500000 0.07261899
v 0.24750000 0.24746711 0.19011899
v 0.24750000 0.35253289 0.19011899
v 0.15500000 0.30000000 0.00000000
v 0.28944569 0.46352952 0.00000000
v 0.39055431 0.46352952 0.00000000
v 0.28944569 0.13647048 0.00000000
v 0.39055431 0.13647048 0.00000000
v 0.25973062 0.15334636 0.06107460
v 0.31028492 0.18205732 0.16498091
v 0.30994493 0.13832039 0.06177341
v 0.42026938 0.15334636 0.06107460
v 0.36971508 0.18205732 0.16498091
v 0.37005507 0.13832039 0.06177341
v 0.34000000 0.15538936 0.12354681
v 0.25973062 0.44665364 0.06107460
v 0.31028492 0.41794268 0.16498091
v 0.30994493 0.46167961 0.06177341
v 0.42026938 0.44665364 0.06107460
v 0.36971508 0.41794268 0.16498091
v 0.37005507 0.46167961 0.06177341
v 0.34000000 0.44461064 0.12354681
v 0.34000000 0.25354469 0.22605551
v 0.34000000 0.34645531 0.22605551
v 0.25973062 0.15334636 -0.06107460
v 0.31028492 0.18205732 -0.16498091
v 0.30994493 0.13832039 -0.06177341
v 0.42026938 0.15334636 -0.06107460
v 0.36971508 0.18205732 -0.16498091
v 0.37005507 0.13832039 -0.06177341
v 0.34000000 0.15538936 -0.12354681
v 0.25973062 0.44665364 -0.06107460
v 0.31028492 0.41794268 -0.16498091
v 0.30994493 0.46167961 -0.06177341
v 0.42026938 0.44665364 -0.06107460
v 0.36971508 0.41794268 -0.16498091
v 0.37005507 0.46167961 -0.06177341
v 0.34000000 0.44461064 -0.12354681
v 0.34000000 0.25354469 -0.22605551
v 0.34000000 0.34645531 -0.22605551
v 0.46834939 0.41934790 -0.03774618
v 0.49959367 0.34418163 -0.10196381
v 0.44874027 0.41699246 -0.09995147
v 0.46834939 0.18065210 -0.03774618
v 0.49959367 0.25581837 -0.10196381
v 0.44874027 0.18300754 -0.09995147
v 0.38808000 0.22623894 -0.20272709
v 0.46987859 0.27269425 -0.16303841
v 0.41868520 0.20007651 -0.16172488
v 0.38863013 0.27238183 -0.22349828
v 0.46731533 0.22769468 -0.13812953
v 0.38808000 0.37376106 -0.20272709
v 0.46987859 0.32730575 -0.16303841
v 0.41868520 0.39992349 -0.16172488
v 0.38863013 0.32761817 -0.22349828
v 0.46731533 0.37230532 -0.13812953
v 0.43726026 0.30000000 -0.19990294
v 0.46834939 0.41934790 0.03774618
v 0.49959367 0.34418163 0.10196381
v 0.44874027 0.41699246 0.09995147
v 0.49737040 0.38937429 0.00000000
v 0.46834939 0.18065210 0.03774618
v 0.49959367 0.25581837 0.10196381
v 0.44874027 0.18300754 0.09995147
v 0.49737040 0.21062571 0.00000000
v 0.38808000 0.22623894 0.20272709
v 0.46987859 0.27269425 0.16303841
v 0.41868520 0.20007651 0.16172488
v 0.38863013 0.27238183 0.22349828
v 0.46731533 0.22769468 0.13812953
v 0.38808000 0.37376106 0.20272709
v 0.46987859 0.32730575 0.16303841
v 0.41868520 0.39992349 0.16172488
v 0.38863013 0.32761817 0.22349828
v 0.46731533 0.37230532 0.13812953
v 0.43726026 0.30000000 0.19990294
v 0.51795860 0.30000000 -0.06421763
v 0.51795860 0.30000000 0.06421763
v 0.51594546 0.34468714 -0.03817806
v 0.51594546 0.25531286 -0.03817806
v 0.51594546 0.34468714 0.03817806
v 0.51594546 0.25531286 0.03817806
v 0.21165061 0.41934790 -0.03774618
v 0.18040633 0.34418163 -0.10196381
v 0.23125973 0.41699246 -0.09995147
v 0.21165061 0.18065210 -0.03774618
v 0.18040633 0.25581837 -0.10196381
v 0.23125973 0.18300754 -0.09995147
v 0.29192000 0.22623894 -0.20272709
v 0.21012141 0.27269425 -0.16303841
v 0.26131480 0.20007651 -0.16172488
v 0.29136987 0.27238183 -0.22349828
v 0.21268467 0.22769468 -0.13812953
v 0.29192000 0.37376106 -0.20272709
v 0.21012141 0.32730575 -0.16303841
v 0.26131480 0.39992349 -0.16172488
v 0.29136987 0.32761817 -0.22349828
v 0.21268467 0.37230532 -0.13812953
v 0.24273974 0.30000000 -0.19990294
v 0.21165061 0.41934790 0.03774618
v 0.18040633 0.34418163 0.10196381
v 0.23125973 0.41699246 0.09995147
v 0.18262960 0.38937429 0.00000000
v 0.21165061 0.18065210 0.03774618
v 0.18040633 0.25581837 0.10196381
v 0.23125973 0.18300754 0.09995147
v 0.18262960 0.21062571 0.00000000
v 0.29192000 0.22623894 0.20272709
v 0.21012141 0.27269425 0.16303841
v 0.26131480 0.20007651 0.16172488
v 0.29136987 0.27238183 0.22349828
v 0.21268467 0.22769468 0.13812953
v 0.29192000 0.37376106 0.20272709
v 0.21012141 0.32730575 0.16303841
v 0.26131480 0.39992349 0.16172488
v 0.29136987 0.32761817 0.22349828
v 0.21268467 0.37230532 0.13812953
v 0.24273974 0.30000000 0.19990294
v 0.16204140 0.30000000 -0.06421763
v 0.16204140 0.30000000 0.06421763
v 0.16405454 0.34468714 -0.03817806
v 0.16405454 0.25531286 -0.03817806
v 0.16405454 0.34468714 0.03817806
v 0.16405454 0.25531286 0.03817806
v -0.31000000 -0.55250000 -0.21000000
v -0.31000000 -0.55250000 0.25000000
v -0.31000000 -0.45750000 -0.21000000
v -0.31000000 -0.45750000 0.25000000
v 0.31000000 -0.55250000 -0.21000000
v 0.31000000 -0.55250000 0.25000000
v 0.31000000 -0.45750000 -0.21000000
v 0.31000000 -0.45750000 0.25000000
vn -0.55339825 0.83291679 0.00000000
vn 0.55339825 0.83291679 0.00000000
vn -0.55339825 -0.83291679 0.00000000
vn 0.55339825 -0.83291679 -0.00000000
vn -0.00000000 -0.36766229 0.92995938
vn 0.00000000 0.36766229 0.92995938
vn 0.00000000 -0.36766229 -0.92995938
vn -0.00000000 0.36766229 -0.92995938
vn 0.74444649 0.00000000 -0.66768213
vn 0.74444649 0.00000000 0.66768213
vn -0.74444649 0.00000000 -0.66768213
vn -0.74444649 0.00000000 0.66768213
vn 0.00000000 1.00000000 -0.00000000
vn -0.00000000 -1.00000000 -0.00000000
vn -0.28242195 -0.69307719 0.66323589
vn 0.28242195 -0.69307719 0.66323589
vn -0.28242195 0.69307719 0.66323589
vn 0.28242195 0.69307719 0.66323589
vn 0.00000000 0.00000000 1.00000000
vn -0.28242195 -0.69307719 -0.66323589
vn 0.28242195 -0.69307719 -0.66323589
vn -0.28242195 0.69307719 -0.66323589
vn 0.28242195 0.69307719 -0.66323589
vn -0.00000000 0.00000000 -1.00000000
vn 0.78283960 0.45044723 -0.42925454
vn 0.78283960 -0.45044723 -0.42925454
vn 0.38157886 -0.22070025 -0.89760179
vn 0.38157886 0.22070025 -0.89760179
vn 0.78283960 0.45044723 0.42925454
vn 0.78283960 -0.45044723 0.42925454
vn 0.38157886 -0.22070025 0.89760179
vn 0.38157886 0.22070025 0.89760179
vn 1.00000000 -0.00000000 0.00000000
vn -0.78283960 0.45044723 -0.42925454
vn -0.78283960 -0.45044723 -0.42925454
vn -0.38157886 -0.22070025 -0.89760179
vn -0.38157886 0.22070025 -0.89760179
vn -0.78283960 0.45044723 0.42925454
vn -0.78283960 -0.45044723 0.42925454
vn -0.38157886 -0.22070025 0.89760179
vn -0.38157886 0.22070025 0.89760179
vn -1.00000000 0.00000000 0.00000000
vn -0.29558261 0.95531718 0.00000000
vn 0.29558261 0.95531718 -0.00000000
vn -0.29558261 -0.95531718 -0.00000000
vn 0.29558261 -0.95531718 0.00000000
vn -0.43851934 -0.81605587 0.37650179
vn -0.13080706 -0.53009638 0.83778717
vn -0.15675911 -0.90604982 0.39306527
vn 0.43851934 -0.81605587 0.37650179
vn 0.13080706 -0.53009638 0.83778717
vn 0.15675911 -0.90604982 0.39306527
vn 0.00000000 -0.73134868 0.68200374
vn -0.43851934 0.81605587 0.37650179
vn -0.13080706 0.53009638 0.83778717
vn -0.15675911 0.90604982 0.39306527
vn 0.43851934 0.81605587 0.37650179
vn 0.13080706 0.53009638 0.83778717
vn 0.15675911 0.90604982 0.39306527
vn 0.00000000 0.73134868 0.68200374
vn 0.00000000 -0.17984382 0.98369518
vn 0.00000000 0.17984382 0.98369518
vn -0.43851934 -0.81605587 -0.37650179
vn -0.13080706 -0.53009638 -0.83778717
vn -0.15675911 -0.90604982 -0.39306527
vn 0.43851934 -0.81605587 -0.37650179
vn 0.13080706 -0.53009638 -0.83778717
vn 0.15675911 -0.90604982 -0.39306527
vn 0.00000000 -0.73134868 -0.68200374
vn -0.43851934 0.81605587 -0.37650179
vn -0.13080706 0.53009638 -0.83778717
vn -0.15675911 0.90604982 -0.39306527
vn 0.43851934 0.81605587 -0.37650179
vn 0.13080706 0.53009638 -0.83778717
vn 0.15675911 0.90604982 -0.39306527
vn -0.00000000 0.73134868 -0.68200374
vn 0.00000000 -0.17984382 -0.98369518
vn -0.00000000 0.17984382 -0.98369518
vn 0.70691955 0.66859126 -0.23076066
vn 0.78790498 0.21956984 -0.57532151
vn 0.54930994 0.59755368 -0.58411316
vn 0.70691955 -0.66859126 -0.23076066
vn 0.78790498 -0.21956984 -0.57532151
vn 0.54930994 -0.59755368 -0.58411316
vn 0.19169577 -0.30117004 -0.93410349
vn 0.56911951 -0.12140148 -0.81324330
vn 0.35832940 -0.45295117 -0.81635487
vn 0.18928917 -0.10086003 -0.97672763
vn 0.58666289 -0.34886060 -0.73083714
vn 0.19169577 0.30117004 -0.93410349
vn 0.56911951 0.12140148 -0.81324330
vn 0.35832940 0.45295117 -0.81635487
vn 0.18928917 0.10086003 -0.97672763
vn 0.58666289 0.34886060 -0.73083714
vn 0.38393202 0.00000000 -0.92336136
vn 0.70691955 0.66859126 0.23076066
vn 0.78790498 0.21956984 0.57532151
vn 0.54930994 0.59755368 0.58411316
vn 0.87168151 0.49007280 0.00000000
vn 0.70691955 -0.66859126 0.23076066
vn 0.78790498 -0.21956984 0.57532151
vn 0.54930994 -0.59755368 0.58411316
vn 0.87168151 -0.49007280 0.00000000
vn 0.19169577 -0.30117004 0.93410349
vn 0.56911951 -0.12140148 0.81324330
vn 0.35832940 -0.45295117 0.81635487
vn 0.18928917 -0.10086003 0.97672763
vn 0.58666289 -0.34886060 0.73083714
vn 0.19169577 0.30117004 0.93410349
vn 0.56911951 0.12140148 0.81324330
vn 0.35832940 0.45295117 0.81635487
vn 0.18928917 0.10086003 0.97672763
vn 0.58666289 0.34886060 0.73083714
vn 0.38393202 0.00000000 0.92336136
vn 0.92480346 0.00000000 -0.38044522
vn 0.92480346 0.00000000 0.38044522
vn 0.94399257 0.24734790 -0.21839653
vn 0.94399257 -0.24734790 -0.21839653
vn 0.94399257 0.24734790 0.21839653
vn 0.94399257 -0.24734790 0.21839653
vn -0.70691955 0.66859126 -0.23076066
vn -0.78790498 0.21956984 -0.57532151
vn -0.54930994 0.59755368 -0.58411316
vn -0.70691955 -0.66859126 -0.23076066
vn -0.78790498 -0.21956984 -0.57532151
vn -0.54930994 -0.59755368 -0.58411316
vn -0.19169577 -0.30117004 -0.93410349
vn -0.56911951 -0.12140148 -0.81324330
vn -0.35832940 -0.45295117 -0.81635487
vn -0.18928917 -0.10086003 -0.97672763
vn -0.58666289 -0.34886060 -0.73083714
vn -0.19169577 0.30117004 -0.93410349
vn -0.56911951 0.12140148 -0.81324330
vn -0.35832940 0.45295117 -0.81635487
vn -0.18928917 0.10086003 -0.97672763
vn -0.58666289 0.34886060 -0.73083714
vn -0.38393202 -0.00000000 -0.92336136
vn -0.70691955 0.66859126 0.23076066
vn -0.78790498 0.21956984 0.57532151
vn -0.54930994 0.59755368 0.58411316
vn -0.87168151 0.49007280 0.00000000
vn -0.70691955 -0.66859126 0.23076066
vn -0.78790498 -0.21956984 0.57532151
vn -0.54930994 -0.59755368 0.58411316
vn -0.87168151 -0.49007280 0.00000000
vn -0.19169577 -0.30117004 0.93410349
vn -0.56911951 -0.12140148 0.81324330
vn -0.35832940 -0.45295117 0.81635487
vn -0.18928917 -0.10086003 0.97672763
vn -0.58666289 -0.34886060 0.73083714
vn -0.19169577 0.30117004 0.93410349
vn -0.56911951 0.12140148 0.81324330
vn -0.35832940 0.45295117 0.81635487
vn -0.18928917 0.10086003 0.97672763
vn -0.58666289 0.34886060 0.73083714
vn -0.38393202 0.00000000 0.92336136
vn -0.92480346 -0.00000000 -0.38044522
vn -0.92480346 -0.00000000 0.38044522
vn -0.94399257 0.24734790 -0.21839653
vn -0.94399257 -0.24734790 -0.21839653
vn -0.94399257 0.24734790 0.21839653
vn -0.94399257 -0.24734790 0.21839653
vn -0.51504516 0.85716304 -0.00000000
vn 0.51504516 0.85716304 0.00000000
vn -0.51504516 -0.85716304 0.00000000
vn 0.51504516 -0.85716304 -0.00000000
vn -0.00000000 -0.42860703 0.90349101
vn -0.00000000 0.42860703 0.90349101
vn 0.00000000 -0.42860703 -0.90349101
vn 0.00000000 0.42860703 -0.90349101
vn 0.77042510 -0.00000000 -0.63753052
vn 0.77042510 -0.00000000 0.63753052
vn -0.77042510 -0.00000000 -0.63753052
vn -0.77042510 -0.00000000 0.63753052
vn 0.00000000 1.00000000 -0.00000000
vn -0.00000000 -1.00000000 0.00000000
vn -0.27706856 -0.74938700 0.60137520
vn 0.27706856 -0.74938700 0.60137520
vn -0.27706856 0.74938700 0.60137520
vn 0.27706856 0.74938700 0.60137520
vn 0.00000000 0.00000000 1.00000000
vn -0.27706856 -0.74938700 -0.60137520
vn 0.27706856 -0.74938700 -0.60137520
vn -0.27706856 0.74938700 -0.60137520
vn 0.27706856 0.74938700 -0.60137520
vn -0.00000000 0.00000000 -1.00000000
vn 0.77550880 0.49315990 -0.39418196
vn 0.77550880 -0.49315990 -0.39418196
vn 0.40422894 -0.25841800 -0.87739336
vn 0.40422894 0.25841800 -0.87739336
vn 0.77550880 0.49315990 0.39418196
vn 0.77550880 -0.49315990 0.39418196
vn 0.40422894 -0.25841800 0.87739336
vn 0.40422894 0.25841800 0.87739336
vn 1.00000000 0.00000000 0.00000000
vn -0.77550880 0.49315990 -0.39418196
vn -0.77550880 -0.49315990 -0.39418196
vn -0.40422894 -0.25841800 -0.87739336
vn -0.40422894 0.25841800 -0.87739336
vn -0.77550880 0.49315990 0.39418196
vn -0.77550880 -0.49315990 0.39418196
vn -0.40422894 -0.25841800 0.87739336
vn -0.40422894 0.25841800 0.87739336
vn -1.00000000 0.00000000 0.00000000
vn -0.26930017 0.96305629 -0.00000000
vn 0.26930017 0.96305629 -0.00000000
vn -0.26930017 -0.96305629 0.00000000
vn 0.26930017 -0.96305629 0.00000000
vn -0.41368268 -0.84868733 0.32953977
vn -0.13382197 -0.59825176 0.79005475
vn -0.14569409 -0.92906140 0.34002669
vn 0.41368268 -0.84868733 0.32953977
vn 0.13382197 -0.59825176 0.79005475
vn 0.14569409 -0.92906140 0.34002669
vn -0.00000000 -0.78726609 0.61661341
vn -0.41368268 0.84868733 0.32953977
vn -0.13382197 0.59825176 0.79005475
vn -0.14569409 0.92906140 0.34002669
vn 0.41368268 0.84868733 0.32953977
vn 0.13382197 0.59825176 0.79005475
vn 0.14569409 0.92906140 0.34002669
vn -0.00000000 0.78726609 0.61661341
vn -0.00000000 -0.21416736 0.97679698
vn 0.00000000 0.21416736 0.97679698
vn -0.41368268 -0.84868733 -0.32953977
vn -0.13382197 -0.59825176 -0.79005475
vn -0.14569409 -0.92906140 -0.34002669
vn 0.41368268 -0.84868733 -0.32953977
vn 0.13382197 -0.59825176 -0.79005475
vn 0.14569409 -0.92906140 -0.34002669
vn -0.00000000 -0.78726609 -0.61661341
vn -0.41368268 0.84868733 -0.32953977
vn -0.13382197 0.59825176 -0.79005475
vn -0.14569409 0.92906140 -0.34002669
vn 0.41368268 0.84868733 -0.32953977
vn 0.13382197 0.59825176 -0.79005475
vn 0.14569409 0.92906140 -0.34002669
vn 0.00000000 0.78726609 -0.61661341
vn -0.00000000 -0.21416736 -0.97679698
vn 0.00000000 0.21416736 -0.97679698
vn 0.67658451 0.70697578 -0.20595785
vn 0.80335851 0.24744057 -0.54165328
vn 0.54154712 0.64958687 -0.53363247
vn 0.67658451 -0.70697578 -0.20595785
vn 0.80335851 -0.24744057 -0.54165328
vn 0.54154712 -0.64958687 -0.53363247
vn 0.20306003 -0.35349376 -0.91313131
vn 0.59808732 -0.14046585 -0.78902529
vn 0.36817616 -0.51414925 -0.77465919
vn 0.20403627 -0.12040977 -0.97153007
vn 0.60237039 -0.39541975 -0.69339249
vn 0.20306003 0.35349376 -0.91313131
vn 0.59808732 0.14046585 -0.78902529
vn 0.36817616 0.51414925 -0.77465919
vn 0.20403627 0.12040977 -0.97153007
vn 0.60237039 0.39541975 -0.69339249
vn 0.41068215 -0.00000000 -0.91177858
vn 0.67658451 0.70697578 0.20595785
vn 0.80335851 0.24744057 0.54165328
vn 0.54154712 0.64958687 0.53363247
vn 0.84959231 0.52743996 -0.00000000
vn 0.67658451 -0.70697578 0.20595785
vn 0.80335851 -0.24744057 0.54165328
vn 0.54154712 -0.64958687 0.53363247
vn 0.84959231 -0.52743996 0.00000000
vn 0.20306003 -0.35349376 0.91313131
vn 0.59808732 -0.14046585 0.78902529
vn 0.36817616 -0.51414925 0.77465919
vn 0.20403627 -0.12040977 0.97153007
vn 0.60237039 -0.39541975 0.69339249
vn 0.20306003 0.35349376 0.91313131
vn 0.59808732 0.14046585 0.78902529
vn 0.36817616 0.51414925 0.77465919
vn 0.20403627 0.12040977 0.97153007
vn 0.60237039 0.39541975 0.69339249
vn 0.41068215 0.00000000 0.91177858
vn 0.93443538 0.00000000 -0.35613272
vn 0.93443538 0.00000000 0.35613272
vn 0.94068753 0.27257824 -0.20201010
vn 0.94068753 -0.27257824 -0.20201010
vn 0.94068753 0.27257824 0.20201010
vn 0.94068753 -0.27257824 0.20201010
vn -0.67658451 0.70697578 -0.20595785
vn -0.80335851 0.24744057 -0.54165328
vn -0.54154712 0.64958687 -0.53363247
vn -0.67658451 -0.70697578 -0.20595785
vn -0.80335851 -0.24744057 -0.54165328
vn -0.54154712 -0.64958687 -0.53363247
vn -0.20306003 -0.35349376 -0.91313131
vn -0.59808732 -0.14046585 -0.78902529
vn -0.36817616 -0.51414925 -0.77465919
vn -0.20403627 -0.12040977 -0.97153007
vn -0.60237039 -0.39541975 -0.69339249
vn -0.20306003 0.35349376 -0.91313131
vn -0.59808732 0.14046585 -0.78902529
vn -0.36817616 0.51414925 -0.77465919
vn -0.20403627 0.12040977 -0.97153007
vn -0.60237039 0.39541975 -0.69339249
vn -0.41068215 -0.00000000 -0.91177858
vn -0.67658451 0.70697578 0.20595785
vn -0.80335851 0.24744057 0.54165328
vn -0.54154712 0.64958687 0.53363247
vn -0.84959231 0.52743996 0.00000000
vn -0.67658451 -0.70697578 0.20595785
vn -0.80335851 -0.24744057 0.54165328
vn -0.54154712 -0.64958687 0.53363247
vn -0.84959231 -0.52743996 0.00000000
vn -0.20306003 -0.35349376 0.91313131
vn -0.59808732 -0.14046585 0.78902529
vn -0.36817616 -0.51414925 0.77465919
vn -0.20403627 -0.12040977 0.97153007
vn -0.60237039 -0.39541975 0.69339249
vn -0.20306003 0.35349376 0.91313131
vn -0.59808732 0.14046585 0.78902529
vn -0.36817616 0.51414925 0.77465919
vn -0.20403627 0.12040977 0.97153007
vn -0.60237039 0.39541975 0.69339249
vn -0.41068215 -0.00000000 0.91177858
vn -0.93443538 -0.00000000 -0.35613272
vn -0.93443538 -0.00000000 0.35613272
vn -0.94068753 0.27257824 -0.20201010
vn -0.94068753 -0.27257824 -0.20201010
vn -0.94068753 0.27257824 0.20201010
vn -0.94068753 -0.27257824 0.20201010
vn -0.24027309 0.97070533 0.00000000
vn 0.24027309 0.97070533 -0.00000000
vn -0.24027309 -0.97070533 0.00000000
vn 0.24027309 -0.97070533 0.00000000
vn 0.00000000 -0.73218702 0.68110364
vn 0.00000000 0.73218702 0.68110364
vn -0.00000000 -0.73218702 -0.68110364
vn 0.00000000 0.73218702 -0.68110364
vn 0.75044539 -0.00000000 -0.66093246
vn 0.75044539 -0.00000000 0.66093246
vn -0.75044539 0.00000000 -0.66093246
vn -0.75044539 0.00000000 0.66093246
vn -0.00000000 1.00000000 0.00000000
vn 0.00000000 -1.00000000 0.00000000
vn -0.14363601 -0.93252204 0.33131759
vn 0.14363601 -0.93252204 0.33131759
vn -0.14363601 0.93252204 0.33131759
vn 0.14363601 0.93252204 0.33131759
vn 0.00000000 0.00000000 1.00000000
vn -0.14363601 -0.93252204 -0.33131759
vn 0.14363601 -0.93252204 -0.33131759
vn -0.14363601 0.93252204 -0.33131759
vn 0.14363601 0.93252204 -0.33131759
vn 0.00000000 0.00000000 -1.00000000
vn 0.53167590 0.79722451 -0.28592626
vn 0.53167590 -0.79722451 -0.28592626
vn 0.34175266 -0.51005479 -0.78933468
vn 0.34175266 0.51005479 -0.78933468
vn 0.53167590 0.79722451 0.28592626
vn 0.53167590 -0.79722451 0.28592626
vn 0.34175266 -0.51005479 0.78933468
vn 0.34175266 0.51005479 0.78933468
vn 1.00000000 -0.00000000 0.00000000
vn -0.53167590 0.79722451 -0.28592626
vn -0.53167590 -0.79722451 -0.28592626
vn -0.34175266 -0.51005479 -0.78933468
vn -0.34175266 0.51005479 -0.78933468
vn -0.53167590 0.79722451 0.28592626
vn -0.53167590 -0.79722451 0.28592626
vn -0.34175266 -0.51005479 0.78933468
vn -0.34175266 0.51005479 0.78933468
vn -1.00000000 0.00000000 0.00000000
vn -0.11406808 0.99347293 -0.00000000
vn 0.11406808 0.99347293 0.00000000
vn -0.11406808 -0.99347293 0.00000000
vn 0.11406808 -0.99347293 0.00000000
vn -0.19442201 -0.96674029 0.16617250
vn -0.08128023 -0.86005766 0.50368080
vn -0.06349201 -0.98512385 0.15968644
vn 0.19442201 -0.96674029 0.16617250
vn 0.08128023 -0.86005766 0.50368080
vn 0.06349201 -0.98512385 0.15968644
vn 0.00000000 -0.94442673 0.32872199
vn -0.19442201 0.96674029 0.16617250
vn -0.08128023 0.86005766 0.50368080
vn -0.06349201 0.98512385 0.15968644
vn 0.19442201 0.96674029 0.16617250
vn 0.08128023 0.86005766 0.50368080
vn 0.06349201 0.98512385 0.15968644
vn -0.00000000 0.94442673 0.32872199
vn -0.00000000 -0.43797602 0.89898666
vn 0.00000000 0.43797602 0.89898666
vn -0.19442201 -0.96674029 -0.16617250
vn -0.08128023 -0.86005766 -0.50368080
vn -0.06349201 -0.98512385 -0.15968644
vn 0.19442201 -0.96674029 -0.16617250
vn 0.08128023 -0.86005766 -0.50368080
vn 0.06349201 -0.98512385 -0.15968644
vn -0.00000000 -0.94442673 -0.32872199
vn -0.19442201 0.96674029 -0.16617250
vn -0.08128023 0.86005766 -0.50368080
vn -0.06349201 0.98512385 -0.15968644
vn 0.19442201 0.96674029 -0.16617250
vn 0.08128023 0.86005766 -0.50368080
vn 0.06349201 0.98512385 -0.15968644
vn -0.00000000 0.94442673 -0.32872199
vn -0.00000000 -0.43797602 -0.89898666
vn -0.00000000 0.43797602 -0.89898666
vn 0.36732146 0.92229901 -0.12016441
vn 0.70819068 0.49890676 -0.49955781
vn 0.31132347 0.89190915 -0.32798746
vn 0.36732146 -0.92229901 -0.12016441
vn 0.70819068 -0.49890676 -0.49955781
vn 0.31132347 -0.89190915 -0.32798746
vn 0.15609373 -0.64901280 -0.74459193
vn 0.55571936 -0.29242084 -0.77824549
vn 0.24246443 -0.80455356 -0.54212967
vn 0.18665920 -0.25755139 -0.94806415
vn 0.45667225 -0.69593144 -0.55419301
vn 0.15609373 0.64901280 -0.74459193
vn 0.55571936 0.29242084 -0.77824549
vn 0.24246443 0.80455356 -0.54212967
vn 0.18665920 0.25755139 -0.94806415
vn 0.45667225 0.69593144 -0.55419301
vn 0.39129252 0.00000000 -0.92026635
vn 0.36732146 0.92229901 0.12016441
vn 0.70819068 0.49890676 0.49955781
vn 0.31132347 0.89190915 0.32798746
vn 0.56671153 0.82391628 -0.00000000
vn 0.36732146 -0.92229901 0.12016441
vn 0.70819068 -0.49890676 0.49955781
vn 0.31132347 -0.89190915 0.32798746
vn 0.56671153 -0.82391628 -0.00000000
vn 0.15609373 -0.64901280 0.74459193
vn 0.55571936 -0.29242084 0.77824549
vn 0.24246443 -0.80455356 0.54212967
vn 0.18665920 -0.25755139 0.94806415
vn 0.45667225 -0.69593144 0.55419301
vn 0.15609373 0.64901280 0.74459193
vn 0.55571936 0.29242084 0.77824549
vn 0.24246443 0.80455356 0.54212967
vn 0.18665920 0.25755139 0.94806415
vn 0.45667225 0.69593144 0.55419301
vn 0.39129252 0.00000000 0.92026635
vn 0.92571786 0.00000000 -0.37821482
vn 0.92571786 0.00000000 0.37821482
vn 0.82257457 0.53706855 -0.18689157
vn 0.82257457 -0.53706855 -0.18689157
vn 0.82257457 0.53706855 0.18689157
vn 0.82257457 -0.53706855 0.18689157
vn -0.36732146 0.92229901 -0.12016441
vn -0.70819068 0.49890676 -0.49955781
vn -0.31132347 0.89190915 -0.32798746
vn -0.36732146 -0.92229901 -0.12016441
vn -0.70819068 -0.49890676 -0.49955781
vn -0.31132347 -0.89190915 -0.32798746
vn -0.15609373 -0.64901280 -0.74459193
vn -0.55571936 -0.29242084 -0.77824549
vn -0.24246443 -0.80455356 -0.54212967
vn -0.18665920 -0.25755139 -0.94806415
vn -0.45667225 -0.69593144 -0.55419301
vn -0.15609373 0.64901280 -0.74459193
vn -0.55571936 0.29242084 -0.77824549
vn -0.24246443 0.80455356 -0.54212967
vn -0.18665920 0.25755139 -0.94806415
vn -0.45667225 0.69593144 -0.55419301
vn -0.39129252 0.00000000 -0.92026635
vn -0.36732146 0.92229901 0.12016441
vn -0.70819068 0.49890676 0.49955781
vn -0.31132347 0.89190915 0.32798746
vn -0.56671153 0.82391628 -0.00000000
vn -0.36732146 -0.92229901 0.12016441
vn -0.70819068 -0.49890676 0.49955781
vn -0.31132347 -0.89190915 0.32798746
vn -0.56671153 -0.82391628 -0.00000000
vn -0.15609373 -0.64901280 0.74459193
vn -0.55571936 -0.29242084 0.77824549
vn -0.24246443 -0.80455356 0.54212967
vn -0.18665920 -0.25755139 0.94806415
vn -0.45667225 -0.69593144 0.55419301
vn -0.15609373 0.64901280 0.74459193
vn -0.55571936 0.29242084 0.77824549
vn -0.24246443 0.80455356 0.54212967
vn -0.18665920 0.25755139 0.94806415
vn -0.45667225 0.69593144 0.55419301
vn -0.39129252 0.00000000 0.92026635
vn -0.92571786 -0.00000000 -0.37821482
vn -0.92571786 -0.00000000 0.37821482
vn -0.82257457 0.53706855 -0.18689157
vn -0.82257457 -0.53706855 -0.18689157
vn -0.82257457 0.53706855 0.18689157
vn -0.82257457 -0.53706855 0.18689157
vn -0.49587181 0.86839573 -0.00000000
vn 0.49587181 0.86839573 0.00000000
vn -0.49587181 -0.86839573 -0.00000000
vn 0.49587181 -0.86839573 -0.00000000
vn 0.00000000 -0.64263034 0.76617638
vn 0.00000000 0.64263034 0.76617638
vn 0.00000000 -0.64263034 -0.76617638
vn 0.00000000 0.64263034 -0.76617638
vn 0.89706876 -0.00000000 -0.44189099
vn 0.89706876 0.00000000 0.44189099
vn -0.89706876 0.00000000 -0.44189099
vn -0.89706876 -0.00000000 0.44189099
vn 0.00000000 1.00000000 -0.00000000
vn -0.00000000 -1.00000000 -0.00000000
vn -0.30654015 -0.86684955 0.39319842
vn 0.30654015 -0.86684955 0.39319842
vn -0.30654015 0.86684955 0.39319842
vn 0.30654015 0.86684955 0.39319842
vn -0.00000000 0.00000000 1.00000000
vn -0.30654015 -0.86684955 -0.39319842
vn 0.30654015 -0.86684955 -0.39319842
vn -0.30654015 0.86684955 -0.39319842
vn 0.30654015 0.86684955 -0.39319842
vn 0.00000000 0.00000000 -1.00000000
vn 0.80550076 0.53968697 -0.24475805
vn 0.80550076 -0.53968697 -0.24475805
vn 0.56677669 -0.37764755 -0.73222026
vn 0.56677669 0.37764755 -0.73222026
vn 0.80550076 0.53968697 0.24475805
vn 0.80550076 -0.53968697 0.24475805
vn 0.56677669 -0.37764755 0.73222026
vn 0.56677669 0.37764755 0.73222026
vn 1.00000000 -0.00000000 0.00000000
vn -0.80550076 0.53968697 -0.24475805
vn -0.80550076 -0.53968697 -0.24475805
vn -0.56677669 -0.37764755 -0.73222026
vn -0.56677669 0.37764755 -0.73222026
vn -0.80550076 0.53968697 0.24475805
vn -0.80550076 -0.53968697 0.24475805
vn -0.56677669 -0.37764755 0.73222026
vn -0.56677669 0.37764755 0.73222026
vn -1.00000000 0.00000000 0.00000000
vn -0.25456792 0.96705490 -0.00000000
vn 0.25456792 0.96705490 -0.00000000
vn -0.25456792 -0.96705490 -0.00000000
vn 0.25456792 -0.96705490 -0.00000000
vn -0.41450954 -0.88902800 0.19445066
vn -0.16779624 -0.78991776 0.58980874
vn -0.14429926 -0.96909511 0.20008095
vn 0.41450954 -0.88902800 0.19445066
vn 0.16779624 -0.78991776 0.58980874
vn 0.14429926 -0.96909511 0.20008095
vn 0.00000000 -0.91421385 0.40523207
vn -0.41450954 0.88902800 0.19445066
vn -0.16779624 0.78991776 0.58980874
vn -0.14429926 0.96909511 0.20008095
vn 0.41450954 0.88902800 0.19445066
vn 0.16779624 0.78991776 0.58980874
vn 0.14429926 0.96909511 0.20008095
vn -0.00000000 0.91421385 0.40523207
vn 0.00000000 -0.36105932 0.93254285
vn -0.00000000 0.36105932 0.93254285
vn -0.41450954 -0.88902800 -0.19445066
vn -0.16779624 -0.78991776 -0.58980874
vn -0.14429926 -0.96909511 -0.20008095
vn 0.41450954 -0.88902800 -0.19445066
vn 0.16779624 -0.78991776 -0.58980874
vn 0.14429926 -0.96909511 -0.20008095
vn 0.00000000 -0.91421385 -0.40523207
vn -0.41450954 0.88902800 -0.19445066
vn -0.16779624 0.78991776 -0.58980874
vn -0.14429926 0.96909511 -0.20008095
vn 0.41450954 0.88902800 -0.19445066
vn 0.16779624 0.78991776 -0.58980874
vn 0.14429926 0.96909511 -0.20008095
vn -0.00000000 0.91421385 -0.40523207
vn 0.00000000 -0.36105932 -0.93254285
vn -0.00000000 0.36105932 -0.93254285
vn 0.66747157 0.73442237 -0.12290437
vn 0.88899355 0.28863610 -0.35549919
vn 0.58496424 0.73454584 -0.34388844
vn 0.66747157 -0.73442237 -0.12290437
vn 0.88899355 -0.28863610 -0.35549919
vn 0.58496424 -0.73454584 -0.34388844
vn 0.29588994 -0.53855801 -0.78892612
vn 0.77230691 -0.18835644 -0.60668269
vn 0.46073816 -0.67410907 -0.57731907
vn 0.32542389 -0.20146805 -0.92385600
vn 0.71779155 -0.49288922 -0.49176774
vn 0.29588994 0.53855801 -0.78892612
vn 0.77230691 0.18835644 -0.60668269
vn 0.46073816 0.67410907 -0.57731907
vn 0.32542389 0.20146805 -0.92385600
vn 0.71779155 0.49288922 -0.49176774
vn 0.60228226 -0.00000000 -0.79828320
vn 0.66747157 0.73442237 0.12290437
vn 0.88899355 0.28863610 0.35549919
vn 0.58496424 0.73454584 0.34388844
vn 0.83654733 0.54789467 0.00000000
vn 0.66747157 -0.73442237 0.12290437
vn 0.88899355 -0.28863610 0.35549919
vn 0.58496424 -0.73454584 0.34388844
vn 0.83654733 -0.54789467 0.00000000
vn 0.29588994 -0.53855801 0.78892612
vn 0.77230691 -0.18835644 0.60668269
vn 0.46073816 -0.67410907 0.57731907
vn 0.32542389 -0.20146805 0.92385600
vn 0.71779155 -0.49288922 0.49176774
vn 0.29588994 0.53855801 0.78892612
vn 0.77230691 0.18835644 0.60668269
vn 0.46073816 0.67410907 0.57731907
vn 0.32542389 0.20146805 0.92385600
vn 0.71779155 0.49288922 0.49176774
vn 0.60228226 -0.00000000 0.79828320
vn 0.97472692 0.00000000 -0.22339973
vn 0.97472692 -0.00000000 0.22339973
vn 0.94895925 0.29084457 -0.12200727
vn 0.94895925 -0.29084457 -0.12200727
vn 0.94895925 0.29084457 0.12200727
vn 0.94895925 -0.29084457 0.12200727
vn -0.66747157 0.73442237 -0.12290437
vn -0.88899355 0.28863610 -0.35549919
vn -0.58496424 0.73454584 -0.34388844
vn -0.66747157 -0.73442237 -0.12290437
vn -0.88899355 -0.28863610 -0.35549919
vn -0.58496424 -0.73454584 -0.34388844
vn -0.29588994 -0.53855801 -0.78892612
vn -0.77230691 -0.18835644 -0.60668269
vn -0.46073816 -0.67410907 -0.57731907
vn -0.32542389 -0.20146805 -0.92385600
vn -0.71779155 -0.49288922 -0.49176774
vn -0.29588994 0.53855801 -0.78892612
vn -0.77230691 0.18835644 -0.60668269
vn -0.46073816 0.67410907 -0.57731907
vn -0.32542389 0.20146805 -0.92385600
vn -0.71779155 0.49288922 -0.49176774
vn -0.60228226 -0.00000000 -0.79828320
vn -0.66747157 0.73442237 0.12290437
vn -0.88899355 0.28863610 0.35549919
vn -0.58496424 0.73454584 0.34388844
vn -0.83654733 0.54789467 0.00000000
vn -0.66747157 -0.73442237 0.12290437
vn -0.88899355 -0.28863610 0.35549919
vn -0.58496424 -0.73454584 0.34388844
vn -0.83654733 -0.54789467 0.00000000
vn -0.29588994 -0.53855801 0.78892612
vn -0.77230691 -0.18835644 0.60668269
vn -0.46073816 -0.67410907 0.57731907
vn -0.32542389 -0.20146805 0.92385600
vn -0.71779155 -0.49288922 0.49176774
vn -0.29588994 0.53855801 0.78892612
vn -0.77230691 0.18835644 0.60668269
vn -0.46073816 0.67410907 0.57731907
vn -0.32542389 0.20146805 0.92385600
vn -0.71779155 0.49288922 0.49176774
vn -0.60228226 -0.00000000 0.79828320
vn -0.97472692 0.00000000 -0.22339973
vn -0.97472692 -0.00000000 0.22339973
vn -0.94895925 0.29084457 -0.12200727
vn -0.94895925 -0.29084457 -0.12200727
vn -0.94895925 0.29084457 0.12200727
vn -0.94895925 -0.29084457 0.12200727
vn -0.49587181 0.86839573 -0.00000000
vn 0.49587181 0.86839573 0.00000000
vn -0.49587181 -0.86839573 -0.00000000
vn 0.49587181 -0.86839573 -0.00000000
vn 0.00000000 -0.64263034 0.76617638
vn 0.00000000 0.64263034 0.76617638
vn 0.00000000 -0.64263034 -0.76617638
vn 0.00000000 0.64263034 -0.76617638
vn 0.89706876 0.00000000 -0.44189099
vn 0.89706876 0.00000000 0.44189099
vn -0.89706876 0.00000000 -0.44189099
vn -0.89706876 -0.00000000 0.44189099
vn 0.00000000 1.00000000 -0.00000000
vn -0.00000000 -1.00000000 -0.00000000
vn -0.30654015 -0.86684955 0.39319842
vn 0.30654015 -0.86684955 0.39319842
vn -0.30654015 0.86684955 0.39319842
vn 0.30654015 0.86684955 0.39319842
vn -0.00000000 0.00000000 1.00000000
vn -0.30654015 -0.86684955 -0.39319842
vn 0.30654015 -0.86684955 -0.39319842
vn -0.30654015 0.86684955 -0.39319842
vn 0.30654015 0.86684955 -0.39319842
vn 0.00000000 0.00000000 -1.00000000
vn 0.80550076 0.53968697 -0.24475805
vn 0.80550076 -0.53968697 -0.24475805
vn 0.56677669 -0.37764755 -0.73222026
vn 0.56677669 0.37764755 -0.73222026
vn 0.80550076 0.53968697 0.24475805
vn 0.80550076 -0.53968697 0.24475805
vn 0.56677669 -0.37764755 0.73222026
vn 0.56677669 0.37764755 0.73222026
vn 1.00000000 -0.00000000 0.00000000
vn -0.80550076 0.53968697 -0.24475805
vn -0.80550076 -0.53968697 -0.24475805
vn -0.56677669 -0.37764755 -0.73222026
vn -0.56677669 0.37764755 -0.73222026
vn -0.80550076 0.53968697 0.24475805
vn -0.80550076 -0.53968697 0.24475805
vn -0.56677669 -0.37764755 0.73222026
vn -0.56677669 0.37764755 0.73222026
vn -1.00000000 0.00000000 0.00000000
vn -0.25456792 0.96705490 -0.00000000
vn 0.25456792 0.96705490 -0.00000000
vn -0.25456792 -0.96705490 -0.00000000
vn 0.25456792 -0.96705490 -0.00000000
vn -0.41450954 -0.88902800 0.19445066
vn -0.16779624 -0.78991776 0.58980874
vn -0.14429926 -0.96909511 0.20008095
vn 0.41450954 -0.88902800 0.19445066
vn 0.16779624 -0.78991776 0.58980874
vn 0.14429926 -0.96909511 0.20008095
vn 0.00000000 -0.91421385 0.40523207
vn -0.41450954 0.88902800 0.19445066
vn -0.16779624 0.78991776 0.58980874
vn -0.14429926 0.96909511 0.20008095
vn 0.41450954 0.88902800 0.19445066
vn 0.16779624 0.78991776 0.58980874
vn 0.14429926 0.96909511 0.20008095
vn -0.00000000 0.91421385 0.40523207
vn 0.00000000 -0.36105932 0.93254285
vn -0.00000000 0.36105932 0.93254285
vn -0.41450954 -0.88902800 -0.19445066
vn -0.16779624 -0.78991776 -0.58980874
vn -0.14429926 -0.96909511 -0.20008095
vn 0.41450954 -0.88902800 -0.19445066
vn 0.16779624 -0.78991776 -0.58980874
vn 0.14429926 -0.96909511 -0.20008095
vn 0.00000000 -0.91421385 -0.40523207
vn -0.41450954 0.88902800 -0.19445066
vn -0.16779624 0.78991776 -0.58980874
vn -0.14429926 0.96909511 -0.20008095
vn 0.41450954 0.88902800 -0.19445066
vn 0.16779624 0.78991776 -0.58980874
vn 0.14429926 0.96909511 -0.20008095
vn -0.00000000 0.91421385 -0.40523207
vn 0.00000000 -0.36105932 -0.93254285
vn -0.00000000 0.36105932 -0.93254285
vn 0.66747157 0.73442237 -0.12290437
vn 0.88899355 0.28863610 -0.35549919
vn 0.58496424 0.73454584 -0.34388844
vn 0.66747157 -0.73442237 -0.12290437
vn 0.88899355 -0.28863610 -0.35549919
vn 0.58496424 -0.73454584 -0.34388844
vn 0.29588994 -0.53855801 -0.78892612
vn 0.77230691 -0.18835644 -0.60668269
vn 0.46073816 -0.67410907 -0.57731907
vn 0.32542389 -0.20146805 -0.92385600
vn 0.71779155 -0.49288922 -0.49176774
vn 0.29588994 0.53855801 -0.78892612
vn 0.77230691 0.18835644 -0.60668269
vn 0.46073816 0.67410907 -0.57731907
vn 0.32542389 0.20146805 -0.92385600
vn 0.71779155 0.49288922 -0.49176774
vn 0.60228226 -0.00000000 -0.79828320
vn 0.66747157 0.73442237 0.12290437
vn 0.88899355 0.28863610 0.35549919
vn 0.58496424 0.73454584 0.34388844
vn 0.83654733 0.54789467 0.00000000
vn 0.66747157 -0.73442237 0.12290437
vn 0.88899355 -0.28863610 0.35549919
vn 0.58496424 -0.73454584 0.34388844
vn 0.83654733 -0.54789467 0.00000000
vn 0.29588994 -0.53855801 0.78892612
vn 0.77230691 -0.18835644 0.60668269
vn 0.46073816 -0.67410907 0.57731907
vn 0.32542389 -0.20146805 0.92385600
vn 0.71779155 -0.49288922 0.49176774
vn 0.29588994 0.53855801 0.78892612
vn 0.77230691 0.18835644 0.60668269
vn 0.46073816 0.67410907 0.57731907
vn 0.32542389 0.20146805 0.92385600
vn 0.71779155 0.49288922 0.49176774
vn 0.60228226 -0.00000000 0.79828320
vn 0.97472692 -0.00000000 -0.22339973
vn 0.97472692 0.00000000 0.22339973
vn 0.94895925 0.29084457 -0.12200727
vn 0.94895925 -0.29084457 -0.12200727
vn 0.94895925 0.29084457 0.12200727
vn 0.94895925 -0.29084457 0.12200727
vn -0.66747157 0.73442237 -0.12290437
vn -0.88899355 0.28863610 -0.35549919
vn -0.58496424 0.73454584 -0.34388844
vn -0.66747157 -0.73442237 -0.12290437
vn -0.88899355 -0.28863610 -0.35549919
vn -0.58496424 -0.73454584 -0.34388844
vn -0.29588994 -0.53855801 -0.78892612
vn -0.77230691 -0.18835644 -0.60668269
vn -0.46073816 -0.67410907 -0.57731907
vn -0.32542389 -0.20146805 -0.92385600
vn -0.71779155 -0.49288922 -0.49176774
vn -0.29588994 0.53855801 -0.78892612
vn -0.77230691 0.18835644 -0.60668269
vn -0.46073816 0.67410907 -0.57731907
vn -0.32542389 0.20146805 -0.92385600
vn -0.71779155 0.49288922 -0.49176774
vn -0.60228226 -0.00000000 -0.79828320
vn -0.66747157 0.73442237 0.12290437
vn -0.88899355 0.28863610 0.35549919
vn -0.58496424 0.73454584 0.34388844
vn -0.83654733 0.54789467 0.00000000
vn -0.66747157 -0.73442237 0.12290437
vn -0.88899355 -0.28863610 0.35549919
vn -0.58496424 -0.73454584 0.34388844
vn -0.83654733 -0.54789467 0.00000000
vn -0.29588994 -0.53855801 0.78892612
vn -0.77230691 -0.18835644 0.60668269
vn -0.46073816 -0.67410907 0.57731907
vn -0.32542389 -0.20146805 0.92385600
vn -0.71779155 -0.49288922 0.49176774
vn -0.29588994 0.53855801 0.78892612
vn -0.77230691 0.18835644 0.60668269
vn -0.46073816 0.67410907 0.57731907
vn -0.32542389 0.20146805 0.92385600
vn -0.71779155 0.49288922 0.49176774
vn -0.60228226 -0.00000000 0.79828320
vn -0.97472692 0.00000000 -0.22339973
vn -0.97472692 0.00000000 0.22339973
vn -0.94895925 0.29084457 -0.12200727
vn -0.94895925 -0.29084457 -0.12200727
vn -0.94895925 0.29084457 0.12200727
vn -0.94895925 -0.29084457 0.12200727
vn -0.57735027 -0.57735027 -0.57735027
vn -0.57735027 -0.57735027 0.57735027
vn -0.57735027 0.57735027 -0.57735027
vn -0.57735027 0.57735027 0.57735027
vn 0.57735027 -0.57735027 -0.57735027
vn 0.57735027 -0.57735027 0.57735027
vn 0.57735027 0.57735027 -0.57735027
vn 0.57735027 0.57735027 0.57735027
f 1//1 138//138 54//54
f 138//138 38//38 140//140
f 54//54 140//140 17//17
f 138//138 140//140 54//54
f 38//38 139//139 155//155
f 139//139 12//12 152//152
f 155//155 152//152 41//41
f 139//139 152//152 155//155
f 17//17 153//153 55//55
f 153//153 41//41 151//151
f 55//55 151//151 6//6
f 153//153 151//151 55//55
f 38//38 155//155 140//140
f 155//155 41//41 153//153
f 140//140 153//153 17//17
f 155//155 153//153 140//140
f 1//1 54//54 43//43
f 54//54 17//17 56//56
f 43//43 56//56 13//13
f 54//54 56//56 43//43
f 17//17 55//55 60//60
f 55//55 6//6 58//58
f 60//60 58//58 18//18
f 55//55 58//58 60//60
f 13//13 59//59 44//44
f 59//59 18//18 57//57
f 44//44 57//57 2//2
f 59//59 57//57 44//44
f 17//17 60//60 56//56
f 60//60 18//18 59//59
f 56//56 59//59 13//13
f 60//60 59//59 56//56
f 1//1 43//43 70//70
f 43//43 13//13 72//72
f 70//70 72//72 22//22
f 43//43 72//72 70//70
f 13//13 44//44 75//75
f 44//44 2//2 73//73
f 75//75 73//73 23//23
f 44//44 73//73 75//75
f 22//22 76//76 71//71
f 76//76 23//23 74//74
f 71//71 74//74 8//8
f 76//76 74//74 71//71
f 13//13 75//75 72//72
f 75//75 23//23 76//76
f 72//72 76//76 22//22
f 75//75 76//76 72//72
f 1//1 70//70 121//121
f 70//70 22//22 123//123
f 121//121 123//123 34//34
f 70//70 123//123 121//121
f 22//22 71//71 134//134
f 71//71 8//8 132//132
f 134//134 132//132 37//37
f 71//71 132//132 134//134
f 34//34 136//136 122//122
f 136//136 37//37 133//133
f 122//122 133//133 11//11
f 136//136 133//133 122//122
f 22//22 134//134 123//123
f 134//134 37//37 136//136
f 123//123 136//136 34//34
f 134//134 136//136 123//123
f 1//1 121//121 138//138
f 121//121 34//34 141//141
f 138//138 141//141 38//38
f 121//121 141//141 138//138
f 34//34 122//122 159//159
f 122//122 11//11 157//157
f 159//159 157//157 42//42
f 122//122 157//157 159//159
f 38//38 161//161 139//139
f 161//161 42//42 158//158
f 139//139 158//158 12//12
f 161//161 158//158 139//139
f 34//34 159//159 141//141
f 159//159 42//42 161//161
f 141//141 161//161 38//38
f 159//159 161//161 141//141
f 2//2 57//57 96//96
f 57//57 18//18 98//98
f 96//96 98//98 29//29
f 57//57 98//98 96//96
f 18//18 58//58 111//111
f 58//58 6//6 109//109
f 111//111 109//109 32//32
f 58//58 109//109 111//111
f 29//29 113//113 97//97
f 113//113 32//32 110//110
f 97//97 110//110 10//10
f 113//113 110//110 97//97
f 18//18 111//111 98//98
f 111//111 32//32 113//113
f 98//98 113//113 29//29
f 111//111 113//113 98//98
f 6//6 151//151 62//62
f 151//151 41//41 154//154
f 62//62 154//154 19//19
f 151//151 154//154 62//62
f 41//41 152//152 156//156
f 152//152 12//12 147//147
f 156//156 147//147 40//40
f 152//152 147//147 156//156
f 19//19 149//149 61//61
f 149//149 40//40 146//146
f 61//61 146//146 5//5
f 149//149 146//146 61//61
f 41//41 156//156 154//154
f 156//156 40//40 149//149
f 154//154 149//149 19//19
f 156//156 149//149 154//154
f 12//12 158//158 143//143
f 158//158 42//42 162//162
f 143//143 162//162 39//39
f 158//158 162//162 143//143
f 42//42 157//157 160//160
f 157//157 11//11 125//125
f 160//160 125//125 35//35
f 157//157 125//125 160//160
f 39//39 145//145 142//142
f 145//145 35//35 124//124
f 142//142 124//124 3//3
f 145//145 124//124 142//142
f 42//42 160//160 162//162
f 160//160 35//35 145//145
f 162//162 145//145 39//39
f 160//160 145//145 162//162
f 11//11 133//133 128//128
f 133//133 37//37 137//137
f 128//128 137//137 36//36
f 133//133 137//137 128//128
f 37//37 132//132 135//135
f 132//132 8//8 78//78
f 135//135 78//78 24//24
f 132//132 78//78 135//135
f 36//36 130//130 127//127
f 130//130 24//24 77//77
f 127//127 77//77 7//7
f 130//130 77//77 127//127
f 37//37 135//135 137//137
f 135//135 24//24 130//130
f 137//137 130//130 36//36
f 135//135 130//130 137//137
f 8//8 74//74 90//90
f 74//74 23//23 92//92
f 90//90 92//92 28//28
f 74//74 92//92 90//90
f 23//23 73//73 81//81
f 73//73 2//2 79//79
f 81//81 79//79 25//25
f 73//73 79//79 81//81
f 28//28 94//94 91//91
f 94//94 25//25 80//80
f 91//91 80//80 9//9
f 94//94 80//80 91//91
f 23//23 81//81 92//92
f 81//81 25//25 94//94
f 92//92 94//94 28//28
f 81//81 94//94 92//92
f 4//4 100//100 50//50
f 100//100 30//30 102//102
f 50//50 102//102 16//16
f 100//100 102//102 50//50
f 30//30 101//101 108//108
f 101//101 10//10 105//105
f 108//108 105//105 31//31
f 101//101 105//105 108//108
f 16//16 106//106 51//51
f 106//106 31//31 104//104
f 51//51 104//104 5//5
f 106//106 104//104 51//51
f 30//30 108//108 102//102
f 108//108 31//31 106//106
f 102//102 106//106 16//16
f 108//108 106//106 102//102
f 4//4 50//50 46//46
f 50//50 16//16 52//52
f 46//46 52//52 14//14
f 50//50 52//52 46//46
f 16//16 51//51 53//53
f 51//51 5//5 48//48
f 53//53 48//48 15//15
f 51//51 48//48 53//53
f 14//14 49//49 45//45
f 49//49 15//15 47//47
f 45//45 47//47 3//3
f 49//49 47//47 45//45
f 16//16 53//53 52//52
f 53//53 15//15 49//49
f 52//52 49//49 14//14
f 53//53 49//49 52//52
f 4//4 46//46 66//66
f 46//46 14//14 68//68
f 66//66 68//68 21//21
f 46//46 68//68 66//66
f 14//14 45//45 65//65
f 45//45 3//3 63//63
f 65//65 63//63 20//20
f 45//45 63//63 65//65
f 21//21 69//69 67//67
f 69//69 20//20 64//64
f 67//67 64//64 7//7
f 69//69 64//64 67//67
f 14//14 65//65 68//68
f 65//65 20//20 69//69
f 68//68 69//69 21//21
f 65//65 69//69 68//68
f 4//4 66//66 82//82
f 66//66 21//21 84//84
f 82//82 84//84 26//26
f 66//66 84//84 82//82
f 21//21 67//67 87//87
f 67//67 7//7 85//85
f 87//87 85//85 27//27
f 67//67 85//85 87//87
f 26//26 89//89 83//83
f 89//89 27//27 86//86
f 83//83 86//86 9//9
f 89//89 86//86 83//83
f 21//21 87//87 84//84
f 87//87 27//27 89//89
f 84//84 89//89 26//26
f 87//87 89//89 84//84
f 4//4 82//82 100//100
f 82//82 26//26 103//103
f 100//100 103//103 30//30
f 82//82 103//103 100//100
f 26//26 83//83 118//118
f 83//83 9//9 115//115
f 118//118 115//115 33//33
f 83//83 115//115 118//118
f 30//30 120//120 101//101
f 120//120 33//33 116//116
f 101//101 116//116 10//10
f 120//120 116//116 101//101
f 26//26 118//118 103//103
f 118//118 33//33 120//120
f 103//103 120//120 30//30
f 118//118 120//120 103//103
f 5//5 104//104 61//61
f 104//104 31//31 107//107
f 61//61 107//107 19//19
f 104//104 107//107 61//61
f 31//31 105//105 114//114
f 105//105 10//10 110//110
f 114//114 110//110 32//32
f 105//105 110//110 114//114
f 19//19 112//112 62//62
f 112//112 32//32 109//109
f 62//62 109//109 6//6
f 112//112 109//109 62//62
f 31//31 114//114 107//107
f 114//114 32//32 112//112
f 107//107 112//112 19//19
f 114//114 112//112 107//107
f 3//3 47//47 142//142
f 47//47 15//15 144//144
f 142//142 144//144 39//39
f 47//47 144//144 142//142
f 15//15 48//48 148//148
f 48//48 5//5 146//146
f 148//148 146//146 40//40
f 48//48 146//146 148//148
f 39//39 150//150 143//143
f 150//150 40//40 147//147
f 143//143 147//147 12//12
f 150//150 147//147 143//143
f 15//15 148//148 144//144
f 148//148 40//40 150//150
f 144//144 150//150 39//39
f 148//148 150//150 144//144
f 7//7 64//64 127//127
f 64//64 20//20 129//129
f 127//127 129//129 36//36
f 64//64 129//129 127//127
f 20//20 63//63 126//126
f 63//63 3//3 124//124
f 126//126 124//124 35//35
f 63//63 124//124 126//126
f 36//36 131//131 128//128
f 131//131 35//35 125//125
f 128//128 125//125 11//11
f 131//131 125//125 128//128
f 20//20 126//126 129//129
f 126//126 35//35 131//131
f 129//129 131//131 36//36
f 126//126 131//131 129//129
f 9//9 86//86 91//91
f 86//86 27//27 95//95
f 91//91 95//95 28//28
f 86//86 95//95 91//91
f 27//27 85//85 88//88
f 85//85 7//7 77//77
f 88//88 77//77 24//24
f 85//85 77//77 88//88
f 28//28 93//93 90//90
f 93//93 24//24 78//78
f 90//90 78//78 8//8
f 93//93 78//78 90//90
f 27//27 88//88 95//95
f 88//88 24//24 93//93
f 95//95 93//93 28//28
f 88//88 93//93 95//95
f 10//10 116//116 97//97
f 116//116 33//33 119//119
f 97//97 119//119 29//29
f 116//116 119//119 97//97
f 33//33 115//115 117//117
f 115//115 9//9 80//80
f 117//117 80//80 25//25
f 115//115 80//80 117//117
f 29//29 99//99 96//96
f 99//99 25//25 79//79
f 96//96 79//79 2//2
f 99//99 79//79 96//96
f 33//33 117//117 119//119
f 117//117 25//25 99//99
f 119//119 99//99 29//29
f 117//117 99//99 119//119
f 163//163 300//300 216//216
f 300//300 200//200 302//302
f 216//216 302//302 179//179
f 300//300 302//302 216//216
f 200//200 301//301 317//317
f 301//301 174//174 314//314
f 317//317 314//314 203//203
f 301//301 314//314 317//317
f 179//179 315//315 217//217
f 315//315 203//203 313//313
f 217//217 313//313 168//168
f 315//315 313//313 217//217
f 200//200 317//317 302//302
f 317//317 203//203 315//315
f 302//302 315//315 179//179
f 317//317 315//315 302//302
f 163//163 216//216 205//205
f 216//216 179//179 218//218
f 205//205 218//218 175//175
f 216//216 218//218 205//205
f 179//179 217//217 222//222
f 217//217 168//168 220//220
f 222//222 220//220 180//180
f 217//217 220//220 222//222
f 175//175 221//221 206//206
f 221//221 180//180 219//219
f 206//206 219//219 164//164
f 221//221 219//219 206//206
f 179//179 222//222 218//218
f 222//222 180//180 221//221
f 218//218 221//221 175//175
f 222//222 221//221 218//218
f 163//163 205//205 232//232
f 205//205 175//175 234//234
f 232//232 234//234 184//184
f 205//205 234//234 232//232
f 175//175 206//206 237//237
f 206//206 164//164 235//235
f 237//237 235//235 185//185
f 206//206 235//235 237//237
f 184//184 238//238 233//233
f 238//238 185//185 236//236
f 233//233 236//236 170//170
f 238//238 236//236 233//233
f 175//175 237//237 234//234
f 237//237 185//185 238//238
f 234//234 238//238 184//184
f 237//237 238//238 234//234
f 163//163 232//232 283//283
f 232//232 184//184 285//285
f 283//283 285//285 196//196
f 232//232 285//285 283//283
f 184//184 233//233 296//296
f 233//233 170//170 294//294
f 296//296 294//294 199//199
f 233//233 294//294 296//296
f 196//196 298//298 284//284
f 298//298 199//199 295//295
f 284//284 295//295 173//173
f 298//298 295//295 284//284
f 184//184 296//296 285//285
f 296//296 199//199 298//298
f 285//285 298//298 196//196
f 296//296 298//298 285//285
f 163//163 283//283 300//300
f 283//283 196//196 303//303
f 300//300 303//303 200//200
f 283//283 303//303 300//300
f 196//196 284//284 321//321
f 284//284 173//173 319//319
f 321//321 319//319 204//204
f 284//284 319//319 321//321
f 200//200 323//323 301//301
f 323//323 204//204 320//320
f 301//301 320//320 174//174
f 323//323 320//320 301//301
f 196//196 321//321 303//303
f 321//321 204//204 323//323
f 303//303 323//323 200//200
f 321//321 323//323 303//303
f 164//164 219//219 258//258
f 219//219 180//180 260//260
f 258//258 260//260 191//191
f 219//219 260//260 258//258
f 180//180 220//220 273//273
f 220//220 168//168 271//271
f 273//273 271//271 194//194
f 220//220 271//271 273//273
f 191//191 275//275 259//259
f 275//275 194//194 272//272
f 259//259 272//272 172//172
f 275//275 272//272 259//259
f 180//180 273//273 260//260
f 273//273 194//194 275//275
f 260//260 275//275 191//191
f 273//273 275//275 260//260
f 168//168 313//313 224//224
f 313//313 203//203 316//316
f 224//224 316//316 181//181
f 313//313 316//316 224//224
f 203//203 314//314 318//318
f 314//314 174//174 309//309
f 318//318 309//309 202//202
f 314//314 309//309 318//318
f 181//181 311//311 223//223
f 311//311 202//202 308//308
f 223//223 308//308 167//167
f 311//311 308//308 223//223
f 203//203 318//318 316//316
f 318//318 202//202 311//311
f 316//316 311//311 181//181
f 318//318 311//311 316//316
f 174//174 320//320 305//305
f 320//320 204//204 324//324
f 305//305 324//324 201//201
f 320//320 324//324 305//305
f 204//204 319//319 322//322
f 319//319 173//173 287//287
f 322//322 287//287 197//197
f 319//319 287//287 322//322
f 201//201 307//307 304//304
f 307//307 197//197 286//286
f 304//304 286//286 165//165
f 307//307 286//286 304//304
f 204//204 322//322 324//324
f 322//322 197//197 307//307
f 324//324 307//307 201//201
f 322//322 307//307 324//324
f 173//173 295//295 290//290
f 295//295 199//199 299//299
f 290//290 299//299 198//198
f 295//295 299//299 290//290
f 199//199 294//294 297//297
f 294//294 170//170 240//240
f 297//297 240//240 186//186
f 294//294 240//240 297//297
f 198//198 292//292 289//289
f 292//292 186//186 239//239
f 289//289 239//239 169//169
f 292//292 239//239 289//289
f 199//199 297//297 299//299
f 297//297 186//186 292//292
f 299//299 292//292 198//198
f 297//297 292//292 299//299
f 170//170 236//236 252//252
f 236//236 185//185 254//254
f 252//252 254//254 190//190
f 236//236 254//254 252//252
f 185//185 235//235 243//243
f 235//235 164//164 241//241
f 243//243 241//241 187//187
f 235//235 241//241 243//243
f 190//190 256//256 253//253
f 256//256 187//187 242//242
f 253//253 242//242 171//171
f 256//256 242//242 253//253
f 185//185 243//243 254//254
f 243//243 187//187 256//256
f 254//254 256//256 190//190
f 243//243 256//256 254//254
f 166//166 262//262 212//212
f 262//262 192//192 264//264
f 212//212 264//264 178//178
f 262//262 264//264 212//212
f 192//192 263//263 270//270
f 263//263 172//172 267//267
f 270//270 267//267 193//193
f 263//263 267//267 270//270
f 178//178 268//268 213//213
f 268//268 193//193 266//266
f 213//213 266//266 167//167
f 268//268 266//266 213//213
f 192//192 270//270 264//264
f 270//270 193//193 268//268
f 264//264 268//268 178//178
f 270//270 268//268 264//264
f 166//166 212//212 208//208
f 212//212 178//178 214//214
f 208//208 214//214 176//176
f 212//212 214//214 208//208
f 178//178 213//213 215//215
f 213//213 167//167 210//210
f 215//215 210//210 177//177
f 213//213 210//210 215//215
f 176//176 211//211 207//207
f 211//211 177//177 209//209
f 207//207 209//209 165//165
f 211//211 209//209 207//207
f 178//178 215//215 214//214
f 215//215 177//177 211//211
f 214//214 211//211 176//176
f 215//215 211//211 214//214
f 166//166 208//208 228//228
f 208//208 176//176 230//230
f 228//228 230//230 183//183
f 208//208 230//230 228//228
f 176//176 207//207 227//227
f 207//207 165//165 225//225
f 227//227 225//225 182//182
f 207//207 225//225 227//227
f 183//183 231//231 229//229
f 231//231 182//182 226//226
f 229//229 226//226 169//169
f 231//231 226//226 229//229
f 176//176 227//227 230//230
f 227//227 182//182 231//231
f 230//230 231//231 183//183
f 227//227 231//231 230//230
f 166//166 228//228 244//244
f 228//228 183//183 246//246
f 244//244 246//246 188//188
f 228//228 246//246 244//244
f 183//183 229//229 249//249
f 229//229 169//169 247//247
f 249//249 247//247 189//189
f 229//229 247//247 249//249
f 188//188 251//251 245//245
f 251//251 189//189 248//248
f 245//245 248//248 171//171
f 251//251 248//248 245//245
f 183//183 249//249 246//246
f 249//249 189//189 251//251
f 246//246 251//251 188//188
f 249//249 251//251 246//246
f 166//166 244//244 262//262
f 244//244 188//188 265//265
f 262//262 265//265 192//192
f 244//244 265//265 262//262
f 188//188 245//245 280//280
f 245//245 171//171 277//277
f 280//280 277//277 195//195
f 245//245 277//277 280//280
f 192//192 282//282 263//263
f 282//282 195//195 278//278
f 263//263 278//278 172//172
f 282//282 278//278 263//263
f 188//188 280//280 265//265
f 280//280 195//195 282//282
f 265//265 282//282 192//192
f 280//280 282//282 265//265
f 167//167 266//266 223//223
f 266//266 193//193 269//269
f 223//223 269//269 181//181
f 266//266 269//269 223//223
f 193//193 267//267 276//276
f 267//267 172//172 272//272
f 276//276 272//272 194//194
f 267//267 272//272 276//276
f 181//181 274//274 224//224
f 274//274 194//194 271//271
f 224//224 271//271 168//168
f 274//274 271//271 224//224
f 193//193 276//276 269//269
f 276//276 194//194 274//274
f 269//269 274//274 181//181
f 276//276 274//274 269//269
f 165//165 209//209 304//304
f 209//209 177//177 306//306
f 304//304 306//306 201//201
f 209//209 306//306 304//304
f 177//177 210//210 310//310
f 210//210 167//167 308//308
f 310//310 308//308 202//202
f 210//210 308//308 310//310
f 201//201 312//312 305//305
f 312//312 202//202 309//309
f 305//305 309//309 174//174
f 312//312 309//309 305//305
f 177//177 310//310 306//306
f 310//310 202//202 312//312
f 306//306 312//312 201//201
f 310//310 312//312 306//306
f 169//169 226//226 289//289
f 226//226 182//182 291//291
f 289//289 291//291 198//198
f 226//226 291//291 289//289
f 182//182 225//225 288//288
f 225//225 165//165 286//286
f 288//288 286//286 197//197
f 225//225 286//286 288//288
f 198//198 293//293 290//290
f 293//293 197//197 287//287
f 290//290 287//287 173//173
f 293//293 287//287 290//290
f 182//182 288//288 291//291
f 288//288 197//197 293//293
f 291//291 293//293 198//198
f 288//288 293//293 291//291
f 171//171 248//248 253//253
f 248//248 189//189 257//257
f 253//253 257//257 190//190
f 248//248 257//257 253//253
f 189//189 247//247 250//250
f 247//247 169//169 239//239
f 250//250 239//239 186//186
f 247//247 239//239 250//250
f 190//190 255//255 252//252
f 255//255 186//186 240//240
f 252//252 240//240 170//170
f 255//255 240//240 252//252
f 189//189 250//250 257//257
f 250//250 186//186 255//255
f 257//257 255//255 190//190
f 250//250 255//255 257//257
f 172//172 278//278 259//259
f 278//278 195//195 281//281
f 259//259 281//281 191//191
f 278//278 281//281 259//259
f 195//195 277//277 279//279
f 277//277 171//171 242//242
f 279//279 242//242 187//187
f 277//277 242//242 279//279
f 191//191 261//261 258//258
f 261//261 187//187 241//241
f 258//258 241//241 164//164
f 261//261 241//241 258//258
f 195//195 279//279 281//281
f 279//279 187//187 261//261
f 281//281 261//261 191//191
f 279//279 261//261 281//281
f 325//325 462//462 378//378
f 462//462 362//362 464//464
f 378//378 464//464 341//341
f 462//462 464//464 378//378
f 362//362 463//463 479//479
f 463//463 336//336 476//476
f 479//479 476//476 365//365
f 463//463 476//476 479//479
f 341//341 477//477 379//379
f 477//477 365//365 475//475
f 379//379 475//475 330//330
f 477//477 475//475 379//379
f 362//362 479//479 464//464
f 479//479 365//365 477//477
f 464//464 477//477 341//341
f 479//479 477//477 464//464
f 325//325 378//378 367//367
f 378//378 341//341 380//380
f 367//367 380//380 337//337
f 378//378 380//380 367//367
f 341//341 379//379 384//384
f 379//379 330//330 382//382
f 384//384 382//382 342//342
f 379//379 382//382 384//384
f 337//337 383//383 368//368
f 383//383 342//342 381//381
f 368//368 381//381 326//326
f 383//383 381//381 368//368
f 341//341 384//384 380//380
f 384//384 342//342 383//383
f 380//380 383//383 337//337
f 384//384 383//383 380//380
f 325//325 367//367 394//394
f 367//367 337//337 396//396
f 394//394 396//396 346//346
f 367//367 396//396 394//394
f 337//337 368//368 399//399
f 368//368 326//326 397//397
f 399//399 397//397 347//347
f 368//368 397//397 399//399
f 346//346 400//400 395//395
f 400//400 347//347 398//398
f 395//395 398//398 332//332
f 400//400 398//398 395//395
f 337//337 399//399 396//396
f 399//399 347//347 400//400
f 396//396 400//400 346//346
f 399//399 400//400 396//396
f 325//325 394//394 445//445
f 394//394 346//346 447//447
f 445//445 447//447 358//358
f 394//394 447//447 445//445
f 346//346 395//395 458//458
f 395//395 332//332 456//456
f 458//458 456//456 361//361
f 395//395 456//456 458//458
f 358//358 460//460 446//446
f 460//460 361//361 457//457
f 446//446 457//457 335//335
f 460//460 457//457 446//446
f 346//346 458//458 447//447
f 458//458 361//361 460//460
f 447//447 460//460 358//358
f 458//458 460//460 447//447
f 325//325 445//445 462//462
f 445//445 358//358 465//465
f 462//462 465//465 362//362
f 445//445 465//465 462//462
f 358//358 446//446 483//483
f 446//446 335//335 481//481
f 483//483 481//481 366//366
f 446//446 481//481 483//483
f 362//362 485//485 463//463
f 485//485 366//366 482//482
f 463//463 482//482 336//336
f 485//485 482//482 463//463
f 358//358 483//483 465//465
f 483//483 366//366 485//485
f 465//465 485//485 362//362
f 483//483 485//485 465//465
f 326//326 381//381 420//420
f 381//381 342//342 422//422
f 420//420 422//422 353//353
f 381//381 422//422 420//420
f 342//342 382//382 435//435
f 382//382 330//330 433//433
f 435//435 433//433 356//356
f 382//382 433//433 435//435
f 353//353 437//437 421//421
f 437//437 356//356 434//434
f 421//421 434//434 334//334
f 437//437 434//434 421//421
f 342//342 435//435 422//422
f 435//435 356//356 437//437
f 422//422 437//437 353//353
f 435//435 437//437 422//422
f 330//330 475//475 386//386
f 475//475 365//365 478//478
f 386//386 478//478 343//343
f 475//475 478//478 386//386
f 365//365 476//476 480//480
f 476//476 336//336 471//471
f 480//480 471//471 364//364
f 476//476 471//471 480//480
f 343//343 473//473 385//385
f 473//473 364//364 470//470
f 385//385 470//470 329//329
f 473//473 470//470 385//385
f 365//365 480//480 478//478
f 480//480 364//364 473//473
f 478//478 473//473 343//343
f 480//480 473//473 478//478
f 336//336 482//482 467//467
f 482//482 366//366 486//486
f 467//467 486//486 363//363
f 482//482 486//486 467//467
f 366//366 481//481 484//484
f 481//481 335//335 449//449
f 484//484 449//449 359//359
f 481//481 449//449 484//484
f 363//363 469//469 466//466
f 469//469 359//359 448//448
f 466//466 448//448 327//327
f 469//469 448//448 466//466
f 366//366 484//484 486//486
f 484//484 359//359 469//469
f 486//486 469//469 363//363
f 484//484 469//469 486//486
f 335//335 457//457 452//452
f 457//457 361//361 461//461
f 452//452 461//461 360//360
f 457//457 461//461 452//452
f 361//361 456//456 459//459
f 456//456 332//332 402//402
f 459//459 402//402 348//348
f 456//456 402//402 459//459
f 360//360 454//454 451//451
f 454//454 348//348 401//401
f 451//451 401//401 331//331
f 454//454 401//401 451//451
f 361//361 459//459 461//461
f 459//459 348//348 454//454
f 461//461 454//454 360//360
f 459//459 454//454 461//461
f 332//332 398//398 414//414
f 398//398 347//347 416//416
f 414//414 416//416 352//352
f 398//398 416//416 414//414
f 347//347 397//397 405//405
f 397//397 326//326 403//403
f 405//405 403//403 349//349
f 397//397 403//403 405//405
f 352//352 418//418 415//415
f 418//418 349//349 404//404
f 415//415 404//404 333//333
f 418//418 404//404 415//415
f 347//347 405//405 416//416
f 405//405 349//349 418//418
f 416//416 418//418 352//352
f 405//405 418//418 416//416
f 328//328 424//424 374//374
f 424//424 354//354 426//426
f 374//374 426//426 340//340
f 424//424 426//426 374//374
f 354//354 425//425 432//432
f 425//425 334//334 429//429
f 432//432 429//429 355//355
f 425//425 429//429 432//432
f 340//340 430//430 375//375
f 430//430 355//355 428//428
f 375//375 428//428 329//329
f 430//430 428//428 375//375
f 354//354 432//432 426//426
f 432//432 355//355 430//430
f 426//426 430//430 340//340
f 432//432 430//430 426//426
f 328//328 374//374 370//370
f 374//374 340//340 376//376
f 370//370 376//376 338//338
f 374//374 376//376 370//370
f 340//340 375//375 377//377
f 375//375 329//329 372//372
f 377//377 372//372 339//339
f 375//375 372//372 377//377
f 338//338 373//373 369//369
f 373//373 339//339 371//371
f 369//369 371//371 327//327
f 373//373 371//371 369//369
f 340//340 377//377 376//376
f 377//377 339//339 373//373
f 376//376 373//373 338//338
f 377//377 373//373 376//376
f 328//328 370//370 390//390
f 370//370 338//338 392//392
f 390//390 392//392 345//345
f 370//370 392//392 390//390
f 338//338 369//369 389//389
f 369//369 327//327 387//387
f 389//389 387//387 344//344
f 369//369 387//387 389//389
f 345//345 393//393 391//391
f 393//393 344//344 388//388
f 391//391 388//388 331//331
f 393//393 388//388 391//391
f 338//338 389//389 392//392
f 389//389 344//344 393//393
f 392//392 393//393 345//345
f 389//389 393//393 392//392
f 328//328 390//390 406//406
f 390//390 345//345 408//408
f 406//406 408//408 350//350
f 390//390 408//408 406//406
f 345//345 391//391 411//411
f 391//391 331//331 409//409
f 411//411 409//409 351//351
f 391//391 409//409 411//411
f 350//350 413//413 407//407
f 413//413 351//351 410//410
f 407//407 410//410 333//333
f 413//413 410//410 407//407
f 345//345 411//411 408//408
f 411//411 351//351 413//413
f 408//408 413//413 350//350
f 411//411 413//413 408//408
f 328//328 406//406 424//424
f 406//406 350//350 427//427
f 424//424 427//427 354//354
f 406//406 427//427 424//424
f 350//350 407//407 442//442
f 407//407 333//333 439//439
f 442//442 439//439 357//357
f 407//407 439//439 442//442
f 354//354 444//444 425//425
f 444//444 357//357 440//440
f 425//425 440//440 334//334
f 444//444 440//440 425//425
f 350//350 442//442 427//427
f 442//442 357//357 444//444
f 427//427 444//444 354//354
f 442//442 444//444 427//427
f 329//329 428//428 385//385
f 428//428 355//355 431//431
f 385//385 431//431 343//343
f 428//428 431//431 385//385
f 355//355 429//429 438//438
f 429//429 334//334 434//434
f 438//438 434//434 356//356
f 429//429 434//434 438//438
f 343//343 436//436 386//386
f 436//436 356//356 433//433
f 386//386 433//433 330//330
f 436//436 433//433 386//386
f 355//355 438//438 431//431
f 438//438 356//356 436//436
f 431//431 436//436 343//343
f 438//438 436//436 431//431
f 327//327 371//371 466//466
f 371//371 339//339 468//468
f 466//466 468//468 363//363
f 371//371 468//468 466//466
f 339//339 372//372 472//472
f 372//372 329//329 470//470
f 472//472 470//470 364//364
f 372//372 470//470 472//472
f 363//363 474//474 467//467
f 474//474 364//364 471//471
f 467//467 471//471 336//336
f 474//474 471//471 467//467
f 339//339 472//472 468//468
f 472//472 364//364 474//474
f 468//468 474//474 363//363
f 472//472 474//474 468//468
f 331//331 388//388 451//451
f 388//388 344//344 453//453
f 451//451 453//453 360//360
f 388//388 453//453 451//451
f 344//344 387//387 450//450
f 387//387 327//327 448//448
f 450//450 448//448 359//359
f 387//387 448//448 450//450
f 360//360 455//455 452//452
f 455//455 359//359 449//449
f 452//452 449//449 335//335
f 455//455 449//449 452//452
f 344//344 450//450 453//453
f 450//450 359//359 455//455
f 453//453 455//455 360//360
f 450//450 455//455 453//453
f 333//333 410//410 415//415
f 410//410 351//351 419//419
f 415//415 419//419 352//352
f 410//410 419//419 415//415
f 351//351 409//409 412//412
f 409//409 331//331 401//401
f 412//412 401//401 348//348
f 409//409 401//401 412//412
f 352//352 417//417 414//414
f 417//417 348//348 402//402
f 414//414 402//402 332//332
f 417//417 402//402 414//414
f 351//351 412//412 419//419
f 412//412 348//348 417//417
f 419//419 417//417 352//352
f 412//412 417//417 419//419
f 334//334 440//440 421//421
f 440//440 357//357 443//443
f 421//421 443//443 353//353
f 440//440 443//443 421//421
f 357//357 439//439 441//441
f 439//439 333//333 404//404
f 441//441 404//404 349//349
f 439//439 404//404 441//441
f 353//353 423//423 420//420
f 423//423 349//349 403//403
f 420//420 403//403 326//326
f 423//423 403//403 420//420
f 357//357 441//441 443//443
f 441//441 349//349 423//423
f 443//443 423//423 353//353
f 441//441 423//423 443//443
f 487//487 624//624 540//540
f 624//624 524//524 626//626
f 540//540 626//626 503//503
f 624//624 626//626 540//540
f 524//524 625//625 641//641
f 625//625 498//498 638//638
f 641//641 638//638 527//527
f 625//625 638//638 641//641
f 503//503 639//639 541//541
f 639//639 527//527 637//637
f 541//541 637//637 492//492
f 639//639 637//637 541//541
f 524//524 641//641 626//626
f 641//641 527//527 639//639
f 626//626 639//639 503//503
f 641//641 639//639 626//626
f 487//487 540//540 529//529
f 540//540 503//503 542//542
f 529//529 542//542 499//499
f 540//540 542//542 529//529
f 503//503 541//541 546//546
f 541//541 492//492 544//544
f 546//546 544//544 504//504
f 541//541 544//544 546//546
f 499//499 545//545 530//530
f 545//545 504//504 543//543
f 530//530 543//543 488//488
f 545//545 543//543 530//530
f 503//503 546//546 542//542
f 546//546 504//504 545//545
f 542//542 545//545 499//499
f 546//546 545//545 542//542
f 487//487 529//529 556//556
f 529//529 499//499 558//558
f 556//556 558//558 508//508
f 529//529 558//558 556//556
f 499//499 530//530 561//561
f 530//530 488//488 559//559
f 561//561 559//559 509//509
f 530//530 559//559 561//561
f 508//508 562//562 557//557
f 562//562 509//509 560//560
f 557//557 560//560 494//494
f 562//562 560//560 557//557
f 499//499 561//561 558//558
f 561//561 509//509 562//562
f 558//558 562//562 508//508
f 561//561 562//562 558//558
f 487//487 556//556 607//607
f 556//556 508//508 609//609
f 607//607 609//609 520//520
f 556//556 609//609 607//607
f 508//508 557//557 620//620
f 557//557 494//494 618//618
f 620//620 618//618 523//523
f 557//557 618//618 620//620
f 520//520 622//622 608//608
f 622//622 523//523 619//619
f 608//608 619//619 497//497
f 622//622 619//619 608//608
f 508//508 620//620 609//609
f 620//620 523//523 622//622
f 609//609 622//622 520//520
f 620//620 622//622 609//609
f 487//487 607//607 624//624
f 607//607 520//520 627//627
f 624//624 627//627 524//524
f 607//607 627//627 624//624
f 520//520 608//608 645//645
f 608//608 497//497 643//643
f 645//645 643//643 528//528
f 608//608 643//643 645//645
f 524//524 647//647 625//625
f 647//647 528//528 644//644
f 625//625 644//644 498//498
f 647//647 644//644 625//625
f 520//520 645//645 627//627
f 645//645 528//528 647//647
f 627//627 647//647 524//524
f 645//645 647//647 627//627
f 488//488 543//543 582//582
f 543//543 504//504 584//584
f 582//582 584//584 515//515
f 543//543 584//584 582//582
f 504//504 544//544 597//597
f 544//544 492//492 595//595
f 597//597 595//595 518//518
f 544//544 595//595 597//597
f 515//515 599//599 583//583
f 599//599 518//518 596//596
f 583//583 596//596 496//496
f 599//599 596//596 583//583
f 504//504 597//597 584//584
f 597//597 518//518 599//599
f 584//584 599//599 515//515
f 597//597 599//599 584//584
f 492//492 637//637 548//548
f 637//637 527//527 640//640
f 548//548 640//640 505//505
f 637//637 640//640 548//548
f 527//527 638//638 642//642
f 638//638 498//498 633//633
f 642//642 633//633 526//526
f 638//638 633//633 642//642
f 505//505 635//635 547//547
f 635//635 526//526 632//632
f 547//547 632//632 491//491
f 635//635 632//632 547//547
f 527//527 642//642 640//640
f 642//642 526//526 635//635
f 640//640 635//635 505//505
f 642//642 635//635 640//640
f 498//498 644//644 629//629
f 644//644 528//528 648//648
f 629//629 648//648 525//525
f 644//644 648//648 629//629
f 528//528 643//643 646//646
f 643//643 497//497 611//611
f 646//646 611//611 521//521
f 643//643 611//611 646//646
f 525//525 631//631 628//628
f 631//631 521//521 610//610
f 628//628 610//610 489//489
f 631//631 610//610 628//628
f 528//528 646//646 648//648
f 646//646 521//521 631//631
f 648//648 631//631 525//525
f 646//646 631//631 648//648
f 497//497 619//619 614//614
f 619//619 523//523 623//623
f 614//614 623//623 522//522
f 619//619 623//623 614//614
f 523//523 618//618 621//621
f 618//618 494//494 564//564
f 621//621 564//564 510//510
f 618//618 564//564 621//621
f 522//522 616//616 613//613
f 616//616 510//510 563//563
f 613//613 563//563 493//493
f 616//616 563//563 613//613
f 523//523 621//621 623//623
f 621//621 510//510 616//616
f 623//623 616//616 522//522
f 621//621 616//616 623//623
f 494//494 560//560 576//576
f 560//560 509//509 578//578
f 576//576 578//578 514//514
f 560//560 578//578 576//576
f 509//509 559//559 567//567
f 559//559 488//488 565//565
f 567//567 565//565 511//511
f 559//559 565//565 567//567
f 514//514 580//580 577//577
f 580//580 511//511 566//566
f 577//577 566//566 495//495
f 580//580 566//566 577//577
f 509//509 567//567 578//578
f 567//567 511//511 580//580
f 578//578 580//580 514//514
f 567//567 580//580 578//578
f 490//490 586//586 536//536
f 586//586 516//516 588//588
f 536//536 588//588 502//502
f 586//586 588//588 536//536
f 516//516 587//587 594//594
f 587//587 496//496 591//591
f 594//594 591//591 517//517
f 587//587 591//591 594//594
f 502//502 592//592 537//537
f 592//592 517//517 590//590
f 537//537 590//590 491//491
f 592//592 590//590 537//537
f 516//516 594//594 588//588
f 594//594 517//517 592//592
f 588//588 592//592 502//502
f 594//594 592//592 588//588
f 490//490 536//536 532//532
f 536//536 502//502 538//538
f 532//532 538//538 500//500
f 536//536 538//538 532//532
f 502//502 537//537 539//539
f 537//537 491//491 534//534
f 539//539 534//534 501//501
f 537//537 534//534 539//539
f 500//500 535//535 531//531
f 535//535 501//501 533//533
f 531//531 533//533 489//489
f 535//535 533//533 531//531
f 502//502 539//539 538//538
f 539//539 501//501 535//535
f 538//538 535//535 500//500
f 539//539 535//535 538//538
f 490//490 532//532 552//552
f 532//532 500//500 554//554
f 552//552 554//554 507//507
f 532//532 554//554 552//552
f 500//500 531//531 551//551
f 531//531 489//489 549//549
f 551//551 549//549 506//506
f 531//531 549//549 551//551
f 507//507 555//555 553//553
f 555//555 506//506 550//550
f 553//553 550//550 493//493
f 555//555 550//550 553//553
f 500//500 551//551 554//554
f 551//551 506//506 555//555
f 554//554 555//555 507//507
f 551//551 555//555 554//554
f 490//490 552//552 568//568
f 552//552 507//507 570//570
f 568//568 570//570 512//512
f 552//552 570//570 568//568
f 507//507 553//553 573//573
f 553//553 493//493 571//571
f 573//573 571//571 513//513
f 553//553 571//571 573//573
f 512//512 575//575 569//569
f 575//575 513//513 572//572
f 569//569 572//572 495//495
f 575//575 572//572 569//569
f 507//507 573//573 570//570
f 573//573 513//513 575//575
f 570//570 575//575 512//512
f 573//573 575//575 570//570
f 490//490 568//568 586//586
f 568//568 512//512 589//589
f 586//586 589//589 516//516
f 568//568 589//589 586//586
f 512//512 569//569 604//604
f 569//569 495//495 601//601
f 604//604 601//601 519//519
f 569//569 601//601 604//604
f 516//516 606//606 587//587
f 606//606 519//519 602//602
f 587//587 602//602 496//496
f 606//606 602//602 587//587
f 512//512 604//604 589//589
f 604//604 519//519 606//606
f 589//589 606//606 516//516
f 604//604 606//606 589//589
f 491//491 590//590 547//547
f 590//590 517//517 593//593
f 547//547 593//593 505//505
f 590//590 593//593 547//547
f 517//517 591//591 600//600
f 591//591 496//496 596//596
f 600//600 596//596 518//518
f 591//591 596//596 600//600
f 505//505 598//598 548//548
f 598//598 518//518 595//595
f 548//548 595//595 492//492
f 598//598 595//595 548//548
f 517//517 600//600 593//593
f 600//600 518//518 598//598
f 593//593 598//598 505//505
f 600//600 598//598 593//593
f 489//489 533//533 628//628
f 533//533 501//501 630//630
f 628//628 630//630 525//525
f 533//533 630//630 628//628
f 501//501 534//534 634//634
f 534//534 491//491 632//632
f 634//634 632//632 526//526
f 534//534 632//632 634//634
f 525//525 636//636 629//629
f 636//636 526//526 633//633
f 629//629 633//633 498//498
f 636//636 633//633 629//629
f 501//501 634//634 630//630
f 634//634 526//526 636//636
f 630//630 636//636 525//525
f 634//634 636//636 630//630
f 493//493 550//550 613//613
f 550//550 506//506 615//615
f 613//613 615//615 522//522
f 550//550 615//615 613//613
f 506//506 549//549 612//612
f 549//549 489//489 610//610
f 612//612 610//610 521//521
f 549//549 610//610 612//612
f 522//522 617//617 614//614
f 617//617 521//521 611//611
f 614//614 611//611 497//497
f 617//617 611//611 614//614
f 506//506 612//612 615//615
f 612//612 521//521 617//617
f 615//615 617//617 522//522
f 612//612 617//617 615//615
f 495//495 572//572 577//577
f 572//572 513//513 581//581
f 577//577 581//581 514//514
f 572//572 581//581 577//577
f 513//513 571//571 574//574
f 571//571 493//493 563//563
f 574//574 563//563 510//510
f 571//571 563//563 574//574
f 514//514 579//579 576//576
f 579//579 510//510 564//564
f 576//576 564//564 494//494
f 579//579 564//564 576//576
f 513//513 574//574 581//581
f 574//574 510//510 579//579
f 581//581 579//579 514//514
f 574//574 579//579 581//581
f 496//496 602//602 583//583
f 602//602 519//519 605//605
f 583//583 605//605 515//515
f 602//602 605//605 583//583
f 519//519 601//601 603//603
f 601//601 495//495 566//566
f 603//603 566//566 511//511
f 601//601 566//566 603//603
f 515//515 585//585 582//582
f 585//585 511//511 565//565
f 582//582 565//565 488//488
f 585//585 565//565 582//582
f 519//519 603//603 605//605
f 603//603 511//511 585//585
f 605//605 585//585 515//515
f 603//603 585//585 605//605
f 649//649 786//786 702//702
f 786//786 686//686 788//788
f 702//702 788//788 665//665
f 786//786 788//788 702//702
f 686//686 787//787 803//803
f 787//787 660//660 800//800
f 803//803 800//800 689//689
f 787//787 800//800 803//803
f 665//665 801//801 703//703
f 801//801 689//689 799//799
f 703//703 799//799 654//654
f 801//801 799//799 703//703
f 686//686 803//803 788//788
f 803//803 689//689 801//801
f 788//788 801//801 665//665
f 803//803 801//801 788//788
f 649//649 702//702 691//691
f 702//702 665//665 704//704
f 691//691 704//704 661//661
f 702//702 704//704 691//691
f 665//665 703//703 708//708
f 703//703 654//654 706//706
f 708//708 706//706 666//666
f 703//703 706//706 708//708
f 661//661 707//707 692//692
f 707//707 666//666 705//705
f 692//692 705//705 650//650
f 707//707 705//705 692//692
f 665//665 708//708 704//704
f 708//708 666//666 707//707
f 704//704 707//707 661//661
f 708//708 707//707 704//704
f 649//649 691//691 718//718
f 691//691 661//661 720//720
f 718//718 720//720 670//670
f 691//691 720//720 718//718
f 661//661 692//692 723//723
f 692//692 650//650 721//721
f 723//723 721//721 671//671
f 692//692 721//721 723//723
f 670//670 724//724 719//719
f 724//724 671//671 722//722
f 719//719 722//722 656//656
f 724//724 722//722 719//719
f 661//661 723//723 720//720
f 723//723 671//671 724//724
f 720//720 724//724 670//670
f 723//723 724//724 720//720
f 649//649 718//718 769//769
f 718//718 670//670 771//771
f 769//769 771//771 682//682
f 718//718 771//771 769//769
f 670//670 719//719 782//782
f 719//719 656//656 780//780
f 782//782 780//780 685//685
f 719//719 780//780 782//782
f 682//682 784//784 770//770
f 784//784 685//685 781//781
f 770//770 781//781 659//659
f 784//784 781//781 770//770
f 670//670 782//782 771//771
f 782//782 685//685 784//784
f 771//771 784//784 682//682
f 782//782 784//784 771//771
f 649//649 769//769 786//786
f 769//769 682//682 789//789
f 786//786 789//789 686//686
f 769//769 789//789 786//786
f 682//682 770//770 807//807
f 770//770 659//659 805//805
f 807//807 805//805 690//690
f 770//770 805//805 807//807
f 686//686 809//809 787//787
f 809//809 690//690 806//806
f 787//787 806//806 660//660
f 809//809 806//806 787//787
f 682//682 807//807 789//789
f 807//807 690//690 809//809
f 789//789 809//809 686//686
f 807//807 809//809 789//789
f 650//650 705//705 744//744
f 705//705 666//666 746//746
f 744//744 746//746 677//677
f 705//705 746//746 744//744
f 666//666 706//706 759//759
f 706//706 654//654 757//757
f 759//759 757//757 680//680
f 706//706 757//757 759//759
f 677//677 761//761 745//745
f 761//761 680//680 758//758
f 745//745 758//758 658//658
f 761//761 758//758 745//745
f 666//666 759//759 746//746
f 759//759 680//680 761//761
f 746//746 761//761 677//677
f 759//759 761//761 746//746
f 654//654 799//799 710//710
f 799//799 689//689 802//802
f 710//710 802//802 667//667
f 799//799 802//802 710//710
f 689//689 800//800 804//804
f 800//800 660//660 795//795
f 804//804 795//795 688//688
f 800//800 795//795 804//804
f 667//667 797//797 709//709
f 797//797 688//688 794//794
f 709//709 794//794 653//653
f 797//797 794//794 709//709
f 689//689 804//804 802//802
f 804//804 688//688 797//797
f 802//802 797//797 667//667
f 804//804 797//797 802//802
f 660//660 806//806 791//791
f 806//806 690//690 810//810
f 791//791 810//810 687//687
f 806//806 810//810 791//791
f 690//690 805//805 808//808
f 805//805 659//659 773//773
f 808//808 773//773 683//683
f 805//805 773//773 808//808
f 687//687 793//793 790//790
f 793//793 683//683 772//772
f 790//790 772//772 651//651
f 793//793 772//772 790//790
f 690//690 808//808 810//810
f 808//808 683//683 793//793
f 810//810 793//793 687//687
f 808//808 793//793 810//810
f 659//659 781//781 776//776
f 781//781 685//685 785//785
f 776//776 785//785 684//684
f 781//781 785//785 776//776
f 685//685 780//780 783//783
f 780//780 656//656 726//726
f 783//783 726//726 672//672
f 780//780 726//726 783//783
f 684//684 778//778 775//775
f 778//778 672//672 725//725
f 775//775 725//725 655//655
f 778//778 725//725 775//775
f 685//685 783//783 785//785
f 783//783 672//672 778//778
f 785//785 778//778 684//684
f 783//783 778//778 785//785
f 656//656 722//722 738//738
f 722//722 671//671 740//740
f 738//738 740//740 676//676
f 722//722 740//740 738//738
f 671//671 721//721 729//729
f 721//721 650//650 727//727
f 729//729 727//727 673//673
f 721//721 727//727 729//729
f 676//676 742//742 739//739
f 742//742 673//673 728//728
f 739//739 728//728 657//657
f 742//742 728//728 739//739
f 671//671 729//729 740//740
f 729//729 673//673 742//742
f 740//740 742//742 676//676
f 729//729 742//742 740//740
f 652//652 748//748 698//698
f 748//748 678//678 750//750
f 698//698 750//750 664//664
f 748//748 750//750 698//698
f 678//678 749//749 756//756
f 749//749 658//658 753//753
f 756//756 753//753 679//679
f 749//749 753//753 756//756
f 664//664 754//754 699//699
f 754//754 679//679 752//752
f 699//699 752//752 653//653
f 754//754 752//752 699//699
f 678//678 756//756 750//750
f 756//756 679//679 754//754
f 750//750 754//754 664//664
f 756//756 754//754 750//750
f 652//652 698//698 694//694
f 698//698 664//664 700//700
f 694//694 700//700 662//662
f 698//698 700//700 694//694
f 664//664 699//699 701//701
f 699//699 653//653 696//696
f 701//701 696//696 663//663
f 699//699 696//696 701//701
f 662//662 697//697 693//693
f 697//697 663//663 695//695
f 693//693 695//695 651//651
f 697//697 695//695 693//693
f 664//664 701//701 700//700
f 701//701 663//663 697//697
f 700//700 697//697 662//662
f 701//701 697//697 700//700
f 652//652 694//694 714//714
f 694//694 662//662 716//716
f 714//714 716//716 669//669
f 694//694 716//716 714//714
f 662//662 693//693 713//713
f 693//693 651//651 711//711
f 713//713 711//711 668//668
f 693//693 711//711 713//713
f 669//669 717//717 715//715
f 717//717 668//668 712//712
f 715//715 712//712 655//655
f 717//717 712//712 715//715
f 662//662 713//713 716//716
f 713//713 668//668 717//717
f 716//716 717//717 669//669
f 713//713 717//717 716//716
f 652//652 714//714 730//730
f 714//714 669//669 732//732
f 730//730 732//732 674//674
f 714//714 732//732 730//730
f 669//669 715//715 735//735
f 715//715 655//655 733//733
f 735//735 733//733 675//675
f 715//715 733//733 735//735
f 674//674 737//737 731//731
f 737//737 675//675 734//734
f 731//731 734//734 657//657
f 737//737 734//734 731//731
f 669//669 735//735 732//732
f 735//735 675//675 737//737
f 732//732 737//737 674//674
f 735//735 737//737 732//732
f 652//652 730//730 748//748
f 730//730 674//674 751//751
f 748//748 751//751 678//678
f 730//730 751//751 748//748
f 674//674 731//731 766//766
f 731//731 657//657 763//763
f 766//766 763//763 681//681
f 731//731 763//763 766//766
f 678//678 768//768 749//749
f 768//768 681//681 764//764
f 749//749 764//764 658//658
f 768//768 764//764 749//749
f 674//674 766//766 751//751
f 766//766 681//681 768//768
f 751//751 768//768 678//678
f 766//766 768//768 751//751
f 653//653 752//752 709//709
f 752//752 679//679 755//755
f 709//709 755//755 667//667
f 752//752 755//755 709//709
f 679//679 753//753 762//762
f 753//753 658//658 758//758
f 762//762 758//758 680//680
f 753//753 758//758 762//762
f 667//667 760//760 710//710
f 760//760 680//680 757//757
f 710//710 757//757 654//654
f 760//760 757//757 710//710
f 679//679 762//762 755//755
f 762//762 680//680 760//760
f 755//755 760//760 667//667
f 762//762 760//760 755//755
f 651//651 695//695 790//790
f 695//695 663//663 792//792
f 790//790 792//792 687//687
f 695//695 792//792 790//790
f 663//663 696//696 796//796
f 696//696 653//653 794//794
f 796//796 794//794 688//688
f 696//696 794//794 796//796
f 687//687 798//798 791//791
f 798//798 688//688 795//795
f 791//791 795//795 660//660
f 798//798 795//795 791//791
f 663//663 796//796 792//792
f 796//796 688//688 798//798
f 792//792 798//798 687//687
f 796//796 798//798 792//792
f 655//655 712//712 775//775
f 712//712 668//668 777//777
f 775//775 777//777 684//684
f 712//712 777//777 775//775
f 668//668 711//711 774//774
f 711//711 651//651 772//772
f 774//774 772//772 683//683
f 711//711 772//772 774//774
f 684//684 779//779 776//776
f 779//779 683//683 773//773
f 776//776 773//773 659//659
f 779//779 773//773 776//776
f 668//668 774//774 777//777
f 774//774 683//683 779//779
f 777//777 779//779 684//684
f 774//774 779//779 777//777
f 657//657 734//734 739//739
f 734//734 675//675 743//743
f 739//739 743//743 676//676
f 734//734 743//743 739//739
f 675//675 733//733 736//736
f 733//733 655//655 725//725
f 736//736 725//725 672//672
f 733//733 725//725 736//736
f 676//676 741//741 738//738
f 741//741 672//672 726//726
f 738//738 726//726 656//656
f 741//741 726//726 738//738
f 675//675 736//736 743//743
f 736//736 672//672 741//741
f 743//743 741//741 676//676
f 736//736 741//741 743//743
f 658//658 764//764 745//745
f 764//764 681//681 767//767
f 745//745 767//767 677//677
f 764//764 767//767 745//745
f 681//681 763//763 765//765
f 763//763 657//657 728//728
f 765//765 728//728 673//673
f 763//763 728//728 765//765
f 677//677 747//747 744//744
f 747//747 673//673 727//727
f 744//744 727//727 650//650
f 747//747 727//727 744//744
f 681//681 765//765 767//767
f 765//765 673//673 747//747
f 767//767 747//747 677//677
f 765//765 747//747 767//767
f 812//812 814//814 811//811
f 815//815 812//812 811//811
f 811//811 814//814 813//813
f 813//813 815//815 811//811
f 812//812 818//818 814//814
f 816//816 812//812 815//815
f 816//816 818//818 812//812
f 814//814 818//818 813//813
f 817//817 815//815 813//813
f 813//813 818//818 817//817
f 817//817 816//816 815//815
f 818//818 816//816 817//817

