# https://github.com/mikedh/trimesh
v -0.14983337 0.32295500 0.03500000
v 0.14983337 0.32295500 0.03500000
v -0.14983337 -0.21295500 0.03500000
v 0.14983337 -0.21295500 0.03500000
v 0.00000000 -0.11060530 0.27743548
v 0.00000000 0.22060530 0.27743548
v 0.00000000 -0.11060530 -0.20743548
v 0.00000000 0.22060530 -0.20743548
v 0.24243548 0.05500000 -0.11483337
v 0.24243548 0.05500000 0.18483337
v -0.24243548 0.05500000 -0.11483337
v -0.24243548 0.05500000 0.18483337
v 0.00000000 0.37000000 0.03500000
v 0.00000000 -0.26000000 0.03500000
v -0.08806984 -0.19984035 0.17750000
v 0.08806984 -0.19984035 0.17750000
v -0.08806984 0.30984035 0.17750000
v 0.08806984 0.30984035 0.17750000
v 0.00000000 0.05500000 0.32000000
v -0.08806984 -0.19984035 -0.10750000
v 0.08806984 -0.19984035 -0.10750000
v -0.08806984 0.30984035 -0.10750000
v 0.08806984 0.30984035 -0.10750000
v 0.00000000 0.05500000 -0.25000000
v 0.23056984 0.21250000 -0.05306984
v 0.23056984 -0.10250000 -0.05306984
v 0.14250000 -0.04234035 -0.19556984
v 0.14250000 0.15234035 -0.19556984
v 0.23056984 0.21250000 0.12306984
v 0.23056984 -0.10250000 0.12306984
v 0.14250000 -0.04234035 0.26556984
v 0.14250000 0.15234035 0.26556984
v 0.28500000 0.05500000 0.03500000
v -0.23056984 0.21250000 -0.05306984
v -0.23056984 -0.10250000 -0.05306984
v -0.14250000 -0.04234035 -0.19556984
v -0.14250000 0.15234035 -0.19556984
v -0.23056984 0.21250000 0.12306984
v -0.23056984 -0.10250000 0.12306984
v -0.14250000 -0.04234035 0.26556984
v -0.14250000 0.15234035 0.26556984
v -0.28500000 0.05500000 0.03500000
v -0.07788096 0.35801058 0.03500000
v 0.07788096 0.35801058 0.03500000
v -0.07788096 -0.24801058 0.03500000
v 0.07788096 -0.24801058 0.03500000
v -0.12365824 -0.21674057 0.10906920
v -0.04577728 -0.16354085 0.23508324
v -0.04630106 -0.24458280 0.10991668
v 0.12365824 -0.21674057 0.10906920
v 0.04577728 -0.16354085 0.23508324
v 0.04630106 -0.24458280 0.10991668
v 0.00000000 -0.21295500 0.18483337
v -0.12365824 0.32674057 0.10906920
v -0.04577728 0.27354085 0.23508324
v -0.04630106 0.35458280 0.10991668
v 0.12365824 0.32674057 0.10906920
v 0.04577728 0.27354085 0.23508324
v 0.04630106 0.35458280 0.10991668
v 0.00000000 0.32295500 0.18483337
v 0.00000000 -0.03107896 0.30915243
v 0.00000000 0.14107896 0.30915243
v -0.12365824 -0.21674057 -0.03906920
v -0.04577728 -0.16354085 -0.16508324
v -0.04630106 -0.24458280 -0.03991668
v 0.12365824 -0.21674057 -0.03906920
v 0.04577728 -0.16354085 -0.16508324
v 0.04630106 -0.24458280 -0.03991668
v 0.00000000 -0.21295500 -0.11483337
v -0.12365824 0.32674057 -0.03906920
v -0.04577728 0.27354085 -0.16508324
v -0.04630106 0.35458280 -0.03991668
v 0.12365824 0.32674057 -0.03906920
v 0.04577728 0.27354085 -0.16508324
v 0.04630106 0.35458280 -0.03991668
v 0.00000000 0.32295500 -0.11483337
v 0.00000000 -0.03107896 -0.23915243
v 0.00000000 0.14107896 -0.23915243
v 0.19772744 0.27614463 -0.01077728
v 0.24586052 0.13686595 -0.08865824
v 0.16751880 0.27178015 -0.08621774
v 0.19772744 -0.16614463 -0.01077728
v 0.24586052 -0.02686595 -0.08865824
v 0.16751880 -0.16178015 -0.08621774
v 0.07406920 -0.08167490 -0.21086052
v 0.20008324 0.00440406 -0.16272744
v 0.12121774 -0.13015235 -0.16113442
v 0.07491668 0.00382515 -0.23605111
v 0.19613442 -0.07897750 -0.13251880
v 0.07406920 0.19167490 -0.21086052
v 0.20008324 0.10559594 -0.16272744
v 0.12121774 0.24015235 -0.16113442
v 0.07491668 0.10617485 -0.23605111
v 0.19613442 0.18897750 -0.13251880
v 0.14983337 0.05500000 -0.20743548
v 0.19772744 0.27614463 0.08077728
v 0.24586052 0.13686595 0.15865824
v 0.16751880 0.27178015 0.15621774
v 0.24243548 0.22060530 0.03500000
v 0.19772744 -0.16614463 0.08077728
v 0.24586052 -0.02686595 0.15865824
v 0.16751880 -0.16178015 0.15621774
v 0.24243548 -0.11060530 0.03500000
v 0.07406920 -0.08167490 0.28086052
v 0.20008324 0.00440406 0.23272744
v 0.12121774 -0.13015235 0.23113442
v 0.07491668 0.00382515 0.30605111
v 0.19613442 -0.07897750 0.20251880
v 0.07406920 0.19167490 0.28086052
v 0.20008324 0.10559594 0.23272744
v 0.12121774 0.24015235 0.23113442
v 0.07491668 0.10617485 0.30605111
v 0.19613442 0.18897750 0.20251880
v 0.14983337 0.05500000 0.27743548
v 0.27415243 0.05500000 -0.04288096
v 0.27415243 0.05500000 0.11288096
v 0.27105111 0.13780265 -0.01130106
v 0.27105111 -0.02780265 -0.01130106
v 0.27105111 0.13780265 0.08130106
v 0.27105111 -0.02780265 0.08130106
v -0.19772744 0.27614463 -0.01077728
v -0.24586052 0.13686595 -0.08865824
v -0.16751880 0.27178015 -0.08621774
v -0.19772744 -0.16614463 -0.01077728
v -0.24586052 -0.02686595 -0.08865824
v -0.16751880 -0.16178015 -0.08621774
v -0.07406920 -0.08167490 -0.21086052
v -0.20008324 0.00440406 -0.16272744
v -0.12121774 -0.13015235 -0.16113442
v -0.07491668 0.00382515 -0.23605111
v -0.19613442 -0.07897750 -0.13251880
v -0.07406920 0.19167490 -0.21086052
v -0.20008324 0.10559594 -0.16272744
v -0.12121774 0.24015235 -0.16113442
v -0.07491668 0.10617485 -0.23605111
v -0.19613442 0.18897750 -0.13251880
v -0.14983337 0.05500000 -0.20743548
v -0.19772744 0.27614463 0.08077728
v -0.24586052 0.13686595 0.15865824
v -0.16751880 0.27178015 0.15621774
v -0.24243548 0.22060530 0.03500000
v -0.19772744 -0.16614463 0.08077728
v -0.24586052 -0.02686595 0.15865824
v -0.16751880 -0.16178015 0.15621774
v -0.24243548 -0.11060530 0.03500000
v -0.07406920 -0.08167490 0.28086052
v -0.20008324 0.00440406 0.23272744
v -0.12121774 -0.13015235 0.23113442
v -0.07491668 0.00382515 0.30605111
v -0.19613442 -0.07897750 0.20251880
v -0.07406920 0.19167490 0.28086052
v -0.20008324 0.10559594 0.23272744
v -0.12121774 0.24015235 0.23113442
v -0.07491668 0.10617485 0.30605111
v -0.19613442 0.18897750 0.20251880
v -0.14983337 0.05500000 0.27743548
v -0.27415243 0.05500000 -0.04288096
v -0.27415243 0.05500000 0.11288096
v -0.27105111 0.13780265 -0.01130106
v -0.27105111 -0.02780265 -0.01130106
v -0.27105111 0.13780265 0.08130106
v -0.27105111 -0.02780265 0.08130106
v -0.11495627 0.34323868 0.03500000
v -0.03931639 0.36698825 0.03500000
v 0.11495627 0.34323868 0.03500000
v 0.03931639 0.36698825 0.03500000
v -0.11495627 -0.23323868 0.03500000
v -0.03931639 -0.25698825 0.03500000
v 0.11495627 -0.23323868 0.03500000
v 0.03931639 -0.25698825 0.03500000
v -0.13806587 -0.21745274 0.07239211
v -0.10688599 -0.21083211 0.14432991
v -0.10209521 -0.23615595 0.07252178
v -0.02310959 -0.13892724 0.25839527
v -0.06756960 -0.18397547 0.20794517
v -0.02343910 -0.25612183 0.07292526
v -0.06802293 -0.22566706 0.14506340
v -0.06273335 -0.24941367 0.07284586
v -0.08585878 -0.23361692 0.11026358
v 0.13806587 -0.21745274 0.07239211
v 0.10688599 -0.21083211 0.14432991
v 0.10209521 -0.23615595 0.07252178
v 0.02310959 -0.13892724 0.25839527
v 0.06756960 -0.18397547 0.20794517
v 0.00000000 -0.16641571 0.23771529
v 0.02343910 -0.25612183 0.07292526
v 0.06802293 -0.22566706 0.14506340
v 0.06273335 -0.24941367 0.07284586
v 0.00000000 -0.24861630 0.11092534
v 0.08585878 -0.23361692 0.11026358
v -0.04458382 -0.20965603 0.18298867
v 0.04458382 -0.20965603 0.18298867
v -0.02312543 -0.19076438 0.21176828
v -0.02346222 -0.23258949 0.14888801
v 0.02312543 -0.19076438 0.21176828
v 0.02346222 -0.23258949 0.14888801
v -0.13806587 0.32745274 0.07239211
v -0.10688599 0.32083211 0.14432991
v -0.10209521 0.34615595 0.07252178
v -0.02310959 0.24892724 0.25839527
v -0.06756960 0.29397547 0.20794517
v -0.02343910 0.36612183 0.07292526
v -0.06802293 0.33566706 0.14506340
v -0.06273335 0.35941367 0.07284586
v -0.08585878 0.34361692 0.11026358
v 0.13806587 0.32745274 0.07239211
v 0.10688599 0.32083211 0.14432991
v 0.10209521 0.34615595 0.07252178
v 0.02310959 0.24892724 0.25839527
v 0.06756960 0.29397547 0.20794517
v 0.00000000 0.27641571 0.23771529
v 0.02343910 0.36612183 0.07292526
v 0.06802293 0.33566706 0.14506340
v 0.06273335 0.35941367 0.07284586
v 0.00000000 0.35861630 0.11092534
v 0.08585878 0.34361692 0.11026358
v -0.04458382 0.31965603 0.18298867
v 0.04458382 0.31965603 0.18298867
v -0.02312543 0.30076438 0.21176828
v -0.02346222 0.34258949 0.14888801
v 0.02312543 0.30076438 0.21176828
v 0.02346222 0.34258949 0.14888801
v 0.00000000 -0.07205693 0.29578738
v 0.00000000 0.01154504 0.31727508
v 0.00000000 0.18205693 0.29578738
v 0.00000000 0.09845496 0.31727508
v -0.13806587 -0.21745274 -0.00239211
v -0.10688599 -0.21083211 -0.07432991
v -0.10209521 -0.23615595 -0.00252178
v -0.02310959 -0.13892724 -0.18839527
v -0.06756960 -0.18397547 -0.13794517
v -0.02343910 -0.25612183 -0.00292526
v -0.06802293 -0.22566706 -0.07506340
v -0.06273335 -0.24941367 -0.00284586
v -0.08585878 -0.23361692 -0.04026358
v 0.13806587 -0.21745274 -0.00239211
v 0.10688599 -0.21083211 -0.07432991
v 0.10209521 -0.23615595 -0.00252178
v 0.02310959 -0.13892724 -0.18839527
v 0.06756960 -0.18397547 -0.13794517
v 0.00000000 -0.16641571 -0.16771529
v 0.02343910 -0.25612183 -0.00292526
v 0.06802293 -0.22566706 -0.07506340
v 0.06273335 -0.24941367 -0.00284586
v 0.00000000 -0.24861630 -0.04092534
v 0.08585878 -0.23361692 -0.04026358
v -0.04458382 -0.20965603 -0.11298867
v 0.04458382 -0.20965603 -0.11298867
v -0.02312543 -0.19076438 -0.14176828
v -0.02346222 -0.23258949 -0.07888801
v 0.02312543 -0.19076438 -0.14176828
v 0.02346222 -0.23258949 -0.07888801
v -0.13806587 0.32745274 -0.00239211
v -0.10688599 0.32083211 -0.07432991
v -0.10209521 0.34615595 -0.00252178
v -0.02310959 0.24892724 -0.18839527
v -0.06756960 0.29397547 -0.13794517
v -0.02343910 0.36612183 -0.00292526
v -0.06802293 0.33566706 -0.07506340
v -0.06273335 0.35941367 -0.00284586
v -0.08585878 0.34361692 -0.04026358
v 0.13806587 0.32745274 -0.00239211
v 0.10688599 0.32083211 -0.07432991
v 0.10209521 0.34615595 -0.00252178
v 0.02310959 0.24892724 -0.18839527
v 0.06756960 0.29397547 -0.13794517
v 0.00000000 0.27641571 -0.16771529
v 0.02343910 0.36612183 -0.00292526
v 0.06802293 0.33566706 -0.07506340
v 0.06273335 0.35941367 -0.00284586
v 0.00000000 0.35861630 -0.04092534
v 0.08585878 0.34361692 -0.04026358
v -0.04458382 0.31965603 -0.11298867
v 0.04458382 0.31965603 -0.11298867
v -0.02312543 0.30076438 -0.14176828
v -0.02346222 0.34258949 -0.07888801
v 0.02312543 0.30076438 -0.14176828
v 0.02346222 0.34258949 -0.07888801
v 0.00000000 -0.07205693 -0.22578738
v 0.00000000 0.01154504 -0.24727508
v 0.00000000 0.18205693 -0.22578738
v 0.00000000 0.09845496 -0.24727508
v 0.17545798 0.30191056 0.01189041
v 0.21621591 0.24614992 -0.03256960
v 0.16280672 0.30468451 -0.02571152
v 0.24650486 0.09632812 -0.10306587
v 0.24051477 0.17583833 -0.07188599
v 0.12938729 0.29374966 -0.09850251
v 0.20152543 0.24447280 -0.07094819
v 0.14709466 0.30178728 -0.06365361
v 0.18451239 0.27622760 -0.04936131
v 0.17545798 -0.19191056 0.01189041
v 0.21621591 -0.13614992 -0.03256960
v 0.16280672 -0.19468451 -0.02571152
v 0.24650486 0.01367188 -0.10306587
v 0.24051477 -0.06583833 -0.07188599
v 0.12938729 -0.18374966 -0.09850251
v 0.20152543 -0.13447280 -0.07094819
v 0.14709466 -0.19178728 -0.06365361
v 0.18451239 -0.16622760 -0.04936131
v 0.03739211 -0.09759912 -0.21150486
v 0.10932991 -0.06313715 -0.20551477
v 0.06071152 -0.12494427 -0.19090503
v 0.03752178 -0.05784207 -0.22842681
v 0.22339527 0.02945782 -0.14045798
v 0.17294517 -0.01968219 -0.18121591
v 0.22590503 -0.01210220 -0.12780672
v 0.10594819 -0.16773864 -0.13642777
v 0.13350251 -0.08800701 -0.18101159
v 0.08436131 -0.14893475 -0.16515831
v 0.14631200 -0.14867200 -0.12581245
v 0.09865361 -0.10757831 -0.18828373
v 0.03792526 0.02909362 -0.24649118
v 0.11006340 -0.02018323 -0.21893686
v 0.03784586 -0.01433686 -0.24042189
v 0.07526358 -0.03989655 -0.22612959
v 0.21601159 -0.09255540 -0.09438729
v 0.17142777 -0.06210063 -0.16652543
v 0.22328373 -0.05403820 -0.11209466
v 0.18427467 -0.12274008 -0.11131200
v 0.20015831 -0.03824145 -0.14951239
v 0.16081245 -0.10671326 -0.14927467
v 0.03739211 0.20759912 -0.21150486
v 0.10932991 0.17313715 -0.20551477
v 0.06071152 0.23494427 -0.19090503
v 0.03752178 0.16784207 -0.22842681
v 0.22339527 0.08054218 -0.14045798
v 0.17294517 0.12968219 -0.18121591
v 0.22590503 0.12210220 -0.12780672
v 0.20271529 0.05500000 -0.16532850
v 0.10594819 0.27773864 -0.13642777
v 0.13350251 0.19800701 -0.18101159
v 0.08436131 0.25893475 -0.16515831
v 0.14631200 0.25867200 -0.12581245
v 0.09865361 0.21757831 -0.18828373
v 0.03792526 0.08090638 -0.24649118
v 0.11006340 0.13018323 -0.21893686
v 0.03784586 0.12433686 -0.24042189
v 0.07592534 0.05500000 -0.23970046
v 0.07526358 0.14989655 -0.22612959
v 0.21601159 0.20255540 -0.09438729
v 0.17142777 0.17210063 -0.16652543
v 0.22328373 0.16403820 -0.11209466
v 0.18427467 0.23274008 -0.11131200
v 0.20015831 0.14824145 -0.14951239
v 0.16081245 0.21671326 -0.14927467
v 0.14798867 0.00572314 -0.20445070
v 0.14798867 0.10427686 -0.20445070
v 0.17676828 0.02944032 -0.18735825
v 0.11388801 0.02906807 -0.22520001
v 0.17676828 0.08055968 -0.18735825
v 0.11388801 0.08093193 -0.22520001
v 0.17545798 0.30191056 0.05810959
v 0.21621591 0.24614992 0.10256960
v 0.16280672 0.30468451 0.09571152
v 0.20032850 0.27905375 0.03500000
v 0.24650486 0.09632812 0.17306587
v 0.24051477 0.17583833 0.14188599
v 0.12938729 0.29374966 0.16850251
v 0.20152543 0.24447280 0.14094819
v 0.14709466 0.30178728 0.13365361
v 0.18451239 0.27622760 0.11936131
v 0.23945070 0.21856642 -0.00958382
v 0.23945070 0.21856642 0.07958382
v 0.22235825 0.25037547 0.01187457
v 0.22235825 0.25037547 0.05812543
v 0.17545798 -0.19191056 0.05810959
v 0.21621591 -0.13614992 0.10256960
v 0.16280672 -0.19468451 0.09571152
v 0.20032850 -0.16905375 0.03500000
v 0.24650486 0.01367188 0.17306587
v 0.24051477 -0.06583833 0.14188599
v 0.12938729 -0.18374966 0.16850251
v 0.20152543 -0.13447280 0.14094819
v 0.14709466 -0.19178728 0.13365361
v 0.18451239 -0.16622760 0.11936131
v 0.23945070 -0.10856642 -0.00958382
v 0.23945070 -0.10856642 0.07958382
v 0.22235825 -0.14037547 0.01187457
v 0.22235825 -0.14037547 0.05812543
v 0.03739211 -0.09759912 0.28150486
v 0.10932991 -0.06313715 0.27551477
v 0.06071152 -0.12494427 0.26090503
v 0.03752178 -0.05784207 0.29842681
v 0.22339527 0.02945782 0.21045798
v 0.17294517 -0.01968219 0.25121591
v 0.22590503 -0.01210220 0.19780672
v 0.10594819 -0.16773864 0.20642777
v 0.13350251 -0.08800701 0.25101159
v 0.08436131 -0.14893475 0.23515831
v 0.14631200 -0.14867200 0.19581245
v 0.09865361 -0.10757831 0.25828373
v 0.03792526 0.02909362 0.31649118
v 0.11006340 -0.02018323 0.28893686
v 0.03784586 -0.01433686 0.31042189
v 0.07526358 -0.03989655 0.29612959
v 0.21601159 -0.09255540 0.16438729
v 0.17142777 -0.06210063 0.23652543
v 0.22328373 -0.05403820 0.18209466
v 0.18427467 -0.12274008 0.18131200
v 0.20015831 -0.03824145 0.21951239
v 0.16081245 -0.10671326 0.21927467
v 0.03739211 0.20759912 0.28150486
v 0.10932991 0.17313715 0.27551477
v 0.06071152 0.23494427 0.26090503
v 0.03752178 0.16784207 0.29842681
v 0.22339527 0.08054218 0.21045798
v 0.17294517 0.12968219 0.25121591
v 0.22590503 0.12210220 0.19780672
v 0.20271529 0.05500000 0.23532850
v 0.10594819 0.27773864 0.20642777
v 0.13350251 0.19800701 0.25101159
v 0.08436131 0.25893475 0.23515831
v 0.14631200 0.25867200 0.19581245
v 0.09865361 0.21757831 0.25828373
v 0.03792526 0.08090638 0.31649118
v 0.11006340 0.13018323 0.28893686
v 0.03784586 0.12433686 0.31042189
v 0.07592534 0.05500000 0.30970046
v 0.07526358 0.14989655 0.29612959
v 0.21601159 0.20255540 0.16438729
v 0.17142777 0.17210063 0.23652543
v 0.22328373 0.16403820 0.18209466
v 0.18427467 0.23274008 0.18131200
v 0.20015831 0.14824145 0.21951239
v 0.16081245 0.21671326 0.21927467
v 0.14798867 0.00572314 0.27445070
v 0.14798867 0.10427686 0.27445070
v 0.17676828 0.02944032 0.25735825
v 0.11388801 0.02906807 0.29520001
v 0.17676828 0.08055968 0.25735825
v 0.11388801 0.08093193 0.29520001
v 0.26078738 0.05500000 -0.07995627
v 0.28227508 0.05500000 -0.00431639
v 0.26342681 0.09647144 -0.06709521
v 0.26342681 0.01352856 -0.06709521
v 0.26078738 0.05500000 0.14995627
v 0.28227508 0.05500000 0.07431639
v 0.26342681 0.09647144 0.13709521
v 0.26342681 0.01352856 0.13709521
v 0.25393686 0.17664903 -0.03302293
v 0.28149118 0.09691740 0.01156090
v 0.26112959 0.13818607 -0.05085878
v 0.26020001 0.18087622 0.01153778
v 0.27542189 0.09682963 -0.02773335
v 0.25393686 -0.06664903 -0.03302293
v 0.28149118 0.01308260 0.01156090
v 0.26112959 -0.02818607 -0.05085878
v 0.26020001 -0.07087622 0.01153778
v 0.27542189 0.01317037 -0.02773335
v 0.25393686 0.17664903 0.10302293
v 0.28149118 0.09691740 0.05843910
v 0.26112959 0.13818607 0.12085878
v 0.26020001 0.18087622 0.05846222
v 0.27542189 0.09682963 0.09773335
v 0.27470046 0.13891748 0.03500000
v 0.25393686 -0.06664903 0.10302293
v 0.28149118 0.01308260 0.05843910
v 0.26112959 -0.02818607 0.12085878
v 0.26020001 -0.07087622 0.05846222
v 0.27542189 0.01317037 0.09773335
v 0.27470046 -0.02891748 0.03500000
v -0.17545798 0.30191056 0.01189041
v -0.21621591 0.24614992 -0.03256960
v -0.16280672 0.30468451 -0.02571152
v -0.24650486 0.09632812 -0.10306587
v -0.24051477 0.17583833 -0.07188599
v -0.12938729 0.29374966 -0.09850251
v -0.20152543 0.24447280 -0.07094819
v -0.14709466 0.30178728 -0.06365361
v -0.18451239 0.27622760 -0.04936131
v -0.17545798 -0.19191056 0.01189041
v -0.21621591 -0.13614992 -0.03256960
v -0.16280672 -0.19468451 -0.02571152
v -0.24650486 0.01367188 -0.10306587
v -0.24051477 -0.06583833 -0.07188599
v -0.12938729 -0.18374966 -0.09850251
v -0.20152543 -0.13447280 -0.07094819
v -0.14709466 -0.19178728 -0.06365361
v -0.18451239 -0.16622760 -0.04936131
v -0.03739211 -0.09759912 -0.21150486
v -0.10932991 -0.06313715 -0.20551477
v -0.06071152 -0.12494427 -0.19090503
v -0.03752178 -0.05784207 -0.22842681
v -0.22339527 0.02945782 -0.14045798
v -0.17294517 -0.01968219 -0.18121591
v -0.22590503 -0.01210220 -0.12780672
v -0.10594819 -0.16773864 -0.13642777
v -0.13350251 -0.08800701 -0.18101159
v -0.08436131 -0.14893475 -0.16515831
v -0.14631200 -0.14867200 -0.12581245
v -0.09865361 -0.10757831 -0.18828373
v -0.03792526 0.02909362 -0.24649118
v -0.11006340 -0.02018323 -0.21893686
v -0.03784586 -0.01433686 -0.24042189
v -0.07526358 -0.03989655 -0.22612959
v -0.21601159 -0.09255540 -0.09438729
v -0.17142777 -0.06210063 -0.16652543
v -0.22328373 -0.05403820 -0.11209466
v -0.18427467 -0.12274008 -0.11131200
v -0.20015831 -0.03824145 -0.14951239
v -0.16081245 -0.10671326 -0.14927467
v -0.03739211 0.20759912 -0.21150486
v -0.10932991 0.17313715 -0.20551477
v -0.06071152 0.23494427 -0.19090503
v -0.03752178 0.16784207 -0.22842681
v -0.22339527 0.08054218 -0.14045798
v -0.17294517 0.12968219 -0.18121591
v -0.22590503 0.12210220 -0.12780672
v -0.20271529 0.05500000 -0.16532850
v -0.10594819 0.27773864 -0.13642777
v -0.13350251 0.19800701 -0.18101159
v -0.08436131 0.25893475 -0.16515831
v -0.14631200 0.25867200 -0.12581245
v -0.09865361 0.21757831 -0.18828373
v -0.03792526 0.08090638 -0.24649118
v -0.11006340 0.13018323 -0.21893686
v -0.03784586 0.12433686 -0.24042189
v -0.07592534 0.05500000 -0.23970046
v -0.07526358 0.14989655 -0.22612959
v -0.21601159 0.20255540 -0.09438729
v -0.17142777 0.17210063 -0.16652543
v -0.22328373 0.16403820 -0.11209466
v -0.18427467 0.23274008 -0.11131200
v -0.20015831 0.14824145 -0.14951239
v -0.16081245 0.21671326 -0.14927467
v -0.14798867 0.00572314 -0.20445070
v -0.14798867 0.10427686 -0.20445070
v -0.17676828 0.02944032 -0.18735825
v -0.11388801 0.02906807 -0.22520001
v -0.17676828 0.08055968 -0.18735825
v -0.11388801 0.08093193 -0.22520001
v -0.17545798 0.30191056 0.05810959
v -0.21621591 0.24614992 0.10256960
v -0.16280672 0.30468451 0.09571152
v -0.20032850 0.27905375 0.03500000
v -0.24650486 0.09632812 0.17306587
v -0.24051477 0.17583833 0.14188599
v -0.12938729 0.29374966 0.16850251
v -0.20152543 0.24447280 0.14094819
v -0.14709466 0.30178728 0.13365361
v -0.18451239 0.27622760 0.11936131
v -0.23945070 0.21856642 -0.00958382
v -0.23945070 0.21856642 0.07958382
v -0.22235825 0.25037547 0.01187457
v -0.22235825 0.25037547 0.05812543
v -0.17545798 -0.19191056 0.05810959
v -0.21621591 -0.13614992 0.10256960
v -0.16280672 -0.19468451 0.09571152
v -0.20032850 -0.16905375 0.03500000
v -0.24650486 0.01367188 0.17306587
v -0.24051477 -0.06583833 0.14188599
v -0.12938729 -0.18374966 0.16850251
v -0.20152543 -0.13447280 0.14094819
v -0.14709466 -0.19178728 0.13365361
v -0.18451239 -0.16622760 0.11936131
v -0.23945070 -0.10856642 -0.00958382
v -0.23945070 -0.10856642 0.07958382
v -0.22235825 -0.14037547 0.01187457
v -0.22235825 -0.14037547 0.05812543
v -0.03739211 -0.09759912 0.28150486
v -0.10932991 -0.06313715 0.27551477
v -0.06071152 -0.12494427 0.26090503
v -0.03752178 -0.05784207 0.29842681
v -0.22339527 0.02945782 0.21045798
v -0.17294517 -0.01968219 0.25121591
v -0.22590503 -0.01210220 0.19780672
v -0.10594819 -0.16773864 0.20642777
v -0.13350251 -0.08800701 0.25101159
v -0.08436131 -0.14893475 0.23515831
v -0.14631200 -0.14867200 0.19581245
v -0.09865361 -0.10757831 0.25828373
v -0.03792526 0.02909362 0.31649118
v -0.11006340 -0.02018323 0.28893686
v -0.03784586 -0.01433686 0.31042189
v -0.07526358 -0.03989655 0.29612959
v -0.21601159 -0.09255540 0.16438729
v -0.17142777 -0.06210063 0.23652543
v -0.22328373 -0.05403820 0.18209466
v -0.18427467 -0.12274008 0.18131200
v -0.20015831 -0.03824145 0.21951239
v -0.16081245 -0.10671326 0.21927467
v -0.03739211 0.20759912 0.28150486
v -0.10932991 0.17313715 0.27551477
v -0.06071152 0.23494427 0.26090503
v -0.03752178 0.16784207 0.29842681
v -0.22339527 0.08054218 0.21045798
v -0.17294517 0.12968219 0.25121591
v -0.22590503 0.12210220 0.19780672
v -0.20271529 0.05500000 0.23532850
v -0.10594819 0.27773864 0.20642777
v -0.13350251 0.19800701 0.25101159
v -0.08436131 0.25893475 0.23515831
v -0.14631200 0.25867200 0.19581245
v -0.09865361 0.21757831 0.25828373
v -0.03792526 0.08090638 0.31649118
v -0.11006340 0.13018323 0.28893686
v -0.03784586 0.12433686 0.31042189
v -0.07592534 0.05500000 0.30970046
v -0.07526358 0.14989655 0.29612959
v -0.21601159 0.20255540 0.16438729
v -0.17142777 0.17210063 0.23652543
v -0.22328373 0.16403820 0.18209466
v -0.18427467 0.23274008 0.18131200
v -0.20015831 0.14824145 0.21951239
v -0.16081245 0.21671326 0.21927467
v -0.14798867 0.00572314 0.27445070
v -0.14798867 0.10427686 0.27445070
v -0.17676828 0.02944032 0.25735825
v -0.11388801 0.02906807 0.29520001
v -0.17676828 0.08055968 0.25735825
v -0.11388801 0.08093193 0.29520001
v -0.26078738 0.05500000 -0.07995627
v -0.28227508 0.05500000 -0.00431639
v -0.26342681 0.09647144 -0.06709521
v -0.26342681 0.01352856 -0.06709521
v -0.26078738 0.05500000 0.14995627
v -0.28227508 0.05500000 0.07431639
v -0.26342681 0.09647144 0.13709521
v -0.26342681 0.01352856 0.13709521
v -0.25393686 0.17664903 -0.03302293
v -0.28149118 0.09691740 0.01156090
v -0.26112959 0.13818607 -0.05085878
v -0.26020001 0.18087622 0.01153778
v -0.27542189 0.09682963 -0.02773335
v -0.25393686 -0.06664903 -0.03302293
v -0.28149118 0.01308260 0.01156090
v -0.26112959 -0.02818607 -0.05085878
v -0.26020001 -0.07087622 0.01153778
v -0.27542189 0.01317037 -0.02773335
v -0.25393686 0.17664903 0.10302293
v -0.28149118 0.09691740 0.05843910
v -0.26112959 0.13818607 0.12085878
v -0.26020001 0.18087622 0.05846222
v -0.27542189 0.09682963 0.09773335
v -0.27470046 0.13891748 0.03500000
v -0.25393686 -0.06664903 0.10302293
v -0.28149118 0.01308260 0.05843910
v -0.26112959 -0.02818607 0.12085878
v -0.26020001 -0.07087622 0.05846222
v -0.27542189 0.01317037 0.09773335
v -0.27470046 -0.02891748 0.03500000
v -0.13406143 0.00938342 -0.01500000
v 0.13406143 0.00938342 -0.01500000
v -0.13406143 -0.33938342 -0.01500000
v 0.13406143 -0.33938342 -0.01500000
v 0.00000000 -0.27277488 0.19340945
v 0.00000000 -0.05722512 0.19340945
v 0.00000000 -0.27277488 -0.22340945
v 0.00000000 -0.05722512 -0.22340945
v 0.21691596 -0.16500000 -0.14380412
v 0.21691596 -0.16500000 0.11380412
v -0.21691596 -0.16500000 -0.14380412
v -0.21691596 -0.16500000 0.11380412
v 0.00000000 0.04000000 -0.01500000
v 0.00000000 -0.37000000 -0.01500000
v -0.07879933 -0.33084848 0.10750000
v 0.07879933 -0.33084848 0.10750000
v -0.07879933 0.00084848 0.10750000
v 0.07879933 0.00084848 0.10750000
v 0.00000000 -0.16500000 0.23000000
v -0.07879933 -0.33084848 -0.13750000
v 0.07879933 -0.33084848 -0.13750000
v -0.07879933 0.00084848 -0.13750000
v 0.07879933 0.00084848 -0.13750000
v 0.00000000 -0.16500000 -0.26000000
v 0.20629933 -0.06250000 -0.09070916
v 0.20629933 -0.26750000 -0.09070916
v 0.12750000 -0.22834848 -0.21320916
v 0.12750000 -0.10165152 -0.21320916
v 0.20629933 -0.06250000 0.06070916
v 0.20629933 -0.26750000 0.06070916
v 0.12750000 -0.22834848 0.18320916
v 0.12750000 -0.10165152 0.18320916
v 0.25500000 -0.16500000 -0.01500000
v -0.20629933 -0.06250000 -0.09070916
v -0.20629933 -0.26750000 -0.09070916
v -0.12750000 -0.22834848 -0.21320916
v -0.12750000 -0.10165152 -0.21320916
v -0.20629933 -0.06250000 0.06070916
v -0.20629933 -0.26750000 0.06070916
v -0.12750000 -0.22834848 0.18320916
v -0.12750000 -0.10165152 0.18320916
v -0.25500000 -0.16500000 -0.01500000
v -0.06968296 0.03219736 -0.01500000
v 0.06968296 0.03219736 -0.01500000
v -0.06968296 -0.36219736 -0.01500000
v 0.06968296 -0.36219736 -0.01500000
v -0.11064158 -0.34184704 0.04867352
v -0.04095862 -0.30722500 0.15700138
v -0.04142726 -0.35996659 0.04940206
v 0.11064158 -0.34184704 0.04867352
v 0.04095862 -0.30722500 0.15700138
v 0.04142726 -0.35996659 0.04940206
v 0.00000000 -0.33938342 0.11380412
v -0.11064158 0.01184704 0.04867352
v -0.04095862 -0.02277500 0.15700138
v -0.04142726 0.02996659 0.04940206
v 0.11064158 0.01184704 0.04867352
v 0.04095862 -0.02277500 0.15700138
v 0.04142726 0.02996659 0.04940206
v 0.00000000 0.00938342 0.11380412
v 0.00000000 -0.22101964 0.22067490
v 0.00000000 -0.10898036 0.22067490
v -0.11064158 -0.34184704 -0.07867352
v -0.04095862 -0.30722500 -0.18700138
v -0.04142726 -0.35996659 -0.07940206
v 0.11064158 -0.34184704 -0.07867352
v 0.04095862 -0.30722500 -0.18700138
v 0.04142726 -0.35996659 -0.07940206
v 0.00000000 -0.33938342 -0.14380412
v -0.11064158 0.01184704 -0.07867352
v -0.04095862 -0.02277500 -0.18700138
v -0.04142726 0.02996659 -0.07940206
v 0.11064158 0.01184704 -0.07867352
v 0.04095862 -0.02277500 -0.18700138
v 0.04142726 0.02996659 -0.07940206
v 0.00000000 0.00938342 -0.14380412
v 0.00000000 -0.22101964 -0.25067490
v 0.00000000 -0.10898036 -0.25067490
v 0.17691402 -0.02108048 -0.05435240
v 0.21998046 -0.11172216 -0.12130270
v 0.14988524 -0.02392085 -0.11920472
v 0.17691402 -0.30891952 -0.05435240
v 0.21998046 -0.21827784 -0.12130270
v 0.14988524 -0.30607915 -0.11920472
v 0.06627244 -0.25394716 -0.22635378
v 0.17902184 -0.19792752 -0.18497622
v 0.10845798 -0.28549598 -0.18360679
v 0.06703072 -0.19830427 -0.24800885
v 0.17548869 -0.25219171 -0.15900739
v 0.06627244 -0.07605284 -0.22635378
v 0.17902184 -0.13207248 -0.18497622
v 0.10845798 -0.04450402 -0.18360679
v 0.06703072 -0.13169573 -0.24800885
v 0.17548869 -0.07780829 -0.15900739
v 0.13406143 -0.16500000 -0.22340945
v 0.17691402 -0.02108048 0.02435240
v 0.21998046 -0.11172216 0.09130270
v 0.14988524 -0.02392085 0.08920472
v 0.21691596 -0.05722512 -0.01500000
v 0.17691402 -0.30891952 0.02435240
v 0.21998046 -0.21827784 0.09130270
v 0.14988524 -0.30607915 0.08920472
v 0.21691596 -0.27277488 -0.01500000
v 0.06627244 -0.25394716 0.19635378
v 0.17902184 -0.19792752 0.15497622
v 0.10845798 -0.28549598 0.15360679
v 0.06703072 -0.19830427 0.21800885
v 0.17548869 -0.25219171 0.12900739
v 0.06627244 -0.07605284 0.19635378
v 0.17902184 -0.13207248 0.15497622
v 0.10845798 -0.04450402 0.15360679
v 0.06703072 -0.13169573 0.21800885
v 0.17548869 -0.07780829 0.12900739
v 0.13406143 -0.16500000 0.19340945
v 0.24529428 -0.16500000 -0.08195030
v 0.24529428 -0.16500000 0.05195030
v 0.24251941 -0.11111256 -0.05480266
v 0.24251941 -0.21888744 -0.05480266
v 0.24251941 -0.11111256 0.02480266
v 0.24251941 -0.21888744 0.02480266
v -0.17691402 -0.02108048 -0.05435240
v -0.21998046 -0.11172216 -0.12130270
v -0.14988524 -0.02392085 -0.11920472
v -0.17691402 -0.30891952 -0.05435240
v -0.21998046 -0.21827784 -0.12130270
v -0.14988524 -0.30607915 -0.11920472
v -0.06627244 -0.25394716 -0.22635378
v -0.17902184 -0.19792752 -0.18497622
v -0.10845798 -0.28549598 -0.18360679
v -0.06703072 -0.19830427 -0.24800885
v -0.17548869 -0.25219171 -0.15900739
v -0.06627244 -0.07605284 -0.22635378
v -0.17902184 -0.13207248 -0.18497622
v -0.10845798 -0.04450402 -0.18360679
v -0.06703072 -0.13169573 -0.24800885
v -0.17548869 -0.07780829 -0.15900739
v -0.13406143 -0.16500000 -0.22340945
v -0.17691402 -0.02108048 0.02435240
v -0.21998046 -0.11172216 0.09130270
v -0.14988524 -0.02392085 0.08920472
v -0.21691596 -0.05722512 -0.01500000
v -0.17691402 -0.30891952 0.02435240
v -0.21998046 -0.21827784 0.09130270
v -0.14988524 -0.30607915 0.08920472
v -0.21691596 -0.27277488 -0.01500000
v -0.06627244 -0.25394716 0.19635378
v -0.17902184 -0.19792752 0.15497622
v -0.10845798 -0.28549598 0.15360679
v -0.06703072 -0.19830427 0.21800885
v -0.17548869 -0.25219171 0.12900739
v -0.06627244 -0.07605284 0.19635378
v -0.17902184 -0.13207248 0.15497622
v -0.10845798 -0.04450402 0.15360679
v -0.06703072 -0.13169573 0.21800885
v -0.17548869 -0.07780829 0.12900739
v -0.13406143 -0.16500000 0.19340945
v -0.24529428 -0.16500000 -0.08195030
v -0.24529428 -0.16500000 0.05195030
v -0.24251941 -0.11111256 -0.05480266
v -0.24251941 -0.21888744 -0.05480266
v -0.24251941 -0.11111256 0.02480266
v -0.24251941 -0.21888744 0.02480266
v -0.10777488 -0.18292190 -0.03000000
v 0.10777488 -0.18292190 -0.03000000
v -0.10777488 -0.38707810 -0.03000000
v 0.10777488 -0.38707810 -0.03000000
v 0.00000000 -0.34808773 0.14438342
v 0.00000000 -0.22191227 0.14438342
v 0.00000000 -0.34808773 -0.20438342
v 0.00000000 -0.22191227 -0.20438342
v 0.17438342 -0.28500000 -0.13777488
v 0.17438342 -0.28500000 0.07777488
v -0.17438342 -0.28500000 -0.13777488
v -0.17438342 -0.28500000 0.07777488
v 0.00000000 -0.16500000 -0.03000000
v 0.00000000 -0.40500000 -0.03000000
v -0.06334848 -0.38208204 0.07250000
v 0.06334848 -0.38208204 0.07250000
v -0.06334848 -0.18791796 0.07250000
v 0.06334848 -0.18791796 0.07250000
v 0.00000000 -0.28500000 0.17500000
v -0.06334848 -0.38208204 -0.13250000
v 0.06334848 -0.38208204 -0.13250000
v -0.06334848 -0.18791796 -0.13250000
v 0.06334848 -0.18791796 -0.13250000
v 0.00000000 -0.28500000 -0.23500000
v 0.16584848 -0.22500000 -0.09334848
v 0.16584848 -0.34500000 -0.09334848
v 0.10250000 -0.32208204 -0.19584848
v 0.10250000 -0.24791796 -0.19584848
v 0.16584848 -0.22500000 0.03334848
v 0.16584848 -0.34500000 0.03334848
v 0.10250000 -0.32208204 0.13584848
v 0.10250000 -0.24791796 0.13584848
v 0.20500000 -0.28500000 -0.03000000
v -0.16584848 -0.22500000 -0.09334848
v -0.16584848 -0.34500000 -0.09334848
v -0.10250000 -0.32208204 -0.19584848
v -0.10250000 -0.24791796 -0.19584848
v -0.16584848 -0.22500000 0.03334848
v -0.16584848 -0.34500000 0.03334848
v -0.10250000 -0.32208204 0.13584848
v -0.10250000 -0.24791796 0.13584848
v -0.20500000 -0.28500000 -0.03000000
v -0.05601964 -0.16956740 -0.03000000
v 0.05601964 -0.16956740 -0.03000000
v -0.05601964 -0.40043260 -0.03000000
v 0.05601964 -0.40043260 -0.03000000
v -0.08894716 -0.38852022 0.02327784
v -0.03292752 -0.36825366 0.11391952
v -0.03330427 -0.39912678 0.02388744
v 0.08894716 -0.38852022 0.02327784
v 0.03292752 -0.36825366 0.11391952
v 0.03330427 -0.39912678 0.02388744
v 0.00000000 -0.38707810 0.07777488
v -0.08894716 -0.18147978 0.02327784
v -0.03292752 -0.20174634 0.11391952
v -0.03330427 -0.17087322 0.02388744
v 0.08894716 -0.18147978 0.02327784
v 0.03292752 -0.20174634 0.11391952
v 0.03330427 -0.17087322 0.02388744
v 0.00000000 -0.18292190 0.07777488
v 0.00000000 -0.31779198 0.16719736
v 0.00000000 -0.25220802 0.16719736
v -0.08894716 -0.38852022 -0.08327784
v -0.03292752 -0.36825366 -0.17391952
v -0.03330427 -0.39912678 -0.08388744
v 0.08894716 -0.38852022 -0.08327784
v 0.03292752 -0.36825366 -0.17391952
v 0.03330427 -0.39912678 -0.08388744
v 0.00000000 -0.38707810 -0.13777488
v -0.08894716 -0.18147978 -0.08327784
v -0.03292752 -0.20174634 -0.17391952
v -0.03330427 -0.17087322 -0.08388744
v 0.08894716 -0.18147978 -0.08327784
v 0.03292752 -0.20174634 -0.17391952
v 0.03330427 -0.17087322 -0.08388744
v 0.00000000 -0.18292190 -0.13777488
v 0.00000000 -0.31779198 -0.22719736
v 0.00000000 -0.25220802 -0.22719736
v 0.14222500 -0.20075443 -0.06292752
v 0.17684704 -0.25381297 -0.11894716
v 0.12049598 -0.20241708 -0.11719171
v 0.14222500 -0.36924557 -0.06292752
v 0.17684704 -0.31618703 -0.11894716
v 0.12049598 -0.36758292 -0.11719171
v 0.05327784 -0.33706663 -0.20684704
v 0.14391952 -0.30427464 -0.17222500
v 0.08719171 -0.35553423 -0.17107915
v 0.05388744 -0.30449518 -0.22496659
v 0.14107915 -0.33603905 -0.15049598
v 0.05327784 -0.23293337 -0.20684704
v 0.14391952 -0.26572536 -0.17222500
v 0.08719171 -0.21446577 -0.17107915
v 0.05388744 -0.26550482 -0.22496659
v 0.14107915 -0.23396095 -0.15049598
v 0.10777488 -0.28500000 -0.20438342
v 0.14222500 -0.20075443 0.00292752
v 0.17684704 -0.25381297 0.05894716
v 0.12049598 -0.20241708 0.05719171
v 0.17438342 -0.22191227 -0.03000000
v 0.14222500 -0.36924557 0.00292752
v 0.17684704 -0.31618703 0.05894716
v 0.12049598 -0.36758292 0.05719171
v 0.17438342 -0.34808773 -0.03000000
v 0.05327784 -0.33706663 0.14684704
v 0.14391952 -0.30427464 0.11222500
v 0.08719171 -0.35553423 0.11107915
v 0.05388744 -0.30449518 0.16496659
v 0.14107915 -0.33603905 0.09049598
v 0.05327784 -0.23293337 0.14684704
v 0.14391952 -0.26572536 0.11222500
v 0.08719171 -0.21446577 0.11107915
v 0.05388744 -0.26550482 0.16496659
v 0.14107915 -0.23396095 0.09049598
v 0.10777488 -0.28500000 0.14438342
v 0.19719736 -0.28500000 -0.08601964
v 0.19719736 -0.28500000 0.02601964
v 0.19496659 -0.25345613 -0.06330427
v 0.19496659 -0.31654387 -0.06330427
v 0.19496659 -0.25345613 0.00330427
v 0.19496659 -0.31654387 0.00330427
v -0.14222500 -0.20075443 -0.06292752
v -0.17684704 -0.25381297 -0.11894716
v -0.12049598 -0.20241708 -0.11719171
v -0.14222500 -0.36924557 -0.06292752
v -0.17684704 -0.31618703 -0.11894716
v -0.12049598 -0.36758292 -0.11719171
v -0.05327784 -0.33706663 -0.20684704
v -0.14391952 -0.30427464 -0.17222500
v -0.08719171 -0.35553423 -0.17107915
v -0.05388744 -0.30449518 -0.22496659
v -0.14107915 -0.33603905 -0.15049598
v -0.05327784 -0.23293337 -0.20684704
v -0.14391952 -0.26572536 -0.17222500
v -0.08719171 -0.21446577 -0.17107915
v -0.05388744 -0.26550482 -0.22496659
v -0.14107915 -0.23396095 -0.15049598
v -0.10777488 -0.28500000 -0.20438342
v -0.14222500 -0.20075443 0.00292752
v -0.17684704 -0.25381297 0.05894716
v -0.12049598 -0.20241708 0.05719171
v -0.17438342 -0.22191227 -0.03000000
v -0.14222500 -0.36924557 0.00292752
v -0.17684704 -0.31618703 0.05894716
v -0.12049598 -0.36758292 0.05719171
v -0.17438342 -0.34808773 -0.03000000
v -0.05327784 -0.33706663 0.14684704
v -0.14391952 -0.30427464 0.11222500
v -0.08719171 -0.35553423 0.11107915
v -0.05388744 -0.30449518 0.16496659
v -0.14107915 -0.33603905 0.09049598
v -0.05327784 -0.23293337 0.14684704
v -0.14391952 -0.26572536 0.11222500
v -0.08719171 -0.21446577 0.11107915
v -0.05388744 -0.26550482 0.16496659
v -0.14107915 -0.23396095 0.09049598
v -0.10777488 -0.28500000 0.14438342
v -0.19719736 -0.28500000 -0.08601964
v -0.19719736 -0.28500000 0.02601964
v -0.19496659 -0.25345613 -0.06330427
v -0.19496659 -0.31654387 -0.06330427
v -0.19496659 -0.25345613 0.00330427
v -0.19496659 -0.31654387 0.00330427
v -0.28020177 0.04259762 -0.01500000
v -0.16979823 0.04259762 -0.01500000
v -0.28020177 -0.21259762 -0.01500000
v -0.16979823 -0.21259762 -0.01500000
v -0.22500000 -0.16385967 0.07006508
v -0.22500000 -0.00614033 0.07006508
v -0.22500000 -0.16385967 -0.10006508
v -0.22500000 -0.00614033 -0.10006508
v -0.13568167 -0.08500000 -0.06757311
v -0.13568167 -0.08500000 0.03757311
v -0.31431833 -0.08500000 -0.06757311
v -0.31431833 -0.08500000 0.03757311
v -0.22500000 0.06500000 -0.01500000
v -0.22500000 -0.23500000 -0.01500000
v -0.25744678 -0.20635255 0.03500000
v -0.19255322 -0.20635255 0.03500000
v -0.25744678 0.03635255 0.03500000
v -0.19255322 0.03635255 0.03500000
v -0.22500000 -0.08500000 0.08500000
v -0.25744678 -0.20635255 -0.06500000
v -0.19255322 -0.20635255 -0.06500000
v -0.25744678 0.03635255 -0.06500000
v -0.19255322 0.03635255 -0.06500000
v -0.22500000 -0.08500000 -0.11500000
v -0.14005322 -0.01000000 -0.04590170
v -0.14005322 -0.16000000 -0.04590170
v -0.17250000 -0.13135255 -0.09590170
v -0.17250000 -0.03864745 -0.09590170
v -0.14005322 -0.01000000 0.01590170
v -0.14005322 -0.16000000 0.01590170
v -0.17250000 -0.13135255 0.06590170
v -0.17250000 -0.03864745 0.06590170
v -0.12000000 -0.08500000 -0.01500000
v -0.30994678 -0.01000000 -0.04590170
v -0.30994678 -0.16000000 -0.04590170
v -0.27750000 -0.13135255 -0.09590170
v -0.27750000 -0.03864745 -0.09590170
v -0.30994678 -0.01000000 0.01590170
v -0.30994678 -0.16000000 0.01590170
v -0.27750000 -0.13135255 0.06590170
v -0.27750000 -0.03864745 0.06590170
v -0.33000000 -0.08500000 -0.01500000
v -0.25369299 0.05929075 -0.01500000
v -0.19630701 0.05929075 -0.01500000
v -0.25369299 -0.22929075 -0.01500000
v -0.19630701 -0.22929075 -0.01500000
v -0.27055830 -0.21440027 0.01098919
v -0.24186531 -0.18906707 0.05520464
v -0.24205828 -0.22765848 0.01128656
v -0.17944170 -0.21440027 0.01098919
v -0.20813469 -0.18906707 0.05520464
v -0.20794172 -0.22765848 0.01128656
v -0.22500000 -0.21259762 0.03757311
v -0.27055830 0.04440027 0.01098919
v -0.24186531 0.01906707 0.05520464
v -0.24205828 0.05765848 0.01128656
v -0.17944170 0.04440027 0.01098919
v -0.20813469 0.01906707 0.05520464
v -0.20794172 0.05765848 0.01128656
v -0.22500000 0.04259762 0.03757311
v -0.22500000 -0.12598998 0.08119384
v -0.22500000 -0.04401002 0.08119384
v -0.27055830 -0.21440027 -0.04098919
v -0.24186531 -0.18906707 -0.08520464
v -0.24205828 -0.22765848 -0.04128656
v -0.17944170 -0.21440027 -0.04098919
v -0.20813469 -0.18906707 -0.08520464
v -0.20794172 -0.22765848 -0.04128656
v -0.22500000 -0.21259762 -0.06757311
v -0.27055830 0.04440027 -0.04098919
v -0.24186531 0.01906707 -0.08520464
v -0.24205828 0.05765848 -0.04128656
v -0.17944170 0.04440027 -0.04098919
v -0.20813469 0.01906707 -0.08520464
v -0.20794172 0.05765848 -0.04128656
v -0.22500000 0.04259762 -0.06757311
v -0.22500000 -0.12598998 -0.11119384
v -0.22500000 -0.04401002 -0.11119384
v -0.15215305 0.02030697 -0.03106220
v -0.13441981 -0.04601621 -0.05838886
v -0.16328255 0.01822864 -0.05753254
v -0.15215305 -0.19030697 -0.03106220
v -0.13441981 -0.12398379 -0.05838886
v -0.16328255 -0.18822864 -0.05753254
v -0.19771135 -0.15008328 -0.10126685
v -0.15128512 -0.10909331 -0.08437805
v -0.18034083 -0.17316779 -0.08381910
v -0.19739912 -0.10936898 -0.11010565
v -0.15273995 -0.14879881 -0.07377853
v -0.19771135 -0.01991672 -0.10126685
v -0.15128512 -0.06090669 -0.08437805
v -0.18034083 0.00316779 -0.08381910
v -0.19739912 -0.06063102 -0.11010565
v -0.15273995 -0.02120119 -0.07377853
v -0.16979823 -0.08500000 -0.10006508
v -0.15215305 0.02030697 0.00106220
v -0.13441981 -0.04601621 0.02838886
v -0.16328255 0.01822864 0.02753254
v -0.13568167 -0.00614033 -0.01500000
v -0.15215305 -0.19030697 0.00106220
v -0.13441981 -0.12398379 0.02838886
v -0.16328255 -0.18822864 0.02753254
v -0.13568167 -0.16385967 -0.01500000
v -0.19771135 -0.15008328 0.07126685
v -0.15128512 -0.10909331 0.05437805
v -0.18034083 -0.17316779 0.05381910
v -0.19739912 -0.10936898 0.08010565
v -0.15273995 -0.14879881 0.04377853
v -0.19771135 -0.01991672 0.07126685
v -0.15128512 -0.06090669 0.05437805
v -0.18034083 0.00316779 0.05381910
v -0.19739912 -0.06063102 0.08010565
v -0.15273995 -0.02120119 0.04377853
v -0.16979823 -0.08500000 0.07006508
v -0.12399647 -0.08500000 -0.04232665
v -0.12399647 -0.08500000 0.01232665
v -0.12513907 -0.04557017 -0.03124598
v -0.12513907 -0.12442983 -0.03124598
v -0.12513907 -0.04557017 0.00124598
v -0.12513907 -0.12442983 0.00124598
v -0.29784695 0.02030697 -0.03106220
v -0.31558019 -0.04601621 -0.05838886
v -0.28671745 0.01822864 -0.05753254
v -0.29784695 -0.19030697 -0.03106220
v -0.31558019 -0.12398379 -0.05838886
v -0.28671745 -0.18822864 -0.05753254
v -0.25228865 -0.15008328 -0.10126685
v -0.29871488 -0.10909331 -0.08437805
v -0.26965917 -0.17316779 -0.08381910
v -0.25260088 -0.10936898 -0.11010565
v -0.29726005 -0.14879881 -0.07377853
v -0.25228865 -0.01991672 -0.10126685
v -0.29871488 -0.06090669 -0.08437805
v -0.26965917 0.00316779 -0.08381910
v -0.25260088 -0.06063102 -0.11010565
v -0.29726005 -0.02120119 -0.07377853
v -0.28020177 -0.08500000 -0.10006508
v -0.29784695 0.02030697 0.00106220
v -0.31558019 -0.04601621 0.02838886
v -0.28671745 0.01822864 0.02753254
v -0.31431833 -0.00614033 -0.01500000
v -0.29784695 -0.19030697 0.00106220
v -0.31558019 -0.12398379 0.02838886
v -0.28671745 -0.18822864 0.02753254
v -0.31431833 -0.16385967 -0.01500000
v -0.25228865 -0.15008328 0.07126685
v -0.29871488 -0.10909331 0.05437805
v -0.26965917 -0.17316779 0.05381910
v -0.25260088 -0.10936898 0.08010565
v -0.29726005 -0.14879881 0.04377853
v -0.25228865 -0.01991672 0.07126685
v -0.29871488 -0.06090669 0.05437805
v -0.26965917 0.00316779 0.05381910
v -0.25260088 -0.06063102 0.08010565
v -0.29726005 -0.02120119 0.04377853
v -0.28020177 -0.08500000 0.07006508
v -0.32600353 -0.08500000 -0.04232665
v -0.32600353 -0.08500000 0.01232665
v -0.32486093 -0.04557017 -0.03124598
v -0.32486093 -0.12442983 -0.03124598
v -0.32486093 -0.04557017 0.00124598
v -0.32486093 -0.12442983 0.00124598
v 0.16979823 0.04259762 -0.01500000
v 0.28020177 0.04259762 -0.01500000
v 0.16979823 -0.21259762 -0.01500000
v 0.28020177 -0.21259762 -0.01500000
v 0.22500000 -0.16385967 0.07006508
v 0.22500000 -0.00614033 0.07006508
v 0.22500000 -0.16385967 -0.10006508
v 0.22500000 -0.00614033 -0.10006508
v 0.31431833 -0.08500000 -0.06757311
v 0.31431833 -0.08500000 0.03757311
v 0.13568167 -0.08500000 -0.06757311
v 0.13568167 -0.08500000 0.03757311
v 0.22500000 0.06500000 -0.01500000
v 0.22500000 -0.23500000 -0.01500000
v 0.19255322 -0.20635255 0.03500000
v 0.25744678 -0.20635255 0.03500000
v 0.19255322 0.03635255 0.03500000
v 0.25744678 0.03635255 0.03500000
v 0.22500000 -0.08500000 0.08500000
v 0.19255322 -0.20635255 -0.06500000
v 0.25744678 -0.20635255 -0.06500000
v 0.19255322 0.03635255 -0.06500000
v 0.25744678 0.03635255 -0.06500000
v 0.22500000 -0.08500000 -0.11500000
v 0.30994678 -0.01000000 -0.04590170
v 0.30994678 -0.16000000 -0.04590170
v 0.27750000 -0.13135255 -0.09590170
v 0.27750000 -0.03864745 -0.09590170
v 0.30994678 -0.01000000 0.01590170
v 0.30994678 -0.16000000 0.01590170
v 0.27750000 -0.13135255 0.06590170
v 0.27750000 -0.03864745 0.06590170
v 0.33000000 -0.08500000 -0.01500000
v 0.14005322 -0.01000000 -0.04590170
v 0.14005322 -0.16000000 -0.04590170
v 0.17250000 -0.13135255 -0.09590170
v 0.17250000 -0.03864745 -0.09590170
v 0.14005322 -0.01000000 0.01590170
v 0.14005322 -0.16000000 0.01590170
v 0.17250000 -0.13135255 0.06590170
v 0.17250000 -0.03864745 0.06590170
v 0.12000000 -0.08500000 -0.01500000
v 0.19630701 0.05929075 -0.01500000
v 0.25369299 0.05929075 -0.01500000
v 0.19630701 -0.22929075 -0.01500000
v 0.25369299 -0.22929075 -0.01500000
v 0.17944170 -0.21440027 0.01098919
v 0.20813469 -0.18906707 0.05520464
v 0.20794172 -0.22765848 0.01128656
v 0.27055830 -0.21440027 0.01098919
v 0.24186531 -0.18906707 0.05520464
v 0.24205828 -0.22765848 0.01128656
v 0.22500000 -0.21259762 0.03757311
v 0.17944170 0.04440027 0.01098919
v 0.20813469 0.01906707 0.05520464
v 0.20794172 0.05765848 0.01128656
v 0.27055830 0.04440027 0.01098919
v 0.24186531 0.01906707 0.05520464
v 0.24205828 0.05765848 0.01128656
v 0.22500000 0.04259762 0.03757311
v 0.22500000 -0.12598998 0.08119384
v 0.22500000 -0.04401002 0.08119384
v 0.17944170 -0.21440027 -0.04098919
v 0.20813469 -0.18906707 -0.08520464
v 0.20794172 -0.22765848 -0.04128656
v 0.27055830 -0.21440027 -0.04098919
v 0.24186531 -0.18906707 -0.08520464
v 0.24205828 -0.22765848 -0.04128656
v 0.22500000 -0.21259762 -0.06757311
v 0.17944170 0.04440027 -0.04098919
v 0.20813469 0.01906707 -0.08520464
v 0.20794172 0.05765848 -0.04128656
v 0.27055830 0.04440027 -0.04098919
v 0.24186531 0.01906707 -0.08520464
v 0.24205828 0.05765848 -0.04128656
v 0.22500000 0.04259762 -0.06757311
v 0.22500000 -0.12598998 -0.11119384
v 0.22500000 -0.04401002 -0.11119384
v 0.29784695 0.02030697 -0.03106220
v 0.31558019 -0.04601621 -0.05838886
v 0.28671745 0.01822864 -0.05753254
v 0.29784695 -0.19030697 -0.03106220
v 0.31558019 -0.12398379 -0.05838886
v 0.28671745 -0.18822864 -0.05753254
v 0.25228865 -0.15008328 -0.10126685
v 0.29871488 -0.10909331 -0.08437805
v 0.26965917 -0.17316779 -0.08381910
v 0.25260088 -0.10936898 -0.11010565
v 0.29726005 -0.14879881 -0.07377853
v 0.25228865 -0.01991672 -0.10126685
v 0.29871488 -0.06090669 -0.08437805
v 0.26965917 0.00316779 -0.08381910
v 0.25260088 -0.06063102 -0.11010565
v 0.29726005 -0.02120119 -0.07377853
v 0.28020177 -0.08500000 -0.10006508
v 0.29784695 0.02030697 0.00106220
v 0.31558019 -0.04601621 0.02838886
v 0.28671745 0.01822864 0.02753254
v 0.31431833 -0.00614033 -0.01500000
v 0.29784695 -0.19030697 0.00106220
v 0.31558019 -0.12398379 0.02838886
v 0.28671745 -0.18822864 0.02753254
v 0.31431833 -0.16385967 -0.01500000
v 0.25228865 -0.15008328 0.07126685
v 0.29871488 -0.10909331 0.05437805
v 0.26965917 -0.17316779 0.05381910
v 0.25260088 -0.10936898 0.08010565
v 0.29726005 -0.14879881 0.04377853
v 0.25228865 -0.01991672 0.07126685
v 0.29871488 -0.06090669 0.05437805
v 0.26965917 0.00316779 0.05381910
v 0.25260088 -0.06063102 0.08010565
v 0.29726005 -0.02120119 0.04377853
v 0.28020177 -0.08500000 0.07006508
v 0.32600353 -0.08500000 -0.04232665
v 0.32600353 -0.08500000 0.01232665
v 0.32486093 -0.04557017 -0.03124598
v 0.32486093 -0.12442983 -0.03124598
v 0.32486093 -0.04557017 0.00124598
v 0.32486093 -0.12442983 0.00124598
v 0.15215305 0.02030697 -0.03106220
v 0.13441981 -0.04601621 -0.05838886
v 0.16328255 0.01822864 -0.05753254
v 0.15215305 -0.19030697 -0.03106220
v 0.13441981 -0.12398379 -0.05838886
v 0.16328255 -0.18822864 -0.05753254
v 0.19771135 -0.15008328 -0.10126685
v 0.15128512 -0.10909331 -0.08437805
v 0.18034083 -0.17316779 -0.08381910
v 0.19739912 -0.10936898 -0.11010565
v 0.15273995 -0.14879881 -0.07377853
v 0.19771135 -0.01991672 -0.10126685
v 0.15128512 -0.06090669 -0.08437805
v 0.18034083 0.00316779 -0.08381910
v 0.19739912 -0.06063102 -0.11010565
v 0.15273995 -0.02120119 -0.07377853
v 0.16979823 -0.08500000 -0.10006508
v 0.15215305 0.02030697 0.00106220
v 0.13441981 -0.04601621 0.02838886
v 0.16328255 0.01822864 0.02753254
v 0.13568167 -0.00614033 -0.01500000
v 0.15215305 -0.19030697 0.00106220
v 0.13441981 -0.12398379 0.02838886
v 0.16328255 -0.18822864 0.02753254
v 0.13568167 -0.16385967 -0.01500000
v 0.19771135 -0.15008328 0.07126685
v 0.15128512 -0.10909331 0.05437805
v 0.18034083 -0.17316779 0.05381910
v 0.19739912 -0.10936898 0.08010565
v 0.15273995 -0.14879881 0.04377853
v 0.19771135 -0.01991672 0.07126685
v 0.15128512 -0.06090669 0.05437805
v 0.18034083 0.00316779 0.05381910
v 0.19739912 -0.06063102 0.08010565
v 0.15273995 -0.02120119 0.04377853
v 0.16979823 -0.08500000 0.07006508
v 0.12399647 -0.08500000 -0.04232665
v 0.12399647 -0.08500000 0.01232665
v 0.12513907 -0.04557017 -0.03124598
v 0.12513907 -0.12442983 -0.03124598
v 0.12513907 -0.04557017 0.00124598
v 0.12513907 -0.12442983 0.00124598
v -0.03942983 0.02133135 -0.23500000
v 0.03942983 0.02133135 -0.23500000
v -0.03942983 -0.19133135 -0.23500000
v 0.03942983 -0.19133135 -0.23500000
v 0.00000000 -0.15071639 -0.13717516
v 0.00000000 -0.01928361 -0.13717516
v 0.00000000 -0.15071639 -0.33282484
v 0.00000000 -0.01928361 -0.33282484
v 0.06379881 -0.08500000 -0.29545908
v 0.06379881 -0.08500000 -0.17454092
v -0.06379881 -0.08500000 -0.29545908
v -0.06379881 -0.08500000 -0.17454092
v 0.00000000 0.04000000 -0.23500000
v 0.00000000 -0.21000000 -0.23500000
v -0.02317627 -0.18612712 -0.17750000
v 0.02317627 -0.18612712 -0.17750000
v -0.02317627 0.01612712 -0.17750000
v 0.02317627 0.01612712 -0.17750000
v 0.00000000 -0.08500000 -0.12000000
v -0.02317627 -0.18612712 -0.29250000
v 0.02317627 -0.18612712 -0.29250000
v -0.02317627 0.01612712 -0.29250000
v 0.02317627 0.01612712 -0.29250000
v 0.00000000 -0.08500000 -0.35000000
v 0.06067627 -0.02250000 -0.27053695
v 0.06067627 -0.14750000 -0.27053695
v 0.03750000 -0.12362712 -0.32803695
v 0.03750000 -0.04637288 -0.32803695
v 0.06067627 -0.02250000 -0.19946305
v 0.06067627 -0.14750000 -0.19946305
v 0.03750000 -0.12362712 -0.14196305
v 0.03750000 -0.04637288 -0.14196305
v 0.07500000 -0.08500000 -0.23500000
v -0.06067627 -0.02250000 -0.27053695
v -0.06067627 -0.14750000 -0.27053695
v -0.03750000 -0.12362712 -0.32803695
v -0.03750000 -0.04637288 -0.32803695
v -0.06067627 -0.02250000 -0.19946305
v -0.06067627 -0.14750000 -0.19946305
v -0.03750000 -0.12362712 -0.14196305
v -0.03750000 -0.04637288 -0.14196305
v -0.07500000 -0.08500000 -0.23500000
v -0.02049499 0.03524229 -0.23500000
v 0.02049499 0.03524229 -0.23500000
v -0.02049499 -0.20524229 -0.23500000
v 0.02049499 -0.20524229 -0.23500000
v -0.03254164 -0.19283356 -0.20511243
v -0.01204665 -0.17172256 -0.15426466
v -0.01218449 -0.20388206 -0.20477046
v 0.03254164 -0.19283356 -0.20511243
v 0.01204665 -0.17172256 -0.15426466
v 0.01218449 -0.20388206 -0.20477046
v 0.00000000 -0.19133135 -0.17454092
v -0.03254164 0.02283356 -0.20511243
v -0.01204665 0.00172256 -0.15426466
v -0.01218449 0.03388206 -0.20477046
v 0.03254164 0.02283356 -0.20511243
v 0.01204665 0.00172256 -0.15426466
v 0.01218449 0.03388206 -0.20477046
v 0.00000000 0.02133135 -0.17454092
v 0.00000000 -0.11915832 -0.12437709
v 0.00000000 -0.05084168 -0.12437709
v -0.03254164 -0.19283356 -0.26488757
v -0.01204665 -0.17172256 -0.31573534
v -0.01218449 -0.20388206 -0.26522954
v 0.03254164 -0.19283356 -0.26488757
v 0.01204665 -0.17172256 -0.31573534
v 0.01218449 -0.20388206 -0.26522954
v 0.00000000 -0.19133135 -0.29545908
v -0.03254164 0.02283356 -0.26488757
v -0.01204665 0.00172256 -0.31573534
v -0.01218449 0.03388206 -0.26522954
v 0.03254164 0.02283356 -0.26488757
v 0.01204665 0.00172256 -0.31573534
v 0.01218449 0.03388206 -0.26522954
v 0.00000000 0.02133135 -0.29545908
v 0.00000000 -0.11915832 -0.34562291
v 0.00000000 -0.05084168 -0.34562291
v 0.05203354 0.00275581 -0.25347153
v 0.06470014 -0.05251351 -0.28489718
v 0.04408389 0.00102387 -0.28391242
v 0.05203354 -0.17275581 -0.25347153
v 0.06470014 -0.11748649 -0.28489718
v 0.04408389 -0.17102387 -0.28391242
v 0.01949189 -0.13923607 -0.33420688
v 0.05265348 -0.10507775 -0.31478475
v 0.03189941 -0.15847316 -0.31414196
v 0.01971492 -0.10530748 -0.34437150
v 0.05161432 -0.13816568 -0.30259530
v 0.01949189 -0.03076393 -0.33420688
v 0.05265348 -0.06492225 -0.31478475
v 0.03189941 -0.01152684 -0.31414196
v 0.01971492 -0.06469252 -0.34437150
v 0.05161432 -0.03183432 -0.30259530
v 0.03942983 -0.08500000 -0.33282484
v 0.05203354 0.00275581 -0.21652847
v 0.06470014 -0.05251351 -0.18510282
v 0.04408389 0.00102387 -0.18608758
v 0.06379881 -0.01928361 -0.23500000
v 0.05203354 -0.17275581 -0.21652847
v 0.06470014 -0.11748649 -0.18510282
v 0.04408389 -0.17102387 -0.18608758
v 0.06379881 -0.15071639 -0.23500000
v 0.01949189 -0.13923607 -0.13579312
v 0.05265348 -0.10507775 -0.15521525
v 0.03189941 -0.15847316 -0.15585804
v 0.01971492 -0.10530748 -0.12562850
v 0.05161432 -0.13816568 -0.16740470
v 0.01949189 -0.03076393 -0.13579312
v 0.05265348 -0.06492225 -0.15521525
v 0.03189941 -0.01152684 -0.15585804
v 0.01971492 -0.06469252 -0.12562850
v 0.05161432 -0.03183432 -0.16740470
v 0.03942983 -0.08500000 -0.13717516
v 0.07214538 -0.08500000 -0.26642565
v 0.07214538 -0.08500000 -0.20357435
v 0.07132924 -0.05214181 -0.25368288
v 0.07132924 -0.11785819 -0.25368288
v 0.07132924 -0.05214181 -0.21631712
v 0.07132924 -0.11785819 -0.21631712
v -0.05203354 0.00275581 -0.25347153
v -0.06470014 -0.05251351 -0.28489718
v -0.04408389 0.00102387 -0.28391242
v -0.05203354 -0.17275581 -0.25347153
v -0.06470014 -0.11748649 -0.28489718
v -0.04408389 -0.17102387 -0.28391242
v -0.01949189 -0.13923607 -0.33420688
v -0.05265348 -0.10507775 -0.31478475
v -0.03189941 -0.15847316 -0.31414196
v -0.01971492 -0.10530748 -0.34437150
v -0.05161432 -0.13816568 -0.30259530
v -0.01949189 -0.03076393 -0.33420688
v -0.05265348 -0.06492225 -0.31478475
v -0.03189941 -0.01152684 -0.31414196
v -0.01971492 -0.06469252 -0.34437150
v -0.05161432 -0.03183432 -0.30259530
v -0.03942983 -0.08500000 -0.33282484
v -0.05203354 0.00275581 -0.21652847
v -0.06470014 -0.05251351 -0.18510282
v -0.04408389 0.00102387 -0.18608758
v -0.06379881 -0.01928361 -0.23500000
v -0.05203354 -0.17275581 -0.21652847
v -0.06470014 -0.11748649 -0.18510282
v -0.04408389 -0.17102387 -0.18608758
v -0.06379881 -0.15071639 -0.23500000
v -0.01949189 -0.13923607 -0.13579312
v -0.05265348 -0.10507775 -0.15521525
v -0.03189941 -0.15847316 -0.15585804
v -0.01971492 -0.10530748 -0.12562850
v -0.05161432 -0.13816568 -0.16740470
v -0.01949189 -0.03076393 -0.13579312
v -0.05265348 -0.06492225 -0.15521525
v -0.03189941 -0.01152684 -0.15585804
v -0.01971492 -0.06469252 -0.12562850
v -0.05161432 -0.03183432 -0.16740470
v -0.03942983 -0.08500000 -0.13717516
v -0.07214538 -0.08500000 -0.26642565
v -0.07214538 -0.08500000 -0.20357435
v -0.07132924 -0.05214181 -0.25368288
v -0.07132924 -0.11785819 -0.25368288
v -0.07132924 -0.05214181 -0.21631712
v -0.07132924 -0.11785819 -0.21631712
vn -0.56354317 0.82608662 -0.00000000
vn 0.56354317 0.82608662 -0.00000000
vn -0.56354317 -0.82608662 -0.00000000
vn 0.56354317 -0.82608662 0.00000000
vn 0.00000000 -0.48853220 0.87254587
vn -0.00000000 0.48853220 0.87254587
vn 0.00000000 -0.48853220 -0.87254587
vn -0.00000000 0.48853220 -0.87254587
vn 0.85062579 0.00000000 -0.52577159
vn 0.85062579 0.00000000 0.52577159
vn -0.85062579 -0.00000000 -0.52577159
vn -0.85062579 0.00000000 0.52577159
vn 0.00000000 1.00000000 0.00000000
vn 0.00000000 -1.00000000 0.00000000
vn -0.32879986 -0.78018143 0.53217251
vn 0.32879986 -0.78018143 0.53217251
vn -0.32879986 0.78018143 0.53217251
vn 0.32879986 0.78018143 0.53217251
vn 0.00000000 0.00000000 1.00000000
vn -0.32879986 -0.78018143 -0.53217251
vn 0.32879986 -0.78018143 -0.53217251
vn -0.32879986 0.78018143 -0.53217251
vn 0.32879986 0.78018143 -0.53217251
vn -0.00000000 0.00000000 -1.00000000
vn 0.82778024 0.46343502 -0.31624018
vn 0.82778024 -0.46343502 -0.31624018
vn 0.50437142 -0.28239321 -0.81600462
vn 0.50437142 0.28239321 -0.81600462
vn 0.82778024 0.46343502 0.31624018
vn 0.82778024 -0.46343502 0.31624018
vn 0.50437142 -0.28239321 0.81600462
vn 0.50437142 0.28239321 0.81600462
vn 1.00000000 0.00000000 0.00000000
vn -0.82778024 0.46343502 -0.31624018
vn -0.82778024 -0.46343502 -0.31624018
vn -0.50437142 -0.28239321 -0.81600462
vn -0.50437142 0.28239321 -0.81600462
vn -0.82778024 0.46343502 0.31624018
vn -0.82778024 -0.46343502 0.31624018
vn -0.50437142 -0.28239321 0.81600462
vn -0.50437142 0.28239321 0.81600462
vn -1.00000000 -0.00000000 0.00000000
vn -0.30023661 0.95386476 0.00000000
vn 0.30023661 0.95386476 -0.00000000
vn -0.30023661 -0.95386476 -0.00000000
vn 0.30023661 -0.95386476 0.00000000
vn -0.46645717 -0.83964029 0.27824790
vn -0.16730504 -0.65706369 0.73503491
vn -0.17261922 -0.94130172 0.29009254
vn 0.46645717 -0.83964029 0.27824790
vn 0.16730504 -0.65706369 0.73503491
vn 0.17261922 -0.94130172 0.29009254
vn -0.00000000 -0.82921503 0.55892972
vn -0.46645717 0.83964029 0.27824790
vn -0.16730504 0.65706369 0.73503491
vn -0.17261922 0.94130172 0.29009254
vn 0.46645717 0.83964029 0.27824790
vn 0.16730504 0.65706369 0.73503491
vn 0.17261922 0.94130172 0.29009254
vn 0.00000000 0.82921503 0.55892972
vn -0.00000000 -0.25029211 0.96817037
vn -0.00000000 0.25029211 0.96817037
vn -0.46645717 -0.83964029 -0.27824790
vn -0.16730504 -0.65706369 -0.73503491
vn -0.17261922 -0.94130172 -0.29009254
vn 0.46645717 -0.83964029 -0.27824790
vn 0.16730504 -0.65706369 -0.73503491
vn 0.17261922 -0.94130172 -0.29009254
vn 0.00000000 -0.82921503 -0.55892972
vn -0.46645717 0.83964029 -0.27824790
vn -0.16730504 0.65706369 -0.73503491
vn -0.17261922 0.94130172 -0.29009254
vn 0.46645717 0.83964029 -0.27824790
vn 0.16730504 0.65706369 -0.73503491
vn 0.17261922 0.94130172 -0.29009254
vn -0.00000000 0.82921503 -0.55892972
vn -0.00000000 -0.25029211 -0.96817037
vn -0.00000000 0.25029211 -0.96817037
vn 0.72616235 0.66679411 -0.16755252
vn 0.86792099 0.23591264 -0.43710225
vn 0.61410999 0.64899670 -0.44907928
vn 0.72616235 -0.66679411 -0.16755252
vn 0.86792099 -0.23591264 -0.43710225
vn 0.61410999 -0.64899670 -0.44907928
vn 0.26355783 -0.40010080 -0.87775658
vn 0.70431851 -0.14551821 -0.69480924
vn 0.44360532 -0.54981819 -0.70775298
vn 0.26634530 -0.14348922 -0.95313746
vn 0.69697399 -0.39602454 -0.59782256
vn 0.26355783 0.40010080 -0.87775658
vn 0.70431851 0.14551821 -0.69480924
vn 0.44360532 0.54981819 -0.70775298
vn 0.26634530 0.14348922 -0.95313746
vn 0.69697399 0.39602454 -0.59782256
vn 0.52143080 -0.00000000 -0.85329357
vn 0.72616235 0.66679411 0.16755252
vn 0.86792099 0.23591264 0.43710225
vn 0.61410999 0.64899670 0.44907928
vn 0.87499253 0.48413643 -0.00000000
vn 0.72616235 -0.66679411 0.16755252
vn 0.86792099 -0.23591264 0.43710225
vn 0.61410999 -0.64899670 0.44907928
vn 0.87499253 -0.48413643 0.00000000
vn 0.26355783 -0.40010080 0.87775658
vn 0.70431851 -0.14551821 0.69480924
vn 0.44360532 -0.54981819 0.70775298
vn 0.26634530 -0.14348922 0.95313746
vn 0.69697399 -0.39602454 0.59782256
vn 0.26355783 0.40010080 0.87775658
vn 0.70431851 0.14551821 0.69480924
vn 0.44360532 0.54981819 0.70775298
vn 0.26634530 0.14348922 0.95313746
vn 0.69697399 0.39602454 0.59782256
vn 0.52143080 -0.00000000 0.85329357
vn 0.96172133 0.00000000 -0.27402933
vn 0.96172133 0.00000000 0.27402933
vn 0.95715266 0.24202287 -0.15900856
vn 0.95715266 -0.24202287 -0.15900856
vn 0.95715266 0.24202287 0.15900856
vn 0.95715266 -0.24202287 0.15900856
vn -0.72616235 0.66679411 -0.16755252
vn -0.86792099 0.23591264 -0.43710225
vn -0.61410999 0.64899670 -0.44907928
vn -0.72616235 -0.66679411 -0.16755252
vn -0.86792099 -0.23591264 -0.43710225
vn -0.61410999 -0.64899670 -0.44907928
vn -0.26355783 -0.40010080 -0.87775658
vn -0.70431851 -0.14551821 -0.69480924
vn -0.44360532 -0.54981819 -0.70775298
vn -0.26634530 -0.14348922 -0.95313746
vn -0.69697399 -0.39602454 -0.59782256
vn -0.26355783 0.40010080 -0.87775658
vn -0.70431851 0.14551821 -0.69480924
vn -0.44360532 0.54981819 -0.70775298
vn -0.26634530 0.14348922 -0.95313746
vn -0.69697399 0.39602454 -0.59782256
vn -0.52143080 0.00000000 -0.85329357
vn -0.72616235 0.66679411 0.16755252
vn -0.86792099 0.23591264 0.43710225
vn -0.61410999 0.64899670 0.44907928
vn -0.87499253 0.48413643 0.00000000
vn -0.72616235 -0.66679411 0.16755252
vn -0.86792099 -0.23591264 0.43710225
vn -0.61410999 -0.64899670 0.44907928
vn -0.87499253 -0.48413643 0.00000000
vn -0.26355783 -0.40010080 0.87775658
vn -0.70431851 -0.14551821 0.69480924
vn -0.44360532 -0.54981819 0.70775298
vn -0.26634530 -0.14348922 0.95313746
vn -0.69697399 -0.39602454 0.59782256
vn -0.26355783 0.40010080 0.87775658
vn -0.70431851 0.14551821 0.69480924
vn -0.44360532 0.54981819 0.70775298
vn -0.26634530 0.14348922 0.95313746
vn -0.69697399 0.39602454 0.59782256
vn -0.52143080 0.00000000 0.85329357
vn -0.96172133 0.00000000 -0.27402933
vn -0.96172133 0.00000000 0.27402933
vn -0.95715266 0.24202287 -0.15900856
vn -0.95715266 -0.24202287 -0.15900856
vn -0.95715266 0.24202287 0.15900856
vn -0.95715266 -0.24202287 0.15900856
vn -0.43853289 0.89871514 -0.00000000
vn -0.15267875 0.98827587 0.00000000
vn 0.43853289 0.89871514 -0.00000000
vn 0.15267875 0.98827587 0.00000000
vn -0.43853289 -0.89871514 -0.00000000
vn -0.15267875 -0.98827587 0.00000000
vn 0.43853289 -0.89871514 -0.00000000
vn 0.15267875 -0.98827587 0.00000000
vn -0.52090220 -0.84205830 0.13999540
vn -0.40184902 -0.81872019 0.41013976
vn -0.38820889 -0.91028181 0.14380851
vn -0.08320852 -0.57712393 0.81240649
vn -0.24988387 -0.72551069 0.64124277
vn -0.08548532 -0.98511872 0.14910857
vn -0.25314987 -0.87144408 0.42011946
vn -0.24243304 -0.95912744 0.14594786
vn -0.32698195 -0.90097702 0.28517224
vn 0.52090220 -0.84205830 0.13999540
vn 0.40184902 -0.81872019 0.41013976
vn 0.38820889 -0.91028181 0.14380851
vn 0.08320852 -0.57712393 0.81240649
vn 0.24988387 -0.72551069 0.64124277
vn -0.00000000 -0.66794028 0.74421487
vn 0.08548532 -0.98511872 0.14910857
vn 0.25314987 -0.87144408 0.42011946
vn 0.24243304 -0.95912744 0.14594786
vn -0.00000000 -0.95598682 0.29340960
vn 0.32698195 -0.90097702 0.28517224
vn -0.16781345 -0.81745519 0.55100423
vn 0.16781345 -0.81745519 0.55100423
vn -0.08488955 -0.74843703 0.65775054
vn -0.08769504 -0.89739640 0.43242258
vn 0.08488955 -0.74843703 0.65775054
vn 0.08769504 -0.89739640 0.43242258
vn -0.52090220 0.84205830 0.13999540
vn -0.40184902 0.81872019 0.41013976
vn -0.38820889 0.91028181 0.14380851
vn -0.08320852 0.57712393 0.81240649
vn -0.24988387 0.72551069 0.64124277
vn -0.08548532 0.98511872 0.14910857
vn -0.25314987 0.87144408 0.42011946
vn -0.24243304 0.95912744 0.14594786
vn -0.32698195 0.90097702 0.28517224
vn 0.52090220 0.84205830 0.13999540
vn 0.40184902 0.81872019 0.41013976
vn 0.38820889 0.91028181 0.14380851
vn 0.08320852 0.57712393 0.81240649
vn 0.24988387 0.72551069 0.64124277
vn 0.00000000 0.66794028 0.74421487
vn 0.08548532 0.98511872 0.14910857
vn 0.25314987 0.87144408 0.42011946
vn 0.24243304 0.95912744 0.14594786
vn 0.00000000 0.95598682 0.29340960
vn 0.32698195 0.90097702 0.28517224
vn -0.16781345 0.81745519 0.55100423
vn 0.16781345 0.81745519 0.55100423
vn -0.08488955 0.74843703 0.65775054
vn -0.08769504 0.89739640 0.43242258
vn 0.08488955 0.74843703 0.65775054
vn 0.08769504 0.89739640 0.43242258
vn 0.00000000 -0.37192469 0.92826291
vn 0.00000000 -0.12593479 0.99203852
vn -0.00000000 0.37192469 0.92826291
vn -0.00000000 0.12593479 0.99203852
vn -0.52090220 -0.84205830 -0.13999540
vn -0.40184902 -0.81872019 -0.41013976
vn -0.38820889 -0.91028181 -0.14380851
vn -0.08320852 -0.57712393 -0.81240649
vn -0.24988387 -0.72551069 -0.64124277
vn -0.08548532 -0.98511872 -0.14910857
vn -0.25314987 -0.87144408 -0.42011946
vn -0.24243304 -0.95912744 -0.14594786
vn -0.32698195 -0.90097702 -0.28517224
vn 0.52090220 -0.84205830 -0.13999540
vn 0.40184902 -0.81872019 -0.41013976
vn 0.38820889 -0.91028181 -0.14380851
vn 0.08320852 -0.57712393 -0.81240649
vn 0.24988387 -0.72551069 -0.64124277
vn 0.00000000 -0.66794028 -0.74421487
vn 0.08548532 -0.98511872 -0.14910857
vn 0.25314987 -0.87144408 -0.42011946
vn 0.24243304 -0.95912744 -0.14594786
vn 0.00000000 -0.95598682 -0.29340960
vn 0.32698195 -0.90097702 -0.28517224
vn -0.16781345 -0.81745519 -0.55100423
vn 0.16781345 -0.81745519 -0.55100423
vn -0.08488955 -0.74843703 -0.65775054
vn -0.08769504 -0.89739640 -0.43242258
vn 0.08488955 -0.74843703 -0.65775054
vn 0.08769504 -0.89739640 -0.43242258
vn -0.52090220 0.84205830 -0.13999540
vn -0.40184902 0.81872019 -0.41013976
vn -0.38820889 0.91028181 -0.14380851
vn -0.08320852 0.57712393 -0.81240649
vn -0.24988387 0.72551069 -0.64124277
vn -0.08548532 0.98511872 -0.14910857
vn -0.25314987 0.87144408 -0.42011946
vn -0.24243304 0.95912744 -0.14594786
vn -0.32698195 0.90097702 -0.28517224
vn 0.52090220 0.84205830 -0.13999540
vn 0.40184902 0.81872019 -0.41013976
vn 0.38820889 0.91028181 -0.14380851
vn 0.08320852 0.57712393 -0.81240649
vn 0.24988387 0.72551069 -0.64124277
vn 0.00000000 0.66794028 -0.74421487
vn 0.08548532 0.98511872 -0.14910857
vn 0.25314987 0.87144408 -0.42011946
vn 0.24243304 0.95912744 -0.14594786
vn -0.00000000 0.95598682 -0.29340960
vn 0.32698195 0.90097702 -0.28517224
vn -0.16781345 0.81745519 -0.55100423
vn 0.16781345 0.81745519 -0.55100423
vn -0.08488955 0.74843703 -0.65775054
vn -0.08769504 0.89739640 -0.43242258
vn 0.08488955 0.74843703 -0.65775054
vn 0.08769504 0.89739640 -0.43242258
vn -0.00000000 -0.37192469 -0.92826291
vn 0.00000000 -0.12593479 -0.99203852
vn 0.00000000 0.37192469 -0.92826291
vn 0.00000000 0.12593479 -0.99203852
vn 0.65203049 0.75338662 -0.08523402
vn 0.78478294 0.56934334 -0.24487528
vn 0.60650386 0.76188614 -0.22733802
vn 0.86611415 0.11801644 -0.48571431
vn 0.85534406 0.35156060 -0.38051504
vn 0.47871935 0.72227787 -0.49914172
vn 0.73112478 0.56070723 -0.38866948
vn 0.54789988 0.75226502 -0.36592768
vn 0.67727051 0.66735495 -0.30974510
vn 0.65203049 -0.75338662 -0.08523402
vn 0.78478294 -0.56934334 -0.24487528
vn 0.60650386 -0.76188614 -0.22733802
vn 0.86611415 -0.11801644 -0.48571431
vn 0.85534406 -0.35156060 -0.38051504
vn 0.47871935 -0.72227787 -0.49914172
vn 0.73112478 -0.56070723 -0.38866948
vn 0.54789988 -0.75226502 -0.36592768
vn 0.67727051 -0.66735495 -0.30974510
vn 0.13316416 -0.44858566 -0.88376366
vn 0.38800842 -0.34427751 -0.85494003
vn 0.22068235 -0.53351806 -0.81649114
vn 0.13396541 -0.32741044 -0.93533720
vn 0.78487621 -0.07316174 -0.61531838
vn 0.61039663 -0.21565978 -0.76217243
vn 0.79547613 -0.19482623 -0.57381222
vn 0.39397066 -0.67172613 -0.62735247
vn 0.48175907 -0.41875533 -0.76977411
vn 0.30739806 -0.60906009 -0.73113079
vn 0.53485632 -0.60795126 -0.58679126
vn 0.35375830 -0.47995365 -0.80280730
vn 0.13572146 -0.07048194 -0.98823680
vn 0.39124044 -0.21337609 -0.89521034
vn 0.13384125 -0.20131476 -0.97033957
vn 0.26508138 -0.27527153 -0.92409818
vn 0.77086653 -0.43732921 -0.46315003
vn 0.60619065 -0.34514237 -0.71652609
vn 0.79184043 -0.31611219 -0.52255317
vn 0.66467667 -0.52676369 -0.52983482
vn 0.70877540 -0.26997286 -0.65173007
vn 0.57841889 -0.47767270 -0.66125666
vn 0.13316416 0.44858566 -0.88376366
vn 0.38800842 0.34427751 -0.85494003
vn 0.22068235 0.53351806 -0.81649114
vn 0.13396541 0.32741044 -0.93533720
vn 0.78487621 0.07316174 -0.61531838
vn 0.61039663 0.21565978 -0.76217243
vn 0.79547613 0.19482623 -0.57381222
vn 0.71045724 0.00000000 -0.70374038
vn 0.39397066 0.67172613 -0.62735247
vn 0.48175907 0.41875533 -0.76977411
vn 0.30739806 0.60906009 -0.73113079
vn 0.53485632 0.60795126 -0.58679126
vn 0.35375830 0.47995365 -0.80280730
vn 0.13572146 0.07048194 -0.98823680
vn 0.39124044 0.21337609 -0.89521034
vn 0.13384125 0.20131476 -0.97033957
vn 0.26794558 -0.00000000 -0.96343405
vn 0.26508138 0.27527153 -0.92409818
vn 0.77086653 0.43732921 -0.46315003
vn 0.60619065 0.34514237 -0.71652609
vn 0.79184043 0.31611219 -0.52255317
vn 0.66467667 0.52676369 -0.52983482
vn 0.70877540 0.26997286 -0.65173007
vn 0.57841889 0.47767270 -0.66125666
vn 0.51610987 -0.14242652 -0.84459771
vn 0.51610987 0.14242652 -0.84459771
vn 0.62125141 -0.07263095 -0.78023806
vn 0.39908630 -0.07334598 -0.91397510
vn 0.62125141 0.07263095 -0.78023806
vn 0.39908630 0.07334598 -0.91397510
vn 0.65203049 0.75338662 0.08523402
vn 0.78478294 0.56934334 0.24487528
vn 0.60650386 0.76188614 0.22733802
vn 0.73798105 0.67482143 0.00000000
vn 0.86611415 0.11801644 0.48571431
vn 0.85534406 0.35156060 0.38051504
vn 0.47871935 0.72227787 0.49914172
vn 0.73112478 0.56070723 0.38866948
vn 0.54789988 0.75226502 0.36592768
vn 0.67727051 0.66735495 0.30974510
vn 0.86365415 0.47783029 -0.16056066
vn 0.86365415 0.47783029 0.16056066
vn 0.80825941 0.58294039 -0.08304953
vn 0.80825941 0.58294039 0.08304953
vn 0.65203049 -0.75338662 0.08523402
vn 0.78478294 -0.56934334 0.24487528
vn 0.60650386 -0.76188614 0.22733802
vn 0.73798105 -0.67482143 0.00000000
vn 0.86611415 -0.11801644 0.48571431
vn 0.85534406 -0.35156060 0.38051504
vn 0.47871935 -0.72227787 0.49914172
vn 0.73112478 -0.56070723 0.38866948
vn 0.54789988 -0.75226502 0.36592768
vn 0.67727051 -0.66735495 0.30974510
vn 0.86365415 -0.47783029 -0.16056066
vn 0.86365415 -0.47783029 0.16056066
vn 0.80825941 -0.58294039 -0.08304953
vn 0.80825941 -0.58294039 0.08304953
vn 0.13316416 -0.44858566 0.88376366
vn 0.38800842 -0.34427751 0.85494003
vn 0.22068235 -0.53351806 0.81649114
vn 0.13396541 -0.32741044 0.93533720
vn 0.78487621 -0.07316174 0.61531838
vn 0.61039663 -0.21565978 0.76217243
vn 0.79547613 -0.19482623 0.57381222
vn 0.39397066 -0.67172613 0.62735247
vn 0.48175907 -0.41875533 0.76977411
vn 0.30739806 -0.60906009 0.73113079
vn 0.53485632 -0.60795126 0.58679126
vn 0.35375830 -0.47995365 0.80280730
vn 0.13572146 -0.07048194 0.98823680
vn 0.39124044 -0.21337609 0.89521034
vn 0.13384125 -0.20131476 0.97033957
vn 0.26508138 -0.27527153 0.92409818
vn 0.77086653 -0.43732921 0.46315003
vn 0.60619065 -0.34514237 0.71652609
vn 0.79184043 -0.31611219 0.52255317
vn 0.66467667 -0.52676369 0.52983482
vn 0.70877540 -0.26997286 0.65173007
vn 0.57841889 -0.47767270 0.66125666
vn 0.13316416 0.44858566 0.88376366
vn 0.38800842 0.34427751 0.85494003
vn 0.22068235 0.53351806 0.81649114
vn 0.13396541 0.32741044 0.93533720
vn 0.78487621 0.07316174 0.61531838
vn 0.61039663 0.21565978 0.76217243
vn 0.79547613 0.19482623 0.57381222
vn 0.71045724 0.00000000 0.70374038
vn 0.39397066 0.67172613 0.62735247
vn 0.48175907 0.41875533 0.76977411
vn 0.30739806 0.60906009 0.73113079
vn 0.53485632 0.60795126 0.58679126
vn 0.35375830 0.47995365 0.80280730
vn 0.13572146 0.07048194 0.98823680
vn 0.39124044 0.21337609 0.89521034
vn 0.13384125 0.20131476 0.97033957
vn 0.26794558 0.00000000 0.96343405
vn 0.26508138 0.27527153 0.92409818
vn 0.77086653 0.43732921 0.46315003
vn 0.60619065 0.34514237 0.71652609
vn 0.79184043 0.31611219 0.52255317
vn 0.66467667 0.52676369 0.52983482
vn 0.70877540 0.26997286 0.65173007
vn 0.57841889 0.47767270 0.66125666
vn 0.51610987 -0.14242652 0.84459771
vn 0.51610987 0.14242652 0.84459771
vn 0.62125141 -0.07263095 0.78023806
vn 0.39908630 -0.07334598 0.91397510
vn 0.62125141 0.07263095 0.78023806
vn 0.39908630 0.07334598 0.91397510
vn 0.91471526 0.00000000 -0.40409898
vn 0.99036604 0.00000000 -0.13847421
vn 0.92604446 0.12004229 -0.35781491
vn 0.92604446 -0.12004229 -0.35781491
vn 0.91471526 0.00000000 0.40409898
vn 0.99036604 0.00000000 0.13847421
vn 0.92604446 0.12004229 0.35781491
vn 0.92604446 -0.12004229 0.35781491
vn 0.90322104 0.35730984 -0.23774237
vn 0.98938500 0.12279988 -0.07770147
vn 0.92228666 0.23960324 -0.30327809
vn 0.92669462 0.36674152 -0.08208372
vn 0.96761785 0.12084447 -0.22161295
vn 0.90322104 -0.35730984 -0.23774237
vn 0.98938500 -0.12279988 -0.07770147
vn 0.92228666 -0.23960324 -0.30327809
vn 0.92669462 -0.36674152 -0.08208372
vn 0.96761785 -0.12084447 -0.22161295
vn 0.90322104 0.35730984 0.23774237
vn 0.98938500 0.12279988 0.07770147
vn 0.92228666 0.23960324 0.30327809
vn 0.92669462 0.36674152 0.08208372
vn 0.96761785 0.12084447 0.22161295
vn 0.96966328 0.24444452 0.00000000
vn 0.90322104 -0.35730984 0.23774237
vn 0.98938500 -0.12279988 0.07770147
vn 0.92228666 -0.23960324 0.30327809
vn 0.92669462 -0.36674152 0.08208372
vn 0.96761785 -0.12084447 0.22161295
vn 0.96966328 -0.24444452 0.00000000
vn -0.65203049 0.75338662 -0.08523402
vn -0.78478294 0.56934334 -0.24487528
vn -0.60650386 0.76188614 -0.22733802
vn -0.86611415 0.11801644 -0.48571431
vn -0.85534406 0.35156060 -0.38051504
vn -0.47871935 0.72227787 -0.49914172
vn -0.73112478 0.56070723 -0.38866948
vn -0.54789988 0.75226502 -0.36592768
vn -0.67727051 0.66735495 -0.30974510
vn -0.65203049 -0.75338662 -0.08523402
vn -0.78478294 -0.56934334 -0.24487528
vn -0.60650386 -0.76188614 -0.22733802
vn -0.86611415 -0.11801644 -0.48571431
vn -0.85534406 -0.35156060 -0.38051504
vn -0.47871935 -0.72227787 -0.49914172
vn -0.73112478 -0.56070723 -0.38866948
vn -0.54789988 -0.75226502 -0.36592768
vn -0.67727051 -0.66735495 -0.30974510
vn -0.13316416 -0.44858566 -0.88376366
vn -0.38800842 -0.34427751 -0.85494003
vn -0.22068235 -0.53351806 -0.81649114
vn -0.13396541 -0.32741044 -0.93533720
vn -0.78487621 -0.07316174 -0.61531838
vn -0.61039663 -0.21565978 -0.76217243
vn -0.79547613 -0.19482623 -0.57381222
vn -0.39397066 -0.67172613 -0.62735247
vn -0.48175907 -0.41875533 -0.76977411
vn -0.30739806 -0.60906009 -0.73113079
vn -0.53485632 -0.60795126 -0.58679126
vn -0.35375830 -0.47995365 -0.80280730
vn -0.13572146 -0.07048194 -0.98823680
vn -0.39124044 -0.21337609 -0.89521034
vn -0.13384125 -0.20131476 -0.97033957
vn -0.26508138 -0.27527153 -0.92409818
vn -0.77086653 -0.43732921 -0.46315003
vn -0.60619065 -0.34514237 -0.71652609
vn -0.79184043 -0.31611219 -0.52255317
vn -0.66467667 -0.52676369 -0.52983482
vn -0.70877540 -0.26997286 -0.65173007
vn -0.57841889 -0.47767270 -0.66125666
vn -0.13316416 0.44858566 -0.88376366
vn -0.38800842 0.34427751 -0.85494003
vn -0.22068235 0.53351806 -0.81649114
vn -0.13396541 0.32741044 -0.93533720
vn -0.78487621 0.07316174 -0.61531838
vn -0.61039663 0.21565978 -0.76217243
vn -0.79547613 0.19482623 -0.57381222
vn -0.71045724 -0.00000000 -0.70374038
vn -0.39397066 0.67172613 -0.62735247
vn -0.48175907 0.41875533 -0.76977411
vn -0.30739806 0.60906009 -0.73113079
vn -0.53485632 0.60795126 -0.58679126
vn -0.35375830 0.47995365 -0.80280730
vn -0.13572146 0.07048194 -0.98823680
vn -0.39124044 0.21337609 -0.89521034
vn -0.13384125 0.20131476 -0.97033957
vn -0.26794558 -0.00000000 -0.96343405
vn -0.26508138 0.27527153 -0.92409818
vn -0.77086653 0.43732921 -0.46315003
vn -0.60619065 0.34514237 -0.71652609
vn -0.79184043 0.31611219 -0.52255317
vn -0.66467667 0.52676369 -0.52983482
vn -0.70877540 0.26997286 -0.65173007
vn -0.57841889 0.47767270 -0.66125666
vn -0.51610987 -0.14242652 -0.84459771
vn -0.51610987 0.14242652 -0.84459771
vn -0.62125141 -0.07263095 -0.78023806
vn -0.39908630 -0.07334598 -0.91397510
vn -0.62125141 0.07263095 -0.78023806
vn -0.39908630 0.07334598 -0.91397510
vn -0.65203049 0.75338662 0.08523402
vn -0.78478294 0.56934334 0.24487528
vn -0.60650386 0.76188614 0.22733802
vn -0.73798105 0.67482143 0.00000000
vn -0.86611415 0.11801644 0.48571431
vn -0.85534406 0.35156060 0.38051504
vn -0.47871935 0.72227787 0.49914172
vn -0.73112478 0.56070723 0.38866948
vn -0.54789988 0.75226502 0.36592768
vn -0.67727051 0.66735495 0.30974510
vn -0.86365415 0.47783029 -0.16056066
vn -0.86365415 0.47783029 0.16056066
vn -0.80825941 0.58294039 -0.08304953
vn -0.80825941 0.58294039 0.08304953
vn -0.65203049 -0.75338662 0.08523402
vn -0.78478294 -0.56934334 0.24487528
vn -0.60650386 -0.76188614 0.22733802
vn -0.73798105 -0.67482143 0.00000000
vn -0.86611415 -0.11801644 0.48571431
vn -0.85534406 -0.35156060 0.38051504
vn -0.47871935 -0.72227787 0.49914172
vn -0.73112478 -0.56070723 0.38866948
vn -0.54789988 -0.75226502 0.36592768
vn -0.67727051 -0.66735495 0.30974510
vn -0.86365415 -0.47783029 -0.16056066
vn -0.86365415 -0.47783029 0.16056066
vn -0.80825941 -0.58294039 -0.08304953
vn -0.80825941 -0.58294039 0.08304953
vn -0.13316416 -0.44858566 0.88376366
vn -0.38800842 -0.34427751 0.85494003
vn -0.22068235 -0.53351806 0.81649114
vn -0.13396541 -0.32741044 0.93533720
vn -0.78487621 -0.07316174 0.61531838
vn -0.61039663 -0.21565978 0.76217243
vn -0.79547613 -0.19482623 0.57381222
vn -0.39397066 -0.67172613 0.62735247
vn -0.48175907 -0.41875533 0.76977411
vn -0.30739806 -0.60906009 0.73113079
vn -0.53485632 -0.60795126 0.58679126
vn -0.35375830 -0.47995365 0.80280730
vn -0.13572146 -0.07048194 0.98823680
vn -0.39124044 -0.21337609 0.89521034
vn -0.13384125 -0.20131476 0.97033957
vn -0.26508138 -0.27527153 0.92409818
vn -0.77086653 -0.43732921 0.46315003
vn -0.60619065 -0.34514237 0.71652609
vn -0.79184043 -0.31611219 0.52255317
vn -0.66467667 -0.52676369 0.52983482
vn -0.70877540 -0.26997286 0.65173007
vn -0.57841889 -0.47767270 0.66125666
vn -0.13316416 0.44858566 0.88376366
vn -0.38800842 0.34427751 0.85494003
vn -0.22068235 0.53351806 0.81649114
vn -0.13396541 0.32741044 0.93533720
vn -0.78487621 0.07316174 0.61531838
vn -0.61039663 0.21565978 0.76217243
vn -0.79547613 0.19482623 0.57381222
vn -0.71045724 -0.00000000 0.70374038
vn -0.39397066 0.67172613 0.62735247
vn -0.48175907 0.41875533 0.76977411
vn -0.30739806 0.60906009 0.73113079
vn -0.53485632 0.60795126 0.58679126
vn -0.35375830 0.47995365 0.80280730
vn -0.13572146 0.07048194 0.98823680
vn -0.39124044 0.21337609 0.89521034
vn -0.13384125 0.20131476 0.97033957
vn -0.26794558 -0.00000000 0.96343405
vn -0.26508138 0.27527153 0.92409818
vn -0.77086653 0.43732921 0.46315003
vn -0.60619065 0.34514237 0.71652609
vn -0.79184043 0.31611219 0.52255317
vn -0.66467667 0.52676369 0.52983482
vn -0.70877540 0.26997286 0.65173007
vn -0.57841889 0.47767270 0.66125666
vn -0.51610987 -0.14242652 0.84459771
vn -0.51610987 0.14242652 0.84459771
vn -0.62125141 -0.07263095 0.78023806
vn -0.39908630 -0.07334598 0.91397510
vn -0.62125141 0.07263095 0.78023806
vn -0.39908630 0.07334598 0.91397510
vn -0.91471526 0.00000000 -0.40409898
vn -0.99036604 -0.00000000 -0.13847421
vn -0.92604446 0.12004229 -0.35781491
vn -0.92604446 -0.12004229 -0.35781491
vn -0.91471526 -0.00000000 0.40409898
vn -0.99036604 -0.00000000 0.13847421
vn -0.92604446 0.12004229 0.35781491
vn -0.92604446 -0.12004229 0.35781491
vn -0.90322104 0.35730984 -0.23774237
vn -0.98938500 0.12279988 -0.07770147
vn -0.92228666 0.23960324 -0.30327809
vn -0.92669462 0.36674152 -0.08208372
vn -0.96761785 0.12084447 -0.22161295
vn -0.90322104 -0.35730984 -0.23774237
vn -0.98938500 -0.12279988 -0.07770147
vn -0.92228666 -0.23960324 -0.30327809
vn -0.92669462 -0.36674152 -0.08208372
vn -0.96761785 -0.12084447 -0.22161295
vn -0.90322104 0.35730984 0.23774237
vn -0.98938500 0.12279988 0.07770147
vn -0.92228666 0.23960324 0.30327809
vn -0.92669462 0.36674152 0.08208372
vn -0.96761785 0.12084447 0.22161295
vn -0.96966328 0.24444452 0.00000000
vn -0.90322104 -0.35730984 0.23774237
vn -0.98938500 -0.12279988 0.07770147
vn -0.92228666 -0.23960324 0.30327809
vn -0.92669462 -0.36674152 0.08208372
vn -0.96761785 -0.12084447 0.22161295
vn -0.96966328 -0.24444452 0.00000000
vn -0.44852355 0.89377101 -0.00000000
vn 0.44852355 0.89377101 0.00000000
vn -0.44852355 -0.89377101 0.00000000
vn 0.44852355 -0.89377101 -0.00000000
vn 0.00000000 -0.59060648 0.80695972
vn 0.00000000 0.59060648 0.80695972
vn 0.00000000 -0.59060648 -0.80695972
vn 0.00000000 0.59060648 -0.80695972
vn 0.84133974 0.00000000 -0.54050665
vn 0.84133974 -0.00000000 0.54050665
vn -0.84133974 0.00000000 -0.54050665
vn -0.84133974 0.00000000 0.54050665
vn 0.00000000 1.00000000 -0.00000000
vn -0.00000000 -1.00000000 -0.00000000
vn -0.26586278 -0.85457879 0.44610769
vn 0.26586278 -0.85457879 0.44610769
vn -0.26586278 0.85457879 0.44610769
vn 0.26586278 0.85457879 0.44610769
vn -0.00000000 0.00000000 1.00000000
vn -0.26586278 -0.85457879 -0.44610769
vn 0.26586278 -0.85457879 -0.44610769
vn -0.26586278 0.85457879 -0.44610769
vn 0.26586278 0.85457879 -0.44610769
vn 0.00000000 0.00000000 -1.00000000
vn 0.75951271 0.57678387 -0.30076703
vn 0.75951271 -0.57678387 -0.30076703
vn 0.47639157 -0.36148468 -0.80148605
vn 0.47639157 0.36148468 -0.80148605
vn 0.75951271 0.57678387 0.30076703
vn 0.75951271 -0.57678387 0.30076703
vn 0.47639157 -0.36148468 0.80148605
vn 0.47639157 0.36148468 0.80148605
vn 1.00000000 -0.00000000 0.00000000
vn -0.75951271 0.57678387 -0.30076703
vn -0.75951271 -0.57678387 -0.30076703
vn -0.47639157 -0.36148468 -0.80148605
vn -0.47639157 0.36148468 -0.80148605
vn -0.75951271 0.57678387 0.30076703
vn -0.75951271 -0.57678387 0.30076703
vn -0.47639157 -0.36148468 0.80148605
vn -0.47639157 0.36148468 0.80148605
vn -1.00000000 -0.00000000 0.00000000
vn -0.22634034 0.97404828 -0.00000000
vn 0.22634034 0.97404828 -0.00000000
vn -0.22634034 -0.97404828 -0.00000000
vn 0.22634034 -0.97404828 0.00000000
vn -0.36881253 -0.90125337 0.22741961
vn -0.14127909 -0.75135197 0.64460099
vn -0.12658620 -0.96493729 0.22993902
vn 0.36881253 -0.90125337 0.22741961
vn 0.14127909 -0.75135197 0.64460099
vn 0.12658620 -0.96493729 0.22993902
vn -0.00000000 -0.89070419 0.45458338
vn -0.36881253 0.90125337 0.22741961
vn -0.14127909 0.75135197 0.64460099
vn -0.12658620 0.96493729 0.22993902
vn 0.36881253 0.90125337 0.22741961
vn 0.14127909 0.75135197 0.64460099
vn 0.12658620 0.96493729 0.22993902
vn 0.00000000 0.89070419 0.45458338
vn -0.00000000 -0.32001110 0.94741379
vn 0.00000000 0.32001110 0.94741379
vn -0.36881253 -0.90125337 -0.22741961
vn -0.14127909 -0.75135197 -0.64460099
vn -0.12658620 -0.96493729 -0.22993902
vn 0.36881253 -0.90125337 -0.22741961
vn 0.14127909 -0.75135197 -0.64460099
vn 0.12658620 -0.96493729 -0.22993902
vn 0.00000000 -0.89070419 -0.45458338
vn -0.36881253 0.90125337 -0.22741961
vn -0.14127909 0.75135197 -0.64460099
vn -0.12658620 0.96493729 -0.22993902
vn 0.36881253 0.90125337 -0.22741961
vn 0.14127909 0.75135197 -0.64460099
vn 0.12658620 0.96493729 -0.22993902
vn 0.00000000 0.89070419 -0.45458338
vn -0.00000000 -0.32001110 -0.94741379
vn 0.00000000 0.32001110 -0.94741379
vn 0.61816579 0.77201478 -0.14786560
vn 0.84276264 0.30979166 -0.44020479
vn 0.52535953 0.74943786 -0.40291470
vn 0.61816579 -0.77201478 -0.14786560
vn 0.84276264 -0.30979166 -0.44020479
vn 0.52535953 -0.74943786 -0.40291470
vn 0.23972139 -0.49757035 -0.83364105
vn 0.68602259 -0.18997561 -0.70234057
vn 0.39458862 -0.65563679 -0.64377032
vn 0.25722778 -0.18093335 -0.94926129
vn 0.64486816 -0.50249617 -0.57588423
vn 0.23972139 0.49757035 -0.83364105
vn 0.68602259 0.18997561 -0.70234057
vn 0.39458862 0.65563679 -0.64377032
vn 0.25722778 0.18093335 -0.94926129
vn 0.64486816 0.50249617 -0.57588423
vn 0.50207236 0.00000000 -0.86482561
vn 0.61816579 0.77201478 0.14786560
vn 0.84276264 0.30979166 0.44020479
vn 0.52535953 0.74943786 0.40291470
vn 0.80339444 0.59544721 0.00000000
vn 0.61816579 -0.77201478 0.14786560
vn 0.84276264 -0.30979166 0.44020479
vn 0.52535953 -0.74943786 0.40291470
vn 0.80339444 -0.59544721 0.00000000
vn 0.23972139 -0.49757035 0.83364105
vn 0.68602259 -0.18997561 0.70234057
vn 0.39458862 -0.65563679 0.64377032
vn 0.25722778 -0.18093335 0.94926129
vn 0.64486816 -0.50249617 0.57588423
vn 0.23972139 0.49757035 0.83364105
vn 0.68602259 0.18997561 0.70234057
vn 0.39458862 0.65563679 0.64377032
vn 0.25722778 0.18093335 0.94926129
vn 0.64486816 0.50249617 0.57588423
vn 0.50207236 0.00000000 0.86482561
vn 0.95824853 -0.00000000 -0.28593664
vn 0.95824853 -0.00000000 0.28593664
vn 0.93324511 0.32329452 -0.15663402
vn 0.93324511 -0.32329452 -0.15663402
vn 0.93324511 0.32329452 0.15663402
vn 0.93324511 -0.32329452 0.15663402
vn -0.61816579 0.77201478 -0.14786560
vn -0.84276264 0.30979166 -0.44020479
vn -0.52535953 0.74943786 -0.40291470
vn -0.61816579 -0.77201478 -0.14786560
vn -0.84276264 -0.30979166 -0.44020479
vn -0.52535953 -0.74943786 -0.40291470
vn -0.23972139 -0.49757035 -0.83364105
vn -0.68602259 -0.18997561 -0.70234057
vn -0.39458862 -0.65563679 -0.64377032
vn -0.25722778 -0.18093335 -0.94926129
vn -0.64486816 -0.50249617 -0.57588423
vn -0.23972139 0.49757035 -0.83364105
vn -0.68602259 0.18997561 -0.70234057
vn -0.39458862 0.65563679 -0.64377032
vn -0.25722778 0.18093335 -0.94926129
vn -0.64486816 0.50249617 -0.57588423
vn -0.50207236 -0.00000000 -0.86482561
vn -0.61816579 0.77201478 0.14786560
vn -0.84276264 0.30979166 0.44020479
vn -0.52535953 0.74943786 0.40291470
vn -0.80339444 0.59544721 0.00000000
vn -0.61816579 -0.77201478 0.14786560
vn -0.84276264 -0.30979166 0.44020479
vn -0.52535953 -0.74943786 0.40291470
vn -0.80339444 -0.59544721 0.00000000
vn -0.23972139 -0.49757035 0.83364105
vn -0.68602259 -0.18997561 0.70234057
vn -0.39458862 -0.65563679 0.64377032
vn -0.25722778 -0.18093335 0.94926129
vn -0.64486816 -0.50249617 0.57588423
vn -0.23972139 0.49757035 0.83364105
vn -0.68602259 0.18997561 0.70234057
vn -0.39458862 0.65563679 0.64377032
vn -0.25722778 0.18093335 0.94926129
vn -0.64486816 0.50249617 0.57588423
vn -0.50207236 -0.00000000 0.86482561
vn -0.95824853 -0.00000000 -0.28593664
vn -0.95824853 -0.00000000 0.28593664
vn -0.93324511 0.32329452 -0.15663402
vn -0.93324511 -0.32329452 -0.15663402
vn -0.93324511 0.32329452 0.15663402
vn -0.93324511 -0.32329452 0.15663402
vn -0.34649671 0.93805119 -0.00000000
vn 0.34649671 0.93805119 0.00000000
vn -0.34649671 -0.93805119 0.00000000
vn 0.34649671 -0.93805119 0.00000000
vn -0.00000000 -0.71579975 0.69830561
vn 0.00000000 0.71579975 0.69830561
vn -0.00000000 -0.71579975 -0.69830561
vn 0.00000000 0.71579975 -0.69830561
vn 0.84913151 0.00000000 -0.52818149
vn 0.84913151 0.00000000 0.52818149
vn -0.84913151 -0.00000000 -0.52818149
vn -0.84913151 0.00000000 0.52818149
vn 0.00000000 1.00000000 0.00000000
vn 0.00000000 -1.00000000 0.00000000
vn -0.21089327 -0.91665071 0.33952247
vn 0.21089327 -0.91665071 0.33952247
vn -0.21089327 0.91665071 0.33952247
vn 0.21089327 0.91665071 0.33952247
vn 0.00000000 0.00000000 1.00000000
vn -0.21089327 -0.91665071 -0.33952247
vn 0.21089327 -0.91665071 -0.33952247
vn -0.21089327 0.91665071 -0.33952247
vn 0.21089327 0.91665071 -0.33952247
vn 0.00000000 0.00000000 -1.00000000
vn 0.67612629 0.69055616 -0.25687629
vn 0.67612629 -0.69055616 -0.25687629
vn 0.46331152 -0.46850730 -0.75222560
vn 0.46331152 0.46850730 -0.75222560
vn 0.67612629 0.69055616 0.25687629
vn 0.67612629 -0.69055616 0.25687629
vn 0.46331152 -0.46850730 0.75222560
vn 0.46331152 0.46850730 0.75222560
vn 1.00000000 0.00000000 0.00000000
vn -0.67612629 0.69055616 -0.25687629
vn -0.67612629 -0.69055616 -0.25687629
vn -0.46331152 -0.46850730 -0.75222560
vn -0.46331152 0.46850730 -0.75222560
vn -0.67612629 0.69055616 0.25687629
vn -0.67612629 -0.69055616 0.25687629
vn -0.46331152 -0.46850730 0.75222560
vn -0.46331152 0.46850730 0.75222560
vn -1.00000000 -0.00000000 0.00000000
vn -0.16802638 0.98578250 -0.00000000
vn 0.16802638 0.98578250 -0.00000000
vn -0.16802638 -0.98578250 -0.00000000
vn 0.16802638 -0.98578250 -0.00000000
vn -0.28447919 -0.94376554 0.16845830
vn -0.11842934 -0.84738429 0.51760444
vn -0.09463748 -0.98166636 0.16545361
vn 0.28447919 -0.94376554 0.16845830
vn 0.11842934 -0.84738429 0.51760444
vn 0.09463748 -0.98166636 0.16545361
vn -0.00000000 -0.94023661 0.34052183
vn -0.28447919 0.94376554 0.16845830
vn -0.11842934 0.84738429 0.51760444
vn -0.09463748 0.98166636 0.16545361
vn 0.28447919 0.94376554 0.16845830
vn 0.11842934 0.84738429 0.51760444
vn 0.09463748 0.98166636 0.16545361
vn 0.00000000 0.94023661 0.34052183
vn -0.00000000 -0.42384462 0.90573492
vn 0.00000000 0.42384462 0.90573492
vn -0.28447919 -0.94376554 -0.16845830
vn -0.11842934 -0.84738429 -0.51760444
vn -0.09463748 -0.98166636 -0.16545361
vn 0.28447919 -0.94376554 -0.16845830
vn 0.11842934 -0.84738429 -0.51760444
vn 0.09463748 -0.98166636 -0.16545361
vn 0.00000000 -0.94023661 -0.34052183
vn -0.28447919 0.94376554 -0.16845830
vn -0.11842934 0.84738429 -0.51760444
vn -0.09463748 0.98166636 -0.16545361
vn 0.28447919 0.94376554 -0.16845830
vn 0.11842934 0.84738429 -0.51760444
vn 0.09463748 0.98166636 -0.16545361
vn -0.00000000 0.94023661 -0.34052183
vn -0.00000000 -0.42384462 -0.90573492
vn 0.00000000 0.42384462 -0.90573492
vn 0.50576264 0.85476823 -0.11651364
vn 0.81864825 0.40201795 -0.41011781
vn 0.43646331 0.84013716 -0.32197723
vn 0.50576264 -0.85476823 -0.11651364
vn 0.81864825 -0.40201795 -0.41011781
vn 0.43646331 -0.84013716 -0.32197723
vn 0.22386655 -0.62372364 -0.74890092
vn 0.68843179 -0.25164219 -0.68024840
vn 0.34401521 -0.76846926 -0.53954475
vn 0.26175645 -0.24474678 -0.93358587
vn 0.59599707 -0.61959097 -0.51077834
vn 0.22386655 0.62372364 -0.74890092
vn 0.68843179 0.25164219 -0.68024840
vn 0.34401521 0.76846926 -0.53954475
vn 0.26175645 0.24474678 -0.93358587
vn 0.59599707 0.61959097 -0.51077834
vn 0.51548682 -0.00000000 -0.85689751
vn 0.50576264 0.85476823 0.11651364
vn 0.81864825 0.40201795 0.41011781
vn 0.43646331 0.84013716 0.32197723
vn 0.70876868 0.70544097 0.00000000
vn 0.50576264 -0.85476823 0.11651364
vn 0.81864825 -0.40201795 0.41011781
vn 0.43646331 -0.84013716 0.32197723
vn 0.70876868 -0.70544097 0.00000000
vn 0.22386655 -0.62372364 0.74890092
vn 0.68843179 -0.25164219 0.68024840
vn 0.34401521 -0.76846926 0.53954475
vn 0.26175645 -0.24474678 0.93358587
vn 0.59599707 -0.61959097 0.51077834
vn 0.22386655 0.62372364 0.74890092
vn 0.68843179 0.25164219 0.68024840
vn 0.34401521 0.76846926 0.53954475
vn 0.26175645 0.24474678 0.93358587
vn 0.59599707 0.61959097 0.51077834
vn 0.51548682 0.00000000 0.85689751
vn 0.96035710 0.00000000 -0.27877274
vn 0.96035710 0.00000000 0.27877274
vn 0.89827739 0.41481789 -0.14499606
vn 0.89827739 -0.41481789 -0.14499606
vn 0.89827739 0.41481789 0.14499606
vn 0.89827739 -0.41481789 0.14499606
vn -0.50576264 0.85476823 -0.11651364
vn -0.81864825 0.40201795 -0.41011781
vn -0.43646331 0.84013716 -0.32197723
vn -0.50576264 -0.85476823 -0.11651364
vn -0.81864825 -0.40201795 -0.41011781
vn -0.43646331 -0.84013716 -0.32197723
vn -0.22386655 -0.62372364 -0.74890092
vn -0.68843179 -0.25164219 -0.68024840
vn -0.34401521 -0.76846926 -0.53954475
vn -0.26175645 -0.24474678 -0.93358587
vn -0.59599707 -0.61959097 -0.51077834
vn -0.22386655 0.62372364 -0.74890092
vn -0.68843179 0.25164219 -0.68024840
vn -0.34401521 0.76846926 -0.53954475
vn -0.26175645 0.24474678 -0.93358587
vn -0.59599707 0.61959097 -0.51077834
vn -0.51548682 0.00000000 -0.85689751
vn -0.50576264 0.85476823 0.11651364
vn -0.81864825 0.40201795 0.41011781
vn -0.43646331 0.84013716 0.32197723
vn -0.70876868 0.70544097 0.00000000
vn -0.50576264 -0.85476823 0.11651364
vn -0.81864825 -0.40201795 0.41011781
vn -0.43646331 -0.84013716 0.32197723
vn -0.70876868 -0.70544097 0.00000000
vn -0.22386655 -0.62372364 0.74890092
vn -0.68843179 -0.25164219 0.68024840
vn -0.34401521 -0.76846926 0.53954475
vn -0.26175645 -0.24474678 0.93358587
vn -0.59599707 -0.61959097 0.51077834
vn -0.22386655 0.62372364 0.74890092
vn -0.68843179 0.25164219 0.68024840
vn -0.34401521 0.76846926 0.53954475
vn -0.26175645 0.24474678 0.93358587
vn -0.59599707 0.61959097 0.51077834
vn -0.51548682 -0.00000000 0.85689751
vn -0.96035710 0.00000000 -0.27877274
vn -0.96035710 -0.00000000 0.27877274
vn -0.89827739 0.41481789 -0.14499606
vn -0.89827739 -0.41481789 -0.14499606
vn -0.89827739 0.41481789 0.14499606
vn -0.89827739 -0.41481789 0.14499606
vn -0.65442680 0.75612536 -0.00000000
vn 0.65442680 0.75612536 -0.00000000
vn -0.65442680 -0.75612536 -0.00000000
vn 0.65442680 -0.75612536 -0.00000000
vn -0.00000000 -0.38694777 0.92210163
vn -0.00000000 0.38694777 0.92210163
vn -0.00000000 -0.38694777 -0.92210163
vn -0.00000000 0.38694777 -0.92210163
vn 0.83879108 -0.00000000 -0.54445342
vn 0.83879108 -0.00000000 0.54445342
vn -0.83879108 -0.00000000 -0.54445342
vn -0.83879108 -0.00000000 0.54445342
vn -0.00000000 1.00000000 0.00000000
vn 0.00000000 -1.00000000 0.00000000
vn -0.36700474 -0.68967862 0.62422025
vn 0.36700474 -0.68967862 0.62422025
vn -0.36700474 0.68967862 0.62422025
vn 0.36700474 0.68967862 0.62422025
vn 0.00000000 -0.00000000 1.00000000
vn -0.36700474 -0.68967862 -0.62422025
vn 0.36700474 -0.68967862 -0.62422025
vn -0.36700474 0.68967862 -0.62422025
vn 0.36700474 0.68967862 -0.62422025
vn 0.00000000 -0.00000000 -1.00000000
vn 0.85962116 0.37738625 -0.34442863
vn 0.85962116 -0.37738625 -0.34442863
vn 0.49649835 -0.21786085 -0.84025356
vn 0.49649835 0.21786085 -0.84025356
vn 0.85962116 0.37738625 0.34442863
vn 0.85962116 -0.37738625 0.34442863
vn 0.49649835 -0.21786085 0.84025356
vn 0.49649835 0.21786085 0.84025356
vn 1.00000000 0.00000000 0.00000000
vn -0.85962116 0.37738625 -0.34442863
vn -0.85962116 -0.37738625 -0.34442863
vn -0.49649835 -0.21786085 -0.84025356
vn -0.49649835 0.21786085 -0.84025356
vn -0.85962116 0.37738625 0.34442863
vn -0.85962116 -0.37738625 0.34442863
vn -0.49649835 -0.21786085 0.84025356
vn -0.49649835 0.21786085 0.84025356
vn -1.00000000 0.00000000 0.00000000
vn -0.37124019 0.92853687 -0.00000000
vn 0.37124019 0.92853687 -0.00000000
vn -0.37124019 -0.92853687 0.00000000
vn 0.37124019 -0.92853687 -0.00000000
vn -0.54151605 -0.77009167 0.33722275
vn -0.17613987 -0.54809441 0.81765963
vn -0.20378016 -0.90575683 0.37158876
vn 0.54151605 -0.77009167 0.33722275
vn 0.17613987 -0.54809441 0.81765963
vn 0.20378016 -0.90575683 0.37158876
vn -0.00000000 -0.75040638 0.66097675
vn -0.54151605 0.77009167 0.33722275
vn -0.17613987 0.54809441 0.81765963
vn -0.20378016 0.90575683 0.37158876
vn 0.54151605 0.77009167 0.33722275
vn 0.17613987 0.54809441 0.81765963
vn 0.20378016 0.90575683 0.37158876
vn -0.00000000 0.75040638 0.66097675
vn -0.00000000 -0.19156916 0.98147912
vn -0.00000000 0.19156916 0.98147912
vn -0.54151605 -0.77009167 -0.33722275
vn -0.17613987 -0.54809441 -0.81765963
vn -0.20378016 -0.90575683 -0.37158876
vn 0.54151605 -0.77009167 -0.33722275
vn 0.17613987 -0.54809441 -0.81765963
vn 0.20378016 -0.90575683 -0.37158876
vn -0.00000000 -0.75040638 -0.66097675
vn -0.54151605 0.77009167 -0.33722275
vn -0.17613987 0.54809441 -0.81765963
vn -0.20378016 0.90575683 -0.37158876
vn 0.54151605 0.77009167 -0.33722275
vn 0.17613987 0.54809441 -0.81765963
vn 0.20378016 0.90575683 -0.37158876
vn -0.00000000 0.75040638 -0.66097675
vn -0.00000000 -0.19156916 -0.98147912
vn -0.00000000 0.19156916 -0.98147912
vn 0.79553589 0.57520092 -0.19043776
vn 0.86857400 0.18379258 -0.46021680
vn 0.66114870 0.54883785 -0.51152654
vn 0.79553589 -0.57520092 -0.19043776
vn 0.86857400 -0.18379258 -0.46021680
vn 0.66114870 -0.54883785 -0.51152654
vn 0.26172690 -0.31118775 -0.91359795
vn 0.69180470 -0.11234529 -0.71329152
vn 0.46374363 -0.44736800 -0.76472460
vn 0.25965588 -0.10505952 -0.95996944
vn 0.70352504 -0.31886818 -0.63511857
vn 0.26172690 0.31118775 -0.91359795
vn 0.69180470 0.11234529 -0.71329152
vn 0.46374363 0.44736800 -0.76472460
vn 0.25965588 0.10505952 -0.95996944
vn 0.70352504 0.31886818 -0.63511857
vn 0.50049436 -0.00000000 -0.86573980
vn 0.79553589 0.57520092 0.19043776
vn 0.86857400 0.18379258 0.46021680
vn 0.66114870 0.54883785 0.51152654
vn 0.91899476 0.39426975 0.00000000
vn 0.79553589 -0.57520092 0.19043776
vn 0.86857400 -0.18379258 0.46021680
vn 0.66114870 -0.54883785 0.51152654
vn 0.91899476 -0.39426975 0.00000000
vn 0.26172690 -0.31118775 0.91359795
vn 0.69180470 -0.11234529 0.71329152
vn 0.46374363 -0.44736800 0.76472460
vn 0.25965588 -0.10505952 0.95996944
vn 0.70352504 -0.31886818 0.63511857
vn 0.26172690 0.31118775 0.91359795
vn 0.69180470 0.11234529 0.71329152
vn 0.46374363 0.44736800 0.76472460
vn 0.25965588 0.10505952 0.95996944
vn 0.70352504 0.31886818 0.63511857
vn 0.50049436 -0.00000000 0.86573980
vn 0.95821629 0.00000000 -0.28604465
vn 0.95821629 0.00000000 0.28604465
vn 0.96749900 0.19310967 -0.16326157
vn 0.96749900 -0.19310967 -0.16326157
vn 0.96749900 0.19310967 0.16326157
vn 0.96749900 -0.19310967 0.16326157
vn -0.79553589 0.57520092 -0.19043776
vn -0.86857400 0.18379258 -0.46021680
vn -0.66114870 0.54883785 -0.51152654
vn -0.79553589 -0.57520092 -0.19043776
vn -0.86857400 -0.18379258 -0.46021680
vn -0.66114870 -0.54883785 -0.51152654
vn -0.26172690 -0.31118775 -0.91359795
vn -0.69180470 -0.11234529 -0.71329152
vn -0.46374363 -0.44736800 -0.76472460
vn -0.25965588 -0.10505952 -0.95996944
vn -0.70352504 -0.31886818 -0.63511857
vn -0.26172690 0.31118775 -0.91359795
vn -0.69180470 0.11234529 -0.71329152
vn -0.46374363 0.44736800 -0.76472460
vn -0.25965588 0.10505952 -0.95996944
vn -0.70352504 0.31886818 -0.63511857
vn -0.50049436 -0.00000000 -0.86573980
vn -0.79553589 0.57520092 0.19043776
vn -0.86857400 0.18379258 0.46021680
vn -0.66114870 0.54883785 0.51152654
vn -0.91899476 0.39426975 0.00000000
vn -0.79553589 -0.57520092 0.19043776
vn -0.86857400 -0.18379258 0.46021680
vn -0.66114870 -0.54883785 0.51152654
vn -0.91899476 -0.39426975 0.00000000
vn -0.26172690 -0.31118775 0.91359795
vn -0.69180470 -0.11234529 0.71329152
vn -0.46374363 -0.44736800 0.76472460
vn -0.25965588 -0.10505952 0.95996944
vn -0.70352504 -0.31886818 0.63511857
vn -0.26172690 0.31118775 0.91359795
vn -0.69180470 0.11234529 0.71329152
vn -0.46374363 0.44736800 0.76472460
vn -0.25965588 0.10505952 0.95996944
vn -0.70352504 0.31886818 0.63511857
vn -0.50049436 -0.00000000 0.86573980
vn -0.95821629 0.00000000 -0.28604465
vn -0.95821629 0.00000000 0.28604465
vn -0.96749900 0.19310967 -0.16326157
vn -0.96749900 -0.19310967 -0.16326157
vn -0.96749900 0.19310967 0.16326157
vn -0.96749900 -0.19310967 0.16326157
vn -0.65442680 0.75612536 0.00000000
vn 0.65442680 0.75612536 -0.00000000
vn -0.65442680 -0.75612536 0.00000000
vn 0.65442680 -0.75612536 0.00000000
vn 0.00000000 -0.38694777 0.92210163
vn 0.00000000 0.38694777 0.92210163
vn 0.00000000 -0.38694777 -0.92210163
vn 0.00000000 0.38694777 -0.92210163
vn 0.83879108 0.00000000 -0.54445342
vn 0.83879108 0.00000000 0.54445342
vn -0.83879108 0.00000000 -0.54445342
vn -0.83879108 0.00000000 0.54445342
vn -0.00000000 1.00000000 0.00000000
vn 0.00000000 -1.00000000 0.00000000
vn -0.36700474 -0.68967862 0.62422025
vn 0.36700474 -0.68967862 0.62422025
vn -0.36700474 0.68967862 0.62422025
vn 0.36700474 0.68967862 0.62422025
vn 0.00000000 -0.00000000 1.00000000
vn -0.36700474 -0.68967862 -0.62422025
vn 0.36700474 -0.68967862 -0.62422025
vn -0.36700474 0.68967862 -0.62422025
vn 0.36700474 0.68967862 -0.62422025
vn 0.00000000 -0.00000000 -1.00000000
vn 0.85962116 0.37738625 -0.34442863
vn 0.85962116 -0.37738625 -0.34442863
vn 0.49649835 -0.21786085 -0.84025356
vn 0.49649835 0.21786085 -0.84025356
vn 0.85962116 0.37738625 0.34442863
vn 0.85962116 -0.37738625 0.34442863
vn 0.49649835 -0.21786085 0.84025356
vn 0.49649835 0.21786085 0.84025356
vn 1.00000000 0.00000000 -0.00000000
vn -0.85962116 0.37738625 -0.34442863
vn -0.85962116 -0.37738625 -0.34442863
vn -0.49649835 -0.21786085 -0.84025356
vn -0.49649835 0.21786085 -0.84025356
vn -0.85962116 0.37738625 0.34442863
vn -0.85962116 -0.37738625 0.34442863
vn -0.49649835 -0.21786085 0.84025356
vn -0.49649835 0.21786085 0.84025356
vn -1.00000000 0.00000000 0.00000000
vn -0.37124019 0.92853687 -0.00000000
vn 0.37124019 0.92853687 -0.00000000
vn -0.37124019 -0.92853687 -0.00000000
vn 0.37124019 -0.92853687 -0.00000000
vn -0.54151605 -0.77009167 0.33722275
vn -0.17613987 -0.54809441 0.81765963
vn -0.20378016 -0.90575683 0.37158876
vn 0.54151605 -0.77009167 0.33722275
vn 0.17613987 -0.54809441 0.81765963
vn 0.20378016 -0.90575683 0.37158876
vn 0.00000000 -0.75040638 0.66097675
vn -0.54151605 0.77009167 0.33722275
vn -0.17613987 0.54809441 0.81765963
vn -0.20378016 0.90575683 0.37158876
vn 0.54151605 0.77009167 0.33722275
vn 0.17613987 0.54809441 0.81765963
vn 0.20378016 0.90575683 0.37158876
vn 0.00000000 0.75040638 0.66097675
vn 0.00000000 -0.19156916 0.98147912
vn 0.00000000 0.19156916 0.98147912
vn -0.54151605 -0.77009167 -0.33722275
vn -0.17613987 -0.54809441 -0.81765963
vn -0.20378016 -0.90575683 -0.37158876
vn 0.54151605 -0.77009167 -0.33722275
vn 0.17613987 -0.54809441 -0.81765963
vn 0.20378016 -0.90575683 -0.37158876
vn 0.00000000 -0.75040638 -0.66097675
vn -0.54151605 0.77009167 -0.33722275
vn -0.17613987 0.54809441 -0.81765963
vn -0.20378016 0.90575683 -0.37158876
vn 0.54151605 0.77009167 -0.33722275
vn 0.17613987 0.54809441 -0.81765963
vn 0.20378016 0.90575683 -0.37158876
vn 0.00000000 0.75040638 -0.66097675
vn 0.00000000 -0.19156916 -0.98147912
vn 0.00000000 0.19156916 -0.98147912
vn 0.79553589 0.57520092 -0.19043776
vn 0.86857400 0.18379258 -0.46021680
vn 0.66114870 0.54883785 -0.51152654
vn 0.79553589 -0.57520092 -0.19043776
vn 0.86857400 -0.18379258 -0.46021680
vn 0.66114870 -0.54883785 -0.51152654
vn 0.26172690 -0.31118775 -0.91359795
vn 0.69180470 -0.11234529 -0.71329152
vn 0.46374363 -0.44736800 -0.76472460
vn 0.25965588 -0.10505952 -0.95996944
vn 0.70352504 -0.31886818 -0.63511857
vn 0.26172690 0.31118775 -0.91359795
vn 0.69180470 0.11234529 -0.71329152
vn 0.46374363 0.44736800 -0.76472460
vn 0.25965588 0.10505952 -0.95996944
vn 0.70352504 0.31886818 -0.63511857
vn 0.50049436 0.00000000 -0.86573980
vn 0.79553589 0.57520092 0.19043776
vn 0.86857400 0.18379258 0.46021680
vn 0.66114870 0.54883785 0.51152654
vn 0.91899476 0.39426975 0.00000000
vn 0.79553589 -0.57520092 0.19043776
vn 0.86857400 -0.18379258 0.46021680
vn 0.66114870 -0.54883785 0.51152654
vn 0.91899476 -0.39426975 0.00000000
vn 0.26172690 -0.31118775 0.91359795
vn 0.69180470 -0.11234529 0.71329152
vn 0.46374363 -0.44736800 0.76472460
vn 0.25965588 -0.10505952 0.95996944
vn 0.70352504 -0.31886818 0.63511857
vn 0.26172690 0.31118775 0.91359795
vn 0.69180470 0.11234529 0.71329152
vn 0.46374363 0.44736800 0.76472460
vn 0.25965588 0.10505952 0.95996944
vn 0.70352504 0.31886818 0.63511857
vn 0.50049436 -0.00000000 0.86573980
vn 0.95821629 0.00000000 -0.28604465
vn 0.95821629 -0.00000000 0.28604465
vn 0.96749900 0.19310967 -0.16326157
vn 0.96749900 -0.19310967 -0.16326157
vn 0.96749900 0.19310967 0.16326157
vn 0.96749900 -0.19310967 0.16326157
vn -0.79553589 0.57520092 -0.19043776
vn -0.86857400 0.18379258 -0.46021680
vn -0.66114870 0.54883785 -0.51152654
vn -0.79553589 -0.57520092 -0.19043776
vn -0.86857400 -0.18379258 -0.46021680
vn -0.66114870 -0.54883785 -0.51152654
vn -0.26172690 -0.31118775 -0.91359795
vn -0.69180470 -0.11234529 -0.71329152
vn -0.46374363 -0.44736800 -0.76472460
vn -0.25965588 -0.10505952 -0.95996944
vn -0.70352504 -0.31886818 -0.63511857
vn -0.26172690 0.31118775 -0.91359795
vn -0.69180470 0.11234529 -0.71329152
vn -0.46374363 0.44736800 -0.76472460
vn -0.25965588 0.10505952 -0.95996944
vn -0.70352504 0.31886818 -0.63511857
vn -0.50049436 -0.00000000 -0.86573980
vn -0.79553589 0.57520092 0.19043776
vn -0.86857400 0.18379258 0.46021680
vn -0.66114870 0.54883785 0.51152654
vn -0.91899476 0.39426975 0.00000000
vn -0.79553589 -0.57520092 0.19043776
vn -0.86857400 -0.18379258 0.46021680
vn -0.66114870 -0.54883785 0.51152654
vn -0.91899476 -0.39426975 0.00000000
vn -0.26172690 -0.31118775 0.91359795
vn -0.69180470 -0.11234529 0.71329152
vn -0.46374363 -0.44736800 0.76472460
vn -0.25965588 -0.10505952 0.95996944
vn -0.70352504 -0.31886818 0.63511857
vn -0.26172690 0.31118775 0.91359795
vn -0.69180470 0.11234529 0.71329152
vn -0.46374363 0.44736800 0.76472460
vn -0.25965588 0.10505952 0.95996944
vn -0.70352504 0.31886818 0.63511857
vn -0.50049436 0.00000000 0.86573980
vn -0.95821629 0.00000000 -0.28604465
vn -0.95821629 0.00000000 0.28604465
vn -0.96749900 0.19310967 -0.16326157
vn -0.96749900 -0.19310967 -0.16326157
vn -0.96749900 0.19310967 0.16326157
vn -0.96749900 -0.19310967 0.16326157
vn -0.70731699 0.70689651 -0.00000000
vn 0.70731699 0.70689651 -0.00000000
vn -0.70731699 -0.70689651 -0.00000000
vn 0.70731699 -0.70689651 -0.00000000
vn 0.00000000 -0.49781311 0.86728433
vn -0.00000000 0.49781311 0.86728433
vn 0.00000000 -0.49781311 -0.86728433
vn 0.00000000 0.49781311 -0.86728433
vn 0.92511607 0.00000000 -0.37968442
vn 0.92511607 -0.00000000 0.37968442
vn -0.92511607 0.00000000 -0.37968442
vn -0.92511607 0.00000000 0.37968442
vn 0.00000000 1.00000000 0.00000000
vn 0.00000000 -1.00000000 0.00000000
vn -0.45244654 -0.74186071 0.49490890
vn 0.45244654 -0.74186071 0.49490890
vn -0.45244654 0.74186071 0.49490890
vn 0.45244654 0.74186071 0.49490890
vn 0.00000000 0.00000000 1.00000000
vn -0.45244654 -0.74186071 -0.49490890
vn 0.45244654 -0.74186071 -0.49490890
vn -0.45244654 0.74186071 -0.49490890
vn 0.45244654 0.74186071 -0.49490890
vn 0.00000000 0.00000000 -1.00000000
vn 0.90945486 0.34487665 -0.23227560
vn 0.90945486 -0.34487665 -0.23227560
vn 0.65691517 -0.24980736 -0.71137806
vn 0.65691517 0.24980736 -0.71137806
vn 0.90945486 0.34487665 0.23227560
vn 0.90945486 -0.34487665 0.23227560
vn 0.65691517 -0.24980736 0.71137806
vn 0.65691517 0.24980736 0.71137806
vn 1.00000000 0.00000000 0.00000000
vn -0.90945486 0.34487665 -0.23227560
vn -0.90945486 -0.34487665 -0.23227560
vn -0.65691517 -0.24980736 -0.71137806
vn -0.65691517 0.24980736 -0.71137806
vn -0.90945486 0.34487665 0.23227560
vn -0.90945486 -0.34487665 0.23227560
vn -0.65691517 -0.24980736 0.71137806
vn -0.65691517 0.24980736 0.71137806
vn -1.00000000 -0.00000000 0.00000000
vn -0.41624113 0.90925427 0.00000000
vn 0.41624113 0.90925427 0.00000000
vn -0.41624113 -0.90925427 0.00000000
vn 0.41624113 -0.90925427 0.00000000
vn -0.61199143 -0.75239824 0.24364601
vn -0.23820177 -0.65461989 0.71744875
vn -0.23866423 -0.92921193 0.28214281
vn 0.61199143 -0.75239824 0.24364601
vn 0.23820177 -0.65461989 0.71744875
vn 0.23866423 -0.92921193 0.28214281
vn 0.00000000 -0.83809587 0.54552297
vn -0.61199143 0.75239824 0.24364601
vn -0.23820177 0.65461989 0.71744875
vn -0.23866423 0.92921193 0.28214281
vn 0.61199143 0.75239824 0.24364601
vn 0.23820177 0.65461989 0.71744875
vn 0.23866423 0.92921193 0.28214281
vn -0.00000000 0.83809587 0.54552297
vn 0.00000000 -0.25873053 0.96594954
vn 0.00000000 0.25873053 0.96594954
vn -0.61199143 -0.75239824 -0.24364601
vn -0.23820177 -0.65461989 -0.71744875
vn -0.23866423 -0.92921193 -0.28214281
vn 0.61199143 -0.75239824 -0.24364601
vn 0.23820177 -0.65461989 -0.71744875
vn 0.23866423 -0.92921193 -0.28214281
vn 0.00000000 -0.83809587 -0.54552297
vn -0.61199143 0.75239824 -0.24364601
vn -0.23820177 0.65461989 -0.71744875
vn -0.23866423 0.92921193 -0.28214281
vn 0.61199143 0.75239824 -0.24364601
vn 0.23820177 0.65461989 -0.71744875
vn 0.23866423 0.92921193 -0.28214281
vn 0.00000000 0.83809587 -0.54552297
vn 0.00000000 -0.25873053 -0.96594954
vn 0.00000000 0.25873053 -0.96594954
vn 0.84069119 0.52567186 -0.13002851
vn 0.93427973 0.17065082 -0.31304902
vn 0.75329742 0.54120367 -0.37368648
vn 0.84069119 -0.52567186 -0.13002851
vn 0.93427973 -0.17065082 -0.31304902
vn 0.75329742 -0.54120367 -0.37368648
vn 0.37487803 -0.38951764 -0.84127431
vn 0.83041740 -0.11600504 -0.54493098
vn 0.59362663 -0.49964564 -0.63084203
vn 0.38341102 -0.13622555 -0.91347610
vn 0.82040575 -0.32177953 -0.47264399
vn 0.37487803 0.38951764 -0.84127431
vn 0.83041740 0.11600504 -0.54493098
vn 0.59362663 0.49964564 -0.63084203
vn 0.38341102 0.13622555 -0.91347610
vn 0.82040575 0.32177953 -0.47264399
vn 0.66930943 0.00000000 -0.74298378
vn 0.84069119 0.52567186 0.13002851
vn 0.93427973 0.17065082 0.31304902
vn 0.75329742 0.54120367 0.37368648
vn 0.93766169 0.34754936 0.00000000
vn 0.84069119 -0.52567186 0.13002851
vn 0.93427973 -0.17065082 0.31304902
vn 0.75329742 -0.54120367 0.37368648
vn 0.93766169 -0.34754936 0.00000000
vn 0.37487803 -0.38951764 0.84127431
vn 0.83041740 -0.11600504 0.54493098
vn 0.59362663 -0.49964564 0.63084203
vn 0.38341102 -0.13622555 0.91347610
vn 0.82040575 -0.32177953 0.47264399
vn 0.37487803 0.38951764 0.84127431
vn 0.83041740 0.11600504 0.54493098
vn 0.59362663 0.49964564 0.63084203
vn 0.38341102 0.13622555 0.91347610
vn 0.82040575 0.32177953 0.47264399
vn 0.66930943 0.00000000 0.74298378
vn 0.98256440 0.00000000 -0.18592255
vn 0.98256440 0.00000000 0.18592255
vn 0.98000639 0.16903382 -0.10495253
vn 0.98000639 -0.16903382 -0.10495253
vn 0.98000639 0.16903382 0.10495253
vn 0.98000639 -0.16903382 0.10495253
vn -0.84069119 0.52567186 -0.13002851
vn -0.93427973 0.17065082 -0.31304902
vn -0.75329742 0.54120367 -0.37368648
vn -0.84069119 -0.52567186 -0.13002851
vn -0.93427973 -0.17065082 -0.31304902
vn -0.75329742 -0.54120367 -0.37368648
vn -0.37487803 -0.38951764 -0.84127431
vn -0.83041740 -0.11600504 -0.54493098
vn -0.59362663 -0.49964564 -0.63084203
vn -0.38341102 -0.13622555 -0.91347610
vn -0.82040575 -0.32177953 -0.47264399
vn -0.37487803 0.38951764 -0.84127431
vn -0.83041740 0.11600504 -0.54493098
vn -0.59362663 0.49964564 -0.63084203
vn -0.38341102 0.13622555 -0.91347610
vn -0.82040575 0.32177953 -0.47264399
vn -0.66930943 -0.00000000 -0.74298378
vn -0.84069119 0.52567186 0.13002851
vn -0.93427973 0.17065082 0.31304902
vn -0.75329742 0.54120367 0.37368648
vn -0.93766169 0.34754936 0.00000000
vn -0.84069119 -0.52567186 0.13002851
vn -0.93427973 -0.17065082 0.31304902
vn -0.75329742 -0.54120367 0.37368648
vn -0.93766169 -0.34754936 0.00000000
vn -0.37487803 -0.38951764 0.84127431
vn -0.83041740 -0.11600504 0.54493098
vn -0.59362663 -0.49964564 0.63084203
vn -0.38341102 -0.13622555 0.91347610
vn -0.82040575 -0.32177953 0.47264399
vn -0.37487803 0.38951764 0.84127431
vn -0.83041740 0.11600504 0.54493098
vn -0.59362663 0.49964564 0.63084203
vn -0.38341102 0.13622555 0.91347610
vn -0.82040575 0.32177953 0.47264399
vn -0.66930943 -0.00000000 0.74298378
vn -0.98256440 0.00000000 -0.18592255
vn -0.98256440 0.00000000 0.18592255
vn -0.98000639 0.16903382 -0.10495253
vn -0.98000639 -0.16903382 -0.10495253
vn -0.98000639 0.16903382 0.10495253
vn -0.98000639 -0.16903382 0.10495253
f 1//1 533//533 197//197
f 533//533 138//138 535//535
f 197//197 535//535 54//54
f 533//533 535//535 197//197
f 138//138 534//534 542//542
f 534//534 38//38 540//540
f 542//542 540//540 140//140
f 534//534 540//540 542//542
f 54//54 541//541 198//198
f 541//541 140//140 539//539
f 198//198 539//539 17//17
f 541//541 539//539 198//198
f 138//138 542//542 535//535
f 542//542 140//140 541//541
f 535//535 541//541 54//54
f 542//542 541//541 535//535
f 38//38 538//538 601//601
f 538//538 139//139 603//603
f 601//601 603//603 155//155
f 538//538 603//603 601//601
f 139//139 537//537 589//589
f 537//537 12//12 587//587
f 589//589 587//587 152//152
f 537//537 587//587 589//589
f 155//155 605//605 602//602
f 605//605 152//152 588//588
f 602//602 588//588 41//41
f 605//605 588//588 602//602
f 139//139 589//589 603//603
f 589//589 152//152 605//605
f 603//603 605//605 155//155
f 589//589 605//605 603//603
f 17//17 591//591 201//201
f 591//591 153//153 593//593
f 201//201 593//593 55//55
f 591//591 593//593 201//201
f 153//153 592//592 595//595
f 592//592 41//41 584//584
f 595//595 584//584 151//151
f 592//592 584//584 595//595
f 55//55 585//585 200//200
f 585//585 151//151 583//583
f 200//200 583//583 6//6
f 585//585 583//583 200//200
f 153//153 595//595 593//593
f 595//595 151//151 585//585
f 593//593 585//585 55//55
f 595//595 585//585 593//593
f 38//38 601//601 540//540
f 601//601 155//155 604//604
f 540//540 604//604 140//140
f 601//601 604//604 540//540
f 155//155 602//602 606//606
f 602//602 41//41 592//592
f 606//606 592//592 153//153
f 602//602 592//592 606//606
f 140//140 594//594 539//539
f 594//594 153//153 591//591
f 539//539 591//591 17//17
f 594//594 591//591 539//539
f 155//155 606//606 604//604
f 606//606 153//153 594//594
f 604//604 594//594 140//140
f 606//606 594//594 604//604
f 1//1 197//197 163//163
f 197//197 54//54 199//199
f 163//163 199//199 43//43
f 197//197 199//199 163//163
f 54//54 198//198 205//205
f 198//198 17//17 203//203
f 205//205 203//203 56//56
f 198//198 203//203 205//205
f 43//43 204//204 164//164
f 204//204 56//56 202//202
f 164//164 202//202 13//13
f 204//204 202//202 164//164
f 54//54 205//205 199//199
f 205//205 56//56 204//204
f 199//199 204//204 43//43
f 205//205 204//204 199//199
f 17//17 201//201 217//217
f 201//201 55//55 219//219
f 217//217 219//219 60//60
f 201//201 219//219 217//217
f 55//55 200//200 211//211
f 200//200 6//6 209//209
f 211//211 209//209 58//58
f 200//200 209//209 211//211
f 60//60 221//221 218//218
f 221//221 58//58 210//210
f 218//218 210//210 18//18
f 221//221 210//210 218//218
f 55//55 211//211 219//219
f 211//211 58//58 221//221
f 219//219 221//221 60//60
f 211//211 221//221 219//219
f 13//13 212//212 166//166
f 212//212 59//59 214//214
f 166//166 214//214 44//44
f 212//212 214//214 166//166
f 59//59 213//213 216//216
f 213//213 18//18 207//207
f 216//216 207//207 57//57
f 213//213 207//207 216//216
f 44//44 208//208 165//165
f 208//208 57//57 206//206
f 165//165 206//206 2//2
f 208//208 206//206 165//165
f 59//59 216//216 214//214
f 216//216 57//57 208//208
f 214//214 208//208 44//44
f 216//216 208//208 214//214
f 17//17 217//217 203//203
f 217//217 60//60 220//220
f 203//203 220//220 56//56
f 217//217 220//220 203//203
f 60//60 218//218 222//222
f 218//218 18//18 213//213
f 222//222 213//213 59//59
f 218//218 213//213 222//222
f 56//56 215//215 202//202
f 215//215 59//59 212//212
f 202//202 212//212 13//13
f 215//215 212//212 202//202
f 60//60 222//222 220//220
f 222//222 59//59 215//215
f 220//220 215//215 56//56
f 222//222 215//215 220//220
f 1//1 163//163 253//253
f 163//163 43//43 255//255
f 253//253 255//255 70//70
f 163//163 255//255 253//253
f 43//43 164//164 260//260
f 164//164 13//13 258//258
f 260//260 258//258 72//72
f 164//164 258//258 260//260
f 70//70 261//261 254//254
f 261//261 72//72 259//259
f 254//254 259//259 22//22
f 261//261 259//259 254//254
f 43//43 260//260 255//255
f 260//260 72//72 261//261
f 255//255 261//261 70//70
f 260//260 261//261 255//255
f 13//13 166//166 268//268
f 166//166 44//44 270//270
f 268//268 270//270 75//75
f 166//166 270//270 268//268
f 44//44 165//165 264//264
f 165//165 2//2 262//262
f 264//264 262//262 73//73
f 165//165 262//262 264//264
f 75//75 272//272 269//269
f 272//272 73//73 263//263
f 269//269 263//263 23//23
f 272//272 263//263 269//269
f 44//44 264//264 270//270
f 264//264 73//73 272//272
f 270//270 272//272 75//75
f 264//264 272//272 270//270
f 22//22 273//273 257//257
f 273//273 76//76 275//275
f 257//257 275//275 71//71
f 273//273 275//275 257//257
f 76//76 274//274 277//277
f 274//274 23//23 266//266
f 277//277 266//266 74//74
f 274//274 266//266 277//277
f 71//71 267//267 256//256
f 267//267 74//74 265//265
f 256//256 265//265 8//8
f 267//267 265//265 256//256
f 76//76 277//277 275//275
f 277//277 74//74 267//267
f 275//275 267//267 71//71
f 277//277 267//267 275//275
f 13//13 268//268 258//258
f 268//268 75//75 271//271
f 258//258 271//271 72//72
f 268//268 271//271 258//258
f 75//75 269//269 278//278
f 269//269 23//23 274//274
f 278//278 274//274 76//76
f 269//269 274//274 278//278
f 72//72 276//276 259//259
f 276//276 76//76 273//273
f 259//259 273//273 22//22
f 276//276 273//273 259//259
f 75//75 278//278 271//271
f 278//278 76//76 276//276
f 271//271 276//276 72//72
f 278//278 276//276 271//271
f 1//1 253//253 463//463
f 253//253 70//70 465//465
f 463//463 465//465 121//121
f 253//253 465//465 463//463
f 70//70 254//254 470//470
f 254//254 22//22 468//468
f 470//470 468//468 123//123
f 254//254 468//468 470//470
f 121//121 471//471 464//464
f 471//471 123//123 469//469
f 464//464 469//469 34//34
f 471//471 469//469 464//464
f 70//70 470//470 465//465
f 470//470 123//123 471//471
f 465//465 471//471 121//121
f 470//470 471//471 465//465
f 22//22 257//257 511//511
f 257//257 71//71 513//513
f 511//511 513//513 134//134
f 257//257 513//513 511//511
f 71//71 256//256 505//505
f 256//256 8//8 503//503
f 505//505 503//503 132//132
f 256//256 503//503 505//505
f 134//134 515//515 512//512
f 515//515 132//132 504//504
f 512//512 504//504 37//37
f 515//515 504//504 512//512
f 71//71 505//505 513//513
f 505//505 132//132 515//515
f 513//513 515//515 134//134
f 505//505 515//515 513//513
f 34//34 521//521 467//467
f 521//521 136//136 523//523
f 467//467 523//523 122//122
f 521//521 523//523 467//467
f 136//136 522//522 525//525
f 522//522 37//37 508//508
f 525//525 508//508 133//133
f 522//522 508//508 525//525
f 122//122 509//509 466//466
f 509//509 133//133 507//507
f 466//466 507//507 11//11
f 509//509 507//507 466//466
f 136//136 525//525 523//523
f 525//525 133//133 509//509
f 523//523 509//509 122//122
f 525//525 509//509 523//523
f 22//22 511//511 468//468
f 511//511 134//134 514//514
f 468//468 514//514 123//123
f 511//511 514//514 468//468
f 134//134 512//512 526//526
f 512//512 37//37 522//522
f 526//526 522//522 136//136
f 512//512 522//522 526//526
f 123//123 524//524 469//469
f 524//524 136//136 521//521
f 469//469 521//521 34//34
f 524//524 521//521 469//469
f 134//134 526//526 514//514
f 526//526 136//136 524//524
f 514//514 524//524 123//123
f 526//526 524//524 514//514
f 1//1 463//463 533//533
f 463//463 121//121 536//536
f 533//533 536//536 138//138
f 463//463 536//536 533//533
f 121//121 464//464 545//545
f 464//464 34//34 543//543
f 545//545 543//543 141//141
f 464//464 543//543 545//545
f 138//138 546//546 534//534
f 546//546 141//141 544//544
f 534//534 544//544 38//38
f 546//546 544//544 534//534
f 121//121 545//545 536//536
f 545//545 141//141 546//546
f 536//536 546//546 138//138
f 545//545 546//546 536//536
f 34//34 467//467 621//621
f 467//467 122//122 623//623
f 621//621 623//623 159//159
f 467//467 623//623 621//621
f 122//122 466//466 615//615
f 466//466 11//11 613//613
f 615//615 613//613 157//157
f 466//466 613//613 615//615
f 159//159 625//625 622//622
f 625//625 157//157 614//614
f 622//622 614//614 42//42
f 625//625 614//614 622//622
f 122//122 615//615 623//623
f 615//615 157//157 625//625
f 623//623 625//625 159//159
f 615//615 625//625 623//623
f 38//38 631//631 538//538
f 631//631 161//161 633//633
f 538//538 633//633 139//139
f 631//631 633//633 538//538
f 161//161 632//632 635//635
f 632//632 42//42 618//618
f 635//635 618//618 158//158
f 632//632 618//618 635//635
f 139//139 619//619 537//537
f 619//619 158//158 617//617
f 537//537 617//617 12//12
f 619//619 617//617 537//537
f 161//161 635//635 633//633
f 635//635 158//158 619//619
f 633//633 619//619 139//139
f 635//635 619//619 633//633
f 34//34 621//621 543//543
f 621//621 159//159 624//624
f 543//543 624//624 141//141
f 621//621 624//624 543//543
f 159//159 622//622 636//636
f 622//622 42//42 632//632
f 636//636 632//632 161//161
f 622//622 632//632 636//636
f 141//141 634//634 544//544
f 634//634 161//161 631//631
f 544//544 631//631 38//38
f 634//634 631//631 544//544
f 159//159 636//636 624//624
f 636//636 161//161 634//634
f 624//624 634//634 141//141
f 636//636 634//634 624//624
f 2//2 206//206 353//353
f 206//206 57//57 355//355
f 353//353 355//355 96//96
f 206//206 355//355 353//353
f 57//57 207//207 361//361
f 207//207 18//18 359//359
f 361//361 359//359 98//98
f 207//207 359//359 361//361
f 96//96 362//362 354//354
f 362//362 98//98 360//360
f 354//354 360//360 29//29
f 362//362 360//360 354//354
f 57//57 361//361 355//355
f 361//361 98//98 362//362
f 355//355 362//362 96//96
f 361//361 362//362 355//355
f 18//18 210//210 411//411
f 210//210 58//58 413//413
f 411//411 413//413 111//111
f 210//210 413//413 411//411
f 58//58 209//209 405//405
f 209//209 6//6 403//403
f 405//405 403//403 109//109
f 209//209 403//403 405//405
f 111//111 415//415 412//412
f 415//415 109//109 404//404
f 412//412 404//404 32//32
f 415//415 404//404 412//412
f 58//58 405//405 413//413
f 405//405 109//109 415//415
f 413//413 415//415 111//111
f 405//405 415//415 413//413
f 29//29 421//421 358//358
f 421//421 113//113 423//423
f 358//358 423//423 97//97
f 421//421 423//423 358//358
f 113//113 422//422 425//425
f 422//422 32//32 408//408
f 425//425 408//408 110//110
f 422//422 408//408 425//425
f 97//97 409//409 357//357
f 409//409 110//110 407//407
f 357//357 407//407 10//10
f 409//409 407//407 357//357
f 113//113 425//425 423//423
f 425//425 110//110 409//409
f 423//423 409//409 97//97
f 425//425 409//409 423//423
f 18//18 411//411 359//359
f 411//411 111//111 414//414
f 359//359 414//414 98//98
f 411//411 414//414 359//359
f 111//111 412//412 426//426
f 412//412 32//32 422//422
f 426//426 422//422 113//113
f 412//412 422//422 426//426
f 98//98 424//424 360//360
f 424//424 113//113 421//421
f 360//360 421//421 29//29
f 424//424 421//421 360//360
f 111//111 426//426 414//414
f 426//426 113//113 424//424
f 414//414 424//424 98//98
f 426//426 424//424 414//414
f 6//6 583//583 225//225
f 583//583 151//151 586//586
f 225//225 586//586 62//62
f 583//583 586//586 225//225
f 151//151 584//584 600//600
f 584//584 41//41 597//597
f 600//600 597//597 154//154
f 584//584 597//597 600//600
f 62//62 598//598 226//226
f 598//598 154//154 596//596
f 226//226 596//596 19//19
f 598//598 596//596 226//226
f 151//151 600//600 586//586
f 600//600 154//154 598//598
f 586//586 598//598 62//62
f 600//600 598//598 586//586
f 41//41 588//588 608//608
f 588//588 152//152 611//611
f 608//608 611//611 156//156
f 588//588 611//611 608//608
f 152//152 587//587 590//590
f 587//587 12//12 565//565
f 590//590 565//565 147//147
f 587//587 565//565 590//590
f 156//156 609//609 607//607
f 609//609 147//147 566//566
f 607//607 566//566 40//40
f 609//609 566//566 607//607
f 152//152 590//590 611//611
f 590//590 147//147 609//609
f 611//611 609//609 156//156
f 590//590 609//609 611//611
f 19//19 573//573 224//224
f 573//573 149//149 575//575
f 224//224 575//575 61//61
f 573//573 575//575 224//224
f 149//149 574//574 576//576
f 574//574 40//40 562//562
f 576//576 562//562 146//146
f 574//574 562//562 576//576
f 61//61 564//564 223//223
f 564//564 146//146 561//561
f 223//223 561//561 5//5
f 564//564 561//561 223//223
f 149//149 576//576 575//575
f 576//576 146//146 564//564
f 575//575 564//564 61//61
f 576//576 564//564 575//575
f 41//41 608//608 597//597
f 608//608 156//156 612//612
f 597//597 612//612 154//154
f 608//608 612//612 597//597
f 156//156 607//607 610//610
f 607//607 40//40 574//574
f 610//610 574//574 149//149
f 607//607 574//574 610//610
f 154//154 599//599 596//596
f 599//599 149//149 573//573
f 596//596 573//573 19//19
f 599//599 573//573 596//596
f 156//156 610//610 612//612
f 610//610 149//149 599//599
f 612//612 599//599 154//154
f 610//610 599//599 612//612
f 12//12 617//617 551//551
f 617//617 158//158 620//620
f 551//551 620//620 143//143
f 617//617 620//620 551//551
f 158//158 618//618 641//641
f 618//618 42//42 638//638
f 641//641 638//638 162//162
f 618//618 638//638 641//641
f 143//143 639//639 552//552
f 639//639 162//162 637//637
f 552//552 637//637 39//39
f 639//639 637//637 552//552
f 158//158 641//641 620//620
f 641//641 162//162 639//639
f 620//620 639//639 143//143
f 641//641 639//639 620//620
f 42//42 614//614 627//627
f 614//614 157//157 630//630
f 627//627 630//630 160//160
f 614//614 630//630 627//627
f 157//157 613//613 616//616
f 613//613 11//11 475//475
f 616//616 475//475 125//125
f 613//613 475//475 616//616
f 160//160 628//628 626//626
f 628//628 125//125 476//476
f 626//626 476//476 35//35
f 628//628 476//476 626//626
f 157//157 616//616 630//630
f 616//616 125//125 628//628
f 630//630 628//628 160//160
f 616//616 628//628 630//630
f 39//39 558//558 548//548
f 558//558 145//145 560//560
f 548//548 560//560 142//142
f 558//558 560//560 548//548
f 145//145 557//557 559//559
f 557//557 35//35 473//473
f 559//559 473//473 124//124
f 557//557 473//473 559//559
f 142//142 550//550 547//547
f 550//550 124//124 472//472
f 547//547 472//472 3//3
f 550//550 472//472 547//547
f 145//145 559//559 560//560
f 559//559 124//124 550//550
f 560//560 550//550 142//142
f 559//559 550//550 560//560
f 42//42 627//627 638//638
f 627//627 160//160 642//642
f 638//638 642//642 162//162
f 627//627 642//642 638//638
f 160//160 626//626 629//629
f 626//626 35//35 557//557
f 629//629 557//557 145//145
f 626//626 557//557 629//629
f 162//162 640//640 637//637
f 640//640 145//145 558//558
f 637//637 558//558 39//39
f 640//640 558//558 637//637
f 160//160 629//629 642//642
f 629//629 145//145 640//640
f 642//642 640//640 162//162
f 629//629 640//640 642//642
f 11//11 507//507 485//485
f 507//507 133//133 510//510
f 485//485 510//510 128//128
f 507//507 510//510 485//485
f 133//133 508//508 531//531
f 508//508 37//37 528//528
f 531//531 528//528 137//137
f 508//508 528//528 531//531
f 128//128 529//529 486//486
f 529//529 137//137 527//527
f 486//486 527//527 36//36
f 529//529 527//527 486//486
f 133//133 531//531 510//510
f 531//531 137//137 529//529
f 510//510 529//529 128//128
f 531//531 529//529 510//510
f 37//37 504//504 517//517
f 504//504 132//132 520//520
f 517//517 520//520 135//135
f 504//504 520//520 517//517
f 132//132 503//503 506//506
f 503//503 8//8 281//281
f 506//506 281//281 78//78
f 503//503 281//281 506//506
f 135//135 518//518 516//516
f 518//518 78//78 282//282
f 516//516 282//282 24//24
f 518//518 282//282 516//516
f 132//132 506//506 520//520
f 506//506 78//78 518//518
f 520//520 518//518 135//135
f 506//506 518//518 520//520
f 36//36 494//494 482//482
f 494//494 130//130 496//496
f 482//482 496//496 127//127
f 494//494 496//496 482//482
f 130//130 493//493 495//495
f 493//493 24//24 280//280
f 495//495 280//280 77//77
f 493//493 280//280 495//495
f 127//127 484//484 481//481
f 484//484 77//77 279//279
f 481//481 279//279 7//7
f 484//484 279//279 481//481
f 130//130 495//495 496//496
f 495//495 77//77 484//484
f 496//496 484//484 127//127
f 495//495 484//484 496//496
f 37//37 517//517 528//528
f 517//517 135//135 532//532
f 528//528 532//532 137//137
f 517//517 532//532 528//528
f 135//135 516//516 519//519
f 516//516 24//24 493//493
f 519//519 493//493 130//130
f 516//516 493//493 519//519
f 137//137 530//530 527//527
f 530//530 130//130 494//494
f 527//527 494//494 36//36
f 530//530 494//494 527//527
f 135//135 519//519 532//532
f 519//519 130//130 530//530
f 532//532 530//530 137//137
f 519//519 530//530 532//532
f 8//8 265//265 323//323
f 265//265 74//74 325//325
f 323//323 325//325 90//90
f 265//265 325//325 323//323
f 74//74 266//266 333//333
f 266//266 23//23 331//331
f 333//333 331//331 92//92
f 266//266 331//331 333//333
f 90//90 335//335 324//324
f 335//335 92//92 332//332
f 324//324 332//332 28//28
f 335//335 332//332 324//324
f 74//74 333//333 325//325
f 333//333 92//92 335//335
f 325//325 335//335 90//90
f 333//333 335//335 325//325
f 23//23 263//263 288//288
f 263//263 73//73 290//290
f 288//288 290//290 81//81
f 263//263 290//290 288//288
f 73//73 262//262 285//285
f 262//262 2//2 283//283
f 285//285 283//283 79//79
f 262//262 283//283 285//285
f 81//81 291//291 289//289
f 291//291 79//79 284//284
f 289//289 284//284 25//25
f 291//291 284//284 289//289
f 73//73 285//285 290//290
f 285//285 79//79 291//291
f 290//290 291//291 81//81
f 285//285 291//291 290//290
f 28//28 342//342 328//328
f 342//342 94//94 345//345
f 328//328 345//345 91//91
f 342//342 345//345 328//328
f 94//94 341//341 343//343
f 341//341 25//25 287//287
f 343//343 287//287 80//80
f 341//341 287//287 343//343
f 91//91 329//329 327//327
f 329//329 80//80 286//286
f 327//327 286//286 9//9
f 329//329 286//286 327//327
f 94//94 343//343 345//345
f 343//343 80//80 329//329
f 345//345 329//329 91//91
f 343//343 329//329 345//345
f 23//23 288//288 331//331
f 288//288 81//81 334//334
f 331//331 334//334 92//92
f 288//288 334//334 331//331
f 81//81 289//289 344//344
f 289//289 25//25 341//341
f 344//344 341//341 94//94
f 289//289 341//341 344//344
f 92//92 346//346 332//332
f 346//346 94//94 342//342
f 332//332 342//342 28//28
f 346//346 342//342 332//332
f 81//81 344//344 334//334
f 344//344 94//94 346//346
f 334//334 346//346 92//92
f 344//344 346//346 334//334
f 4//4 367//367 180//180
f 367//367 100//100 369//369
f 180//180 369//369 50//50
f 367//367 369//369 180//180
f 100//100 368//368 376//376
f 368//368 30//30 374//374
f 376//376 374//374 102//102
f 368//368 374//374 376//376
f 50//50 375//375 181//181
f 375//375 102//102 373//373
f 181//181 373//373 16//16
f 375//375 373//373 181//181
f 100//100 376//376 369//369
f 376//376 102//102 375//375
f 369//369 375//375 50//50
f 376//376 375//375 369//369
f 30//30 372//372 397//397
f 372//372 101//101 399//399
f 397//397 399//399 108//108
f 372//372 399//399 397//397
f 101//101 371//371 387//387
f 371//371 10//10 385//385
f 387//387 385//385 105//105
f 371//371 385//385 387//387
f 108//108 401//401 398//398
f 401//401 105//105 386//386
f 398//398 386//386 31//31
f 401//401 386//386 398//398
f 101//101 387//387 399//399
f 387//387 105//105 401//401
f 399//399 401//401 108//108
f 387//387 401//401 399//399
f 16//16 388//388 184//184
f 388//388 106//106 390//390
f 184//184 390//390 51//51
f 388//388 390//390 184//184
f 106//106 389//389 392//392
f 389//389 31//31 382//382
f 392//392 382//382 104//104
f 389//389 382//382 392//392
f 51//51 383//383 183//183
f 383//383 104//104 381//381
f 183//183 381//381 5//5
f 383//383 381//381 183//183
f 106//106 392//392 390//390
f 392//392 104//104 383//383
f 390//390 383//383 51//51
f 392//392 383//383 390//390
f 30//30 397//397 374//374
f 397//397 108//108 400//400
f 374//374 400//400 102//102
f 397//397 400//400 374//374
f 108//108 398//398 402//402
f 398//398 31//31 389//389
f 402//402 389//389 106//106
f 398//398 389//389 402//402
f 102//102 391//391 373//373
f 391//391 106//106 388//388
f 373//373 388//388 16//16
f 391//391 388//388 373//373
f 108//108 402//402 400//400
f 402//402 106//106 391//391
f 400//400 391//391 102//102
f 402//402 391//391 400//400
f 4//4 180//180 169//169
f 180//180 50//50 182//182
f 169//169 182//182 46//46
f 180//180 182//182 169//169
f 50//50 181//181 190//190
f 181//181 16//16 187//187
f 190//190 187//187 52//52
f 181//181 187//187 190//190
f 46//46 188//188 170//170
f 188//188 52//52 186//186
f 170//170 186//186 14//14
f 188//188 186//186 170//170
f 50//50 190//190 182//182
f 190//190 52//52 188//188
f 182//182 188//188 46//46
f 190//190 188//188 182//182
f 16//16 184//184 192//192
f 184//184 51//51 195//195
f 192//192 195//195 53//53
f 184//184 195//195 192//192
f 51//51 183//183 185//185
f 183//183 5//5 174//174
f 185//185 174//174 48//48
f 183//183 174//174 185//185
f 53//53 193//193 191//191
f 193//193 48//48 175//175
f 191//191 175//175 15//15
f 193//193 175//175 191//191
f 51//51 185//185 195//195
f 185//185 48//48 193//193
f 195//195 193//193 53//53
f 185//185 193//193 195//195
f 14//14 176//176 168//168
f 176//176 49//49 178//178
f 168//168 178//178 45//45
f 176//176 178//178 168//168
f 49//49 177//177 179//179
f 177//177 15//15 172//172
f 179//179 172//172 47//47
f 177//177 172//172 179//179
f 45//45 173//173 167//167
f 173//173 47//47 171//171
f 167//167 171//171 3//3
f 173//173 171//171 167//167
f 49//49 179//179 178//178
f 179//179 47//47 173//173
f 178//178 173//173 45//45
f 179//179 173//173 178//178
f 16//16 192//192 187//187
f 192//192 53//53 196//196
f 187//187 196//196 52//52
f 192//192 196//196 187//187
f 53//53 191//191 194//194
f 191//191 15//15 177//177
f 194//194 177//177 49//49
f 191//191 177//177 194//194
f 52//52 189//189 186//186
f 189//189 49//49 176//176
f 186//186 176//176 14//14
f 189//189 176//176 186//186
f 53//53 194//194 196//196
f 194//194 49//49 189//189
f 196//196 189//189 52//52
f 194//194 189//189 196//196
f 4//4 169//169 236//236
f 169//169 46//46 238//238
f 236//236 238//238 66//66
f 169//169 238//238 236//236
f 46//46 170//170 244//244
f 170//170 14//14 242//242
f 244//244 242//242 68//68
f 170//170 242//242 244//244
f 66//66 246//246 237//237
f 246//246 68//68 243//243
f 237//237 243//243 21//21
f 246//246 243//243 237//237
f 46//46 244//244 238//238
f 244//244 68//68 246//246
f 238//238 246//246 66//66
f 244//244 246//246 238//238
f 14//14 168//168 232//232
f 168//168 45//45 234//234
f 232//232 234//234 65//65
f 168//168 234//234 232//232
f 45//45 167//167 229//229
f 167//167 3//3 227//227
f 229//229 227//227 63//63
f 167//167 227//227 229//229
f 65//65 235//235 233//233
f 235//235 63//63 228//228
f 233//233 228//228 20//20
f 235//235 228//228 233//233
f 45//45 229//229 234//234
f 229//229 63//63 235//235
f 234//234 235//235 65//65
f 229//229 235//235 234//234
f 21//21 248//248 240//240
f 248//248 69//69 251//251
f 240//240 251//251 67//67
f 248//248 251//251 240//240
f 69//69 247//247 249//249
f 247//247 20//20 231//231
f 249//249 231//231 64//64
f 247//247 231//231 249//249
f 67//67 241//241 239//239
f 241//241 64//64 230//230
f 239//239 230//230 7//7
f 241//241 230//230 239//239
f 69//69 249//249 251//251
f 249//249 64//64 241//241
f 251//251 241//241 67//67
f 249//249 241//241 251//251
f 14//14 232//232 242//242
f 232//232 65//65 245//245
f 242//242 245//245 68//68
f 232//232 245//245 242//242
f 65//65 233//233 250//250
f 233//233 20//20 247//247
f 250//250 247//247 69//69
f 233//233 247//247 250//250
f 68//68 252//252 243//243
f 252//252 69//69 248//248
f 243//243 248//248 21//21
f 252//252 248//248 243//243
f 65//65 250//250 245//245
f 250//250 69//69 252//252
f 245//245 252//252 68//68
f 250//250 252//252 245//245
f 4//4 236//236 292//292
f 236//236 66//66 294//294
f 292//292 294//294 82//82
f 236//236 294//294 292//292
f 66//66 237//237 299//299
f 237//237 21//21 297//297
f 299//299 297//297 84//84
f 237//237 297//297 299//299
f 82//82 300//300 293//293
f 300//300 84//84 298//298
f 293//293 298//298 26//26
f 300//300 298//298 293//293
f 66//66 299//299 294//294
f 299//299 84//84 300//300
f 294//294 300//300 82//82
f 299//299 300//300 294//294
f 21//21 240//240 308//308
f 240//240 67//67 310//310
f 308//308 310//310 87//87
f 240//240 310//310 308//308
f 67//67 239//239 303//303
f 239//239 7//7 301//301
f 303//303 301//301 85//85
f 239//239 301//301 303//303
f 87//87 312//312 309//309
f 312//312 85//85 302//302
f 309//309 302//302 27//27
f 312//312 302//302 309//309
f 67//67 303//303 310//310
f 303//303 85//85 312//312
f 310//310 312//312 87//87
f 303//303 312//312 310//310
f 26//26 317//317 296//296
f 317//317 89//89 319//319
f 296//296 319//319 83//83
f 317//317 319//319 296//296
f 89//89 318//318 321//321
f 318//318 27//27 306//306
f 321//321 306//306 86//86
f 318//318 306//306 321//321
f 83//83 307//307 295//295
f 307//307 86//86 305//305
f 295//295 305//305 9//9
f 307//307 305//305 295//295
f 89//89 321//321 319//319
f 321//321 86//86 307//307
f 319//319 307//307 83//83
f 321//321 307//307 319//319
f 21//21 308//308 297//297
f 308//308 87//87 311//311
f 297//297 311//311 84//84
f 308//308 311//311 297//297
f 87//87 309//309 322//322
f 309//309 27//27 318//318
f 322//322 318//318 89//89
f 309//309 318//318 322//322
f 84//84 320//320 298//298
f 320//320 89//89 317//317
f 298//298 317//317 26//26
f 320//320 317//317 298//298
f 87//87 322//322 311//311
f 322//322 89//89 320//320
f 311//311 320//320 84//84
f 322//322 320//320 311//311
f 4//4 292//292 367//367
f 292//292 82//82 370//370
f 367//367 370//370 100//100
f 292//292 370//370 367//367
f 82//82 293//293 379//379
f 293//293 26//26 377//377
f 379//379 377//377 103//103
f 293//293 377//377 379//379
f 100//100 380//380 368//368
f 380//380 103//103 378//378
f 368//368 378//378 30//30
f 380//380 378//378 368//368
f 82//82 379//379 370//370
f 379//379 103//103 380//380
f 370//370 380//380 100//100
f 379//379 380//380 370//370
f 26//26 296//296 446//446
f 296//296 83//83 448//448
f 446//446 448//448 118//118
f 296//296 448//448 446//446
f 83//83 295//295 436//436
f 295//295 9//9 433//433
f 436//436 433//433 115//115
f 295//295 433//433 436//436
f 118//118 450//450 447//447
f 450//450 115//115 434//434
f 447//447 434//434 33//33
f 450//450 434//434 447//447
f 83//83 436//436 448//448
f 436//436 115//115 450//450
f 448//448 450//450 118//118
f 436//436 450//450 448//448
f 30//30 457//457 372//372
f 457//457 120//120 459//459
f 372//372 459//459 101//101
f 457//457 459//459 372//372
f 120//120 458//458 461//461
f 458//458 33//33 438//438
f 461//461 438//438 116//116
f 458//458 438//438 461//461
f 101//101 440//440 371//371
f 440//440 116//116 437//437
f 371//371 437//437 10//10
f 440//440 437//437 371//371
f 120//120 461//461 459//459
f 461//461 116//116 440//440
f 459//459 440//440 101//101
f 461//461 440//440 459//459
f 26//26 446//446 377//377
f 446//446 118//118 449//449
f 377//377 449//449 103//103
f 446//446 449//449 377//377
f 118//118 447//447 462//462
f 447//447 33//33 458//458
f 462//462 458//458 120//120
f 447//447 458//458 462//462
f 103//103 460//460 378//378
f 460//460 120//120 457//457
f 378//378 457//457 30//30
f 460//460 457//457 378//378
f 118//118 462//462 449//449
f 462//462 120//120 460//460
f 449//449 460//460 103//103
f 462//462 460//460 449//449
f 5//5 381//381 223//223
f 381//381 104//104 384//384
f 223//223 384//384 61//61
f 381//381 384//384 223//223
f 104//104 382//382 396//396
f 382//382 31//31 394//394
f 396//396 394//394 107//107
f 382//382 394//394 396//396
f 61//61 395//395 224//224
f 395//395 107//107 393//393
f 224//224 393//393 19//19
f 395//395 393//393 224//224
f 104//104 396//396 384//384
f 396//396 107//107 395//395
f 384//384 395//395 61//61
f 396//396 395//395 384//384
f 31//31 386//386 427//427
f 386//386 105//105 429//429
f 427//427 429//429 114//114
f 386//386 429//429 427//427
f 105//105 385//385 410//410
f 385//385 10//10 407//407
f 410//410 407//407 110//110
f 385//385 407//407 410//410
f 114//114 431//431 428//428
f 431//431 110//110 408//408
f 428//428 408//408 32//32
f 431//431 408//408 428//428
f 105//105 410//410 429//429
f 410//410 110//110 431//431
f 429//429 431//431 114//114
f 410//410 431//431 429//429
f 19//19 416//416 226//226
f 416//416 112//112 418//418
f 226//226 418//418 62//62
f 416//416 418//418 226//226
f 112//112 417//417 420//420
f 417//417 32//32 404//404
f 420//420 404//404 109//109
f 417//417 404//404 420//420
f 62//62 406//406 225//225
f 406//406 109//109 403//403
f 225//225 403//403 6//6
f 406//406 403//403 225//225
f 112//112 420//420 418//418
f 420//420 109//109 406//406
f 418//418 406//406 62//62
f 420//420 406//406 418//418
f 31//31 427//427 394//394
f 427//427 114//114 430//430
f 394//394 430//430 107//107
f 427//427 430//430 394//394
f 114//114 428//428 432//432
f 428//428 32//32 417//417
f 432//432 417//417 112//112
f 428//428 417//417 432//432
f 107//107 419//419 393//393
f 419//419 112//112 416//416
f 393//393 416//416 19//19
f 419//419 416//416 393//393
f 114//114 432//432 430//430
f 432//432 112//112 419//419
f 430//430 419//419 107//107
f 432//432 419//419 430//430
f 3//3 171//171 547//547
f 171//171 47//47 549//549
f 547//547 549//549 142//142
f 171//171 549//549 547//547
f 47//47 172//172 555//555
f 172//172 15//15 553//553
f 555//555 553//553 144//144
f 172//172 553//553 555//555
f 142//142 556//556 548//548
f 556//556 144//144 554//554
f 548//548 554//554 39//39
f 556//556 554//554 548//548
f 47//47 555//555 549//549
f 555//555 144//144 556//556
f 549//549 556//556 142//142
f 555//555 556//556 549//549
f 15//15 175//175 568//568
f 175//175 48//48 570//570
f 568//568 570//570 148//148
f 175//175 570//570 568//568
f 48//48 174//174 563//563
f 174//174 5//5 561//561
f 563//563 561//561 146//146
f 174//174 561//561 563//563
f 148//148 572//572 569//569
f 572//572 146//146 562//562
f 569//569 562//562 40//40
f 572//572 562//562 569//569
f 48//48 563//563 570//570
f 563//563 146//146 572//572
f 570//570 572//572 148//148
f 563//563 572//572 570//570
f 39//39 577//577 552//552
f 577//577 150//150 579//579
f 552//552 579//579 143//143
f 577//577 579//579 552//552
f 150//150 578//578 581//581
f 578//578 40//40 566//566
f 581//581 566//566 147//147
f 578//578 566//566 581//581
f 143//143 567//567 551//551
f 567//567 147//147 565//565
f 551//551 565//565 12//12
f 567//567 565//565 551//551
f 150//150 581//581 579//579
f 581//581 147//147 567//567
f 579//579 567//567 143//143
f 581//581 567//567 579//579
f 15//15 568//568 553//553
f 568//568 148//148 571//571
f 553//553 571//571 144//144
f 568//568 571//571 553//553
f 148//148 569//569 582//582
f 569//569 40//40 578//578
f 582//582 578//578 150//150
f 569//569 578//578 582//582
f 144//144 580//580 554//554
f 580//580 150//150 577//577
f 554//554 577//577 39//39
f 580//580 577//577 554//554
f 148//148 582//582 571//571
f 582//582 150//150 580//580
f 571//571 580//580 144//144
f 582//582 580//580 571//571
f 7//7 230//230 481//481
f 230//230 64//64 483//483
f 481//481 483//483 127//127
f 230//230 483//483 481//481
f 64//64 231//231 490//490
f 231//231 20//20 488//488
f 490//490 488//488 129//129
f 231//231 488//488 490//490
f 127//127 492//492 482//482
f 492//492 129//129 489//489
f 482//482 489//489 36//36
f 492//492 489//489 482//482
f 64//64 490//490 483//483
f 490//490 129//129 492//492
f 483//483 492//492 127//127
f 490//490 492//492 483//483
f 20//20 228//228 477//477
f 228//228 63//63 479//479
f 477//477 479//479 126//126
f 228//228 479//479 477//477
f 63//63 227//227 474//474
f 227//227 3//3 472//472
f 474//474 472//472 124//124
f 227//227 472//472 474//474
f 126//126 480//480 478//478
f 480//480 124//124 473//473
f 478//478 473//473 35//35
f 480//480 473//473 478//478
f 63//63 474//474 479//479
f 474//474 124//124 480//480
f 479//479 480//480 126//126
f 474//474 480//480 479//479
f 36//36 498//498 486//486
f 498//498 131//131 501//501
f 486//486 501//501 128//128
f 498//498 501//501 486//486
f 131//131 497//497 499//499
f 497//497 35//35 476//476
f 499//499 476//476 125//125
f 497//497 476//476 499//499
f 128//128 487//487 485//485
f 487//487 125//125 475//475
f 485//485 475//475 11//11
f 487//487 475//475 485//485
f 131//131 499//499 501//501
f 499//499 125//125 487//487
f 501//501 487//487 128//128
f 499//499 487//487 501//501
f 20//20 477//477 488//488
f 477//477 126//126 491//491
f 488//488 491//491 129//129
f 477//477 491//491 488//488
f 126//126 478//478 500//500
f 478//478 35//35 497//497
f 500//500 497//497 131//131
f 478//478 497//497 500//500
f 129//129 502//502 489//489
f 502//502 131//131 498//498
f 489//489 498//498 36//36
f 502//502 498//498 489//489
f 126//126 500//500 491//491
f 500//500 131//131 502//502
f 491//491 502//502 129//129
f 500//500 502//502 491//491
f 9//9 305//305 327//327
f 305//305 86//86 330//330
f 327//327 330//330 91//91
f 305//305 330//330 327//327
f 86//86 306//306 349//349
f 306//306 27//27 347//347
f 349//349 347//347 95//95
f 306//306 347//347 349//349
f 91//91 351//351 328//328
f 351//351 95//95 348//348
f 328//328 348//348 28//28
f 351//351 348//348 328//328
f 86//86 349//349 330//330
f 349//349 95//95 351//351
f 330//330 351//351 91//91
f 349//349 351//351 330//330
f 27//27 302//302 314//314
f 302//302 85//85 316//316
f 314//314 316//316 88//88
f 302//302 316//316 314//314
f 85//85 301//301 304//304
f 301//301 7//7 279//279
f 304//304 279//279 77//77
f 301//301 279//279 304//304
f 88//88 315//315 313//313
f 315//315 77//77 280//280
f 313//313 280//280 24//24
f 315//315 280//280 313//313
f 85//85 304//304 316//316
f 304//304 77//77 315//315
f 316//316 315//315 88//88
f 304//304 315//315 316//316
f 28//28 337//337 324//324
f 337//337 93//93 340//340
f 324//324 340//340 90//90
f 337//337 340//340 324//324
f 93//93 336//336 338//338
f 336//336 24//24 282//282
f 338//338 282//282 78//78
f 336//336 282//282 338//338
f 90//90 326//326 323//323
f 326//326 78//78 281//281
f 323//323 281//281 8//8
f 326//326 281//281 323//323
f 93//93 338//338 340//340
f 338//338 78//78 326//326
f 340//340 326//326 90//90
f 338//338 326//326 340//340
f 27//27 314//314 347//347
f 314//314 88//88 350//350
f 347//347 350//350 95//95
f 314//314 350//350 347//347
f 88//88 313//313 339//339
f 313//313 24//24 336//336
f 339//339 336//336 93//93
f 313//313 336//336 339//339
f 95//95 352//352 348//348
f 352//352 93//93 337//337
f 348//348 337//337 28//28
f 352//352 337//337 348//348
f 88//88 339//339 350//350
f 339//339 93//93 352//352
f 350//350 352//352 95//95
f 339//339 352//352 350//350
f 10//10 437//437 357//357
f 437//437 116//116 439//439
f 357//357 439//439 97//97
f 437//437 439//439 357//357
f 116//116 438//438 455//455
f 438//438 33//33 452//452
f 455//455 452//452 119//119
f 438//438 452//452 455//455
f 97//97 453//453 358//358
f 453//453 119//119 451//451
f 358//358 451//451 29//29
f 453//453 451//451 358//358
f 116//116 455//455 439//439
f 455//455 119//119 453//453
f 439//439 453//453 97//97
f 455//455 453//453 439//439
f 33//33 434//434 442//442
f 434//434 115//115 445//445
f 442//442 445//445 117//117
f 434//434 445//445 442//442
f 115//115 433//433 435//435
f 433//433 9//9 286//286
f 435//435 286//286 80//80
f 433//433 286//286 435//435
f 117//117 443//443 441//441
f 443//443 80//80 287//287
f 441//441 287//287 25//25
f 443//443 287//287 441//441
f 115//115 435//435 445//445
f 435//435 80//80 443//443
f 445//445 443//443 117//117
f 435//435 443//443 445//445
f 29//29 364//364 354//354
f 364//364 99//99 366//366
f 354//354 366//366 96//96
f 364//364 366//366 354//354
f 99//99 363//363 365//365
f 363//363 25//25 284//284
f 365//365 284//284 79//79
f 363//363 284//284 365//365
f 96//96 356//356 353//353
f 356//356 79//79 283//283
f 353//353 283//283 2//2
f 356//356 283//283 353//353
f 99//99 365//365 366//366
f 365//365 79//79 356//356
f 366//366 356//356 96//96
f 365//365 356//356 366//366
f 33//33 442//442 452//452
f 442//442 117//117 456//456
f 452//452 456//456 119//119
f 442//442 456//456 452//452
f 117//117 441//441 444//444
f 441//441 25//25 363//363
f 444//444 363//363 99//99
f 441//441 363//363 444//444
f 119//119 454//454 451//451
f 454//454 99//99 364//364
f 451//451 364//364 29//29
f 454//454 364//364 451//451
f 117//117 444//444 456//456
f 444//444 99//99 454//454
f 456//456 454//454 119//119
f 444//444 454//454 456//456
f 643//643 780//780 696//696
f 780//780 680//680 782//782
f 696//696 782//782 659//659
f 780//780 782//782 696//696
f 680//680 781//781 797//797
f 781//781 654//654 794//794
f 797//797 794//794 683//683
f 781//781 794//794 797//797
f 659//659 795//795 697//697
f 795//795 683//683 793//793
f 697//697 793//793 648//648
f 795//795 793//793 697//697
f 680//680 797//797 782//782
f 797//797 683//683 795//795
f 782//782 795//795 659//659
f 797//797 795//795 782//782
f 643//643 696//696 685//685
f 696//696 659//659 698//698
f 685//685 698//698 655//655
f 696//696 698//698 685//685
f 659//659 697//697 702//702
f 697//697 648//648 700//700
f 702//702 700//700 660//660
f 697//697 700//700 702//702
f 655//655 701//701 686//686
f 701//701 660//660 699//699
f 686//686 699//699 644//644
f 701//701 699//699 686//686
f 659//659 702//702 698//698
f 702//702 660//660 701//701
f 698//698 701//701 655//655
f 702//702 701//701 698//698
f 643//643 685//685 712//712
f 685//685 655//655 714//714
f 712//712 714//714 664//664
f 685//685 714//714 712//712
f 655//655 686//686 717//717
f 686//686 644//644 715//715
f 717//717 715//715 665//665
f 686//686 715//715 717//717
f 664//664 718//718 713//713
f 718//718 665//665 716//716
f 713//713 716//716 650//650
f 718//718 716//716 713//713
f 655//655 717//717 714//714
f 717//717 665//665 718//718
f 714//714 718//718 664//664
f 717//717 718//718 714//714
f 643//643 712//712 763//763
f 712//712 664//664 765//765
f 763//763 765//765 676//676
f 712//712 765//765 763//763
f 664//664 713//713 776//776
f 713//713 650//650 774//774
f 776//776 774//774 679//679
f 713//713 774//774 776//776
f 676//676 778//778 764//764
f 778//778 679//679 775//775
f 764//764 775//775 653//653
f 778//778 775//775 764//764
f 664//664 776//776 765//765
f 776//776 679//679 778//778
f 765//765 778//778 676//676
f 776//776 778//778 765//765
f 643//643 763//763 780//780
f 763//763 676//676 783//783
f 780//780 783//783 680//680
f 763//763 783//783 780//780
f 676//676 764//764 801//801
f 764//764 653//653 799//799
f 801//801 799//799 684//684
f 764//764 799//799 801//801
f 680//680 803//803 781//781
f 803//803 684//684 800//800
f 781//781 800//800 654//654
f 803//803 800//800 781//781
f 676//676 801//801 783//783
f 801//801 684//684 803//803
f 783//783 803//803 680//680
f 801//801 803//803 783//783
f 644//644 699//699 738//738
f 699//699 660//660 740//740
f 738//738 740//740 671//671
f 699//699 740//740 738//738
f 660//660 700//700 753//753
f 700//700 648//648 751//751
f 753//753 751//751 674//674
f 700//700 751//751 753//753
f 671//671 755//755 739//739
f 755//755 674//674 752//752
f 739//739 752//752 652//652
f 755//755 752//752 739//739
f 660//660 753//753 740//740
f 753//753 674//674 755//755
f 740//740 755//755 671//671
f 753//753 755//755 740//740
f 648//648 793//793 704//704
f 793//793 683//683 796//796
f 704//704 796//796 661//661
f 793//793 796//796 704//704
f 683//683 794//794 798//798
f 794//794 654//654 789//789
f 798//798 789//789 682//682
f 794//794 789//789 798//798
f 661//661 791//791 703//703
f 791//791 682//682 788//788
f 703//703 788//788 647//647
f 791//791 788//788 703//703
f 683//683 798//798 796//796
f 798//798 682//682 791//791
f 796//796 791//791 661//661
f 798//798 791//791 796//796
f 654//654 800//800 785//785
f 800//800 684//684 804//804
f 785//785 804//804 681//681
f 800//800 804//804 785//785
f 684//684 799//799 802//802
f 799//799 653//653 767//767
f 802//802 767//767 677//677
f 799//799 767//767 802//802
f 681//681 787//787 784//784
f 787//787 677//677 766//766
f 784//784 766//766 645//645
f 787//787 766//766 784//784
f 684//684 802//802 804//804
f 802//802 677//677 787//787
f 804//804 787//787 681//681
f 802//802 787//787 804//804
f 653//653 775//775 770//770
f 775//775 679//679 779//779
f 770//770 779//779 678//678
f 775//775 779//779 770//770
f 679//679 774//774 777//777
f 774//774 650//650 720//720
f 777//777 720//720 666//666
f 774//774 720//720 777//777
f 678//678 772//772 769//769
f 772//772 666//666 719//719
f 769//769 719//719 649//649
f 772//772 719//719 769//769
f 679//679 777//777 779//779
f 777//777 666//666 772//772
f 779//779 772//772 678//678
f 777//777 772//772 779//779
f 650//650 716//716 732//732
f 716//716 665//665 734//734
f 732//732 734//734 670//670
f 716//716 734//734 732//732
f 665//665 715//715 723//723
f 715//715 644//644 721//721
f 723//723 721//721 667//667
f 715//715 721//721 723//723
f 670//670 736//736 733//733
f 736//736 667//667 722//722
f 733//733 722//722 651//651
f 736//736 722//722 733//733
f 665//665 723//723 734//734
f 723//723 667//667 736//736
f 734//734 736//736 670//670
f 723//723 736//736 734//734
f 646//646 742//742 692//692
f 742//742 672//672 744//744
f 692//692 744//744 658//658
f 742//742 744//744 692//692
f 672//672 743//743 750//750
f 743//743 652//652 747//747
f 750//750 747//747 673//673
f 743//743 747//747 750//750
f 658//658 748//748 693//693
f 748//748 673//673 746//746
f 693//693 746//746 647//647
f 748//748 746//746 693//693
f 672//672 750//750 744//744
f 750//750 673//673 748//748
f 744//744 748//748 658//658
f 750//750 748//748 744//744
f 646//646 692//692 688//688
f 692//692 658//658 694//694
f 688//688 694//694 656//656
f 692//692 694//694 688//688
f 658//658 693//693 695//695
f 693//693 647//647 690//690
f 695//695 690//690 657//657
f 693//693 690//690 695//695
f 656//656 691//691 687//687
f 691//691 657//657 689//689
f 687//687 689//689 645//645
f 691//691 689//689 687//687
f 658//658 695//695 694//694
f 695//695 657//657 691//691
f 694//694 691//691 656//656
f 695//695 691//691 694//694
f 646//646 688//688 708//708
f 688//688 656//656 710//710
f 708//708 710//710 663//663
f 688//688 710//710 708//708
f 656//656 687//687 707//707
f 687//687 645//645 705//705
f 707//707 705//705 662//662
f 687//687 705//705 707//707
f 663//663 711//711 709//709
f 711//711 662//662 706//706
f 709//709 706//706 649//649
f 711//711 706//706 709//709
f 656//656 707//707 710//710
f 707//707 662//662 711//711
f 710//710 711//711 663//663
f 707//707 711//711 710//710
f 646//646 708//708 724//724
f 708//708 663//663 726//726
f 724//724 726//726 668//668
f 708//708 726//726 724//724
f 663//663 709//709 729//729
f 709//709 649//649 727//727
f 729//729 727//727 669//669
f 709//709 727//727 729//729
f 668//668 731//731 725//725
f 731//731 669//669 728//728
f 725//725 728//728 651//651
f 731//731 728//728 725//725
f 663//663 729//729 726//726
f 729//729 669//669 731//731
f 726//726 731//731 668//668
f 729//729 731//731 726//726
f 646//646 724//724 742//742
f 724//724 668//668 745//745
f 742//742 745//745 672//672
f 724//724 745//745 742//742
f 668//668 725//725 760//760
f 725//725 651//651 757//757
f 760//760 757//757 675//675
f 725//725 757//757 760//760
f 672//672 762//762 743//743
f 762//762 675//675 758//758
f 743//743 758//758 652//652
f 762//762 758//758 743//743
f 668//668 760//760 745//745
f 760//760 675//675 762//762
f 745//745 762//762 672//672
f 760//760 762//762 745//745
f 647//647 746//746 703//703
f 746//746 673//673 749//749
f 703//703 749//749 661//661
f 746//746 749//749 703//703
f 673//673 747//747 756//756
f 747//747 652//652 752//752
f 756//756 752//752 674//674
f 747//747 752//752 756//756
f 661//661 754//754 704//704
f 754//754 674//674 751//751
f 704//704 751//751 648//648
f 754//754 751//751 704//704
f 673//673 756//756 749//749
f 756//756 674//674 754//754
f 749//749 754//754 661//661
f 756//756 754//754 749//749
f 645//645 689//689 784//784
f 689//689 657//657 786//786
f 784//784 786//786 681//681
f 689//689 786//786 784//784
f 657//657 690//690 790//790
f 690//690 647//647 788//788
f 790//790 788//788 682//682
f 690//690 788//788 790//790
f 681//681 792//792 785//785
f 792//792 682//682 789//789
f 785//785 789//789 654//654
f 792//792 789//789 785//785
f 657//657 790//790 786//786
f 790//790 682//682 792//792
f 786//786 792//792 681//681
f 790//790 792//792 786//786
f 649//649 706//706 769//769
f 706//706 662//662 771//771
f 769//769 771//771 678//678
f 706//706 771//771 769//769
f 662//662 705//705 768//768
f 705//705 645//645 766//766
f 768//768 766//766 677//677
f 705//705 766//766 768//768
f 678//678 773//773 770//770
f 773//773 677//677 767//767
f 770//770 767//767 653//653
f 773//773 767//767 770//770
f 662//662 768//768 771//771
f 768//768 677//677 773//773
f 771//771 773//773 678//678
f 768//768 773//773 771//771
f 651//651 728//728 733//733
f 728//728 669//669 737//737
f 733//733 737//737 670//670
f 728//728 737//737 733//733
f 669//669 727//727 730//730
f 727//727 649//649 719//719
f 730//730 719//719 666//666
f 727//727 719//719 730//730
f 670//670 735//735 732//732
f 735//735 666//666 720//720
f 732//732 720//720 650//650
f 735//735 720//720 732//732
f 669//669 730//730 737//737
f 730//730 666//666 735//735
f 737//737 735//735 670//670
f 730//730 735//735 737//737
f 652//652 758//758 739//739
f 758//758 675//675 761//761
f 739//739 761//761 671//671
f 758//758 761//761 739//739
f 675//675 757//757 759//759
f 757//757 651//651 722//722
f 759//759 722//722 667//667
f 757//757 722//722 759//759
f 671//671 741//741 738//738
f 741//741 667//667 721//721
f 738//738 721//721 644//644
f 741//741 721//721 738//738
f 675//675 759//759 761//761
f 759//759 667//667 741//741
f 761//761 741//741 671//671
f 759//759 741//741 761//761
f 805//805 942//942 858//858
f 942//942 842//842 944//944
f 858//858 944//944 821//821
f 942//942 944//944 858//858
f 842//842 943//943 959//959
f 943//943 816//816 956//956
f 959//959 956//956 845//845
f 943//943 956//956 959//959
f 821//821 957//957 859//859
f 957//957 845//845 955//955
f 859//859 955//955 810//810
f 957//957 955//955 859//859
f 842//842 959//959 944//944
f 959//959 845//845 957//957
f 944//944 957//957 821//821
f 959//959 957//957 944//944
f 805//805 858//858 847//847
f 858//858 821//821 860//860
f 847//847 860//860 817//817
f 858//858 860//860 847//847
f 821//821 859//859 864//864
f 859//859 810//810 862//862
f 864//864 862//862 822//822
f 859//859 862//862 864//864
f 817//817 863//863 848//848
f 863//863 822//822 861//861
f 848//848 861//861 806//806
f 863//863 861//861 848//848
f 821//821 864//864 860//860
f 864//864 822//822 863//863
f 860//860 863//863 817//817
f 864//864 863//863 860//860
f 805//805 847//847 874//874
f 847//847 817//817 876//876
f 874//874 876//876 826//826
f 847//847 876//876 874//874
f 817//817 848//848 879//879
f 848//848 806//806 877//877
f 879//879 877//877 827//827
f 848//848 877//877 879//879
f 826//826 880//880 875//875
f 880//880 827//827 878//878
f 875//875 878//878 812//812
f 880//880 878//878 875//875
f 817//817 879//879 876//876
f 879//879 827//827 880//880
f 876//876 880//880 826//826
f 879//879 880//880 876//876
f 805//805 874//874 925//925
f 874//874 826//826 927//927
f 925//925 927//927 838//838
f 874//874 927//927 925//925
f 826//826 875//875 938//938
f 875//875 812//812 936//936
f 938//938 936//936 841//841
f 875//875 936//936 938//938
f 838//838 940//940 926//926
f 940//940 841//841 937//937
f 926//926 937//937 815//815
f 940//940 937//937 926//926
f 826//826 938//938 927//927
f 938//938 841//841 940//940
f 927//927 940//940 838//838
f 938//938 940//940 927//927
f 805//805 925//925 942//942
f 925//925 838//838 945//945
f 942//942 945//945 842//842
f 925//925 945//945 942//942
f 838//838 926//926 963//963
f 926//926 815//815 961//961
f 963//963 961//961 846//846
f 926//926 961//961 963//963
f 842//842 965//965 943//943
f 965//965 846//846 962//962
f 943//943 962//962 816//816
f 965//965 962//962 943//943
f 838//838 963//963 945//945
f 963//963 846//846 965//965
f 945//945 965//965 842//842
f 963//963 965//965 945//945
f 806//806 861//861 900//900
f 861//861 822//822 902//902
f 900//900 902//902 833//833
f 861//861 902//902 900//900
f 822//822 862//862 915//915
f 862//862 810//810 913//913
f 915//915 913//913 836//836
f 862//862 913//913 915//915
f 833//833 917//917 901//901
f 917//917 836//836 914//914
f 901//901 914//914 814//814
f 917//917 914//914 901//901
f 822//822 915//915 902//902
f 915//915 836//836 917//917
f 902//902 917//917 833//833
f 915//915 917//917 902//902
f 810//810 955//955 866//866
f 955//955 845//845 958//958
f 866//866 958//958 823//823
f 955//955 958//958 866//866
f 845//845 956//956 960//960
f 956//956 816//816 951//951
f 960//960 951//951 844//844
f 956//956 951//951 960//960
f 823//823 953//953 865//865
f 953//953 844//844 950//950
f 865//865 950//950 809//809
f 953//953 950//950 865//865
f 845//845 960//960 958//958
f 960//960 844//844 953//953
f 958//958 953//953 823//823
f 960//960 953//953 958//958
f 816//816 962//962 947//947
f 962//962 846//846 966//966
f 947//947 966//966 843//843
f 962//962 966//966 947//947
f 846//846 961//961 964//964
f 961//961 815//815 929//929
f 964//964 929//929 839//839
f 961//961 929//929 964//964
f 843//843 949//949 946//946
f 949//949 839//839 928//928
f 946//946 928//928 807//807
f 949//949 928//928 946//946
f 846//846 964//964 966//966
f 964//964 839//839 949//949
f 966//966 949//949 843//843
f 964//964 949//949 966//966
f 815//815 937//937 932//932
f 937//937 841//841 941//941
f 932//932 941//941 840//840
f 937//937 941//941 932//932
f 841//841 936//936 939//939
f 936//936 812//812 882//882
f 939//939 882//882 828//828
f 936//936 882//882 939//939
f 840//840 934//934 931//931
f 934//934 828//828 881//881
f 931//931 881//881 811//811
f 934//934 881//881 931//931
f 841//841 939//939 941//941
f 939//939 828//828 934//934
f 941//941 934//934 840//840
f 939//939 934//934 941//941
f 812//812 878//878 894//894
f 878//878 827//827 896//896
f 894//894 896//896 832//832
f 878//878 896//896 894//894
f 827//827 877//877 885//885
f 877//877 806//806 883//883
f 885//885 883//883 829//829
f 877//877 883//883 885//885
f 832//832 898//898 895//895
f 898//898 829//829 884//884
f 895//895 884//884 813//813
f 898//898 884//884 895//895
f 827//827 885//885 896//896
f 885//885 829//829 898//898
f 896//896 898//898 832//832
f 885//885 898//898 896//896
f 808//808 904//904 854//854
f 904//904 834//834 906//906
f 854//854 906//906 820//820
f 904//904 906//906 854//854
f 834//834 905//905 912//912
f 905//905 814//814 909//909
f 912//912 909//909 835//835
f 905//905 909//909 912//912
f 820//820 910//910 855//855
f 910//910 835//835 908//908
f 855//855 908//908 809//809
f 910//910 908//908 855//855
f 834//834 912//912 906//906
f 912//912 835//835 910//910
f 906//906 910//910 820//820
f 912//912 910//910 906//906
f 808//808 854//854 850//850
f 854//854 820//820 856//856
f 850//850 856//856 818//818
f 854//854 856//856 850//850
f 820//820 855//855 857//857
f 855//855 809//809 852//852
f 857//857 852//852 819//819
f 855//855 852//852 857//857
f 818//818 853//853 849//849
f 853//853 819//819 851//851
f 849//849 851//851 807//807
f 853//853 851//851 849//849
f 820//820 857//857 856//856
f 857//857 819//819 853//853
f 856//856 853//853 818//818
f 857//857 853//853 856//856
f 808//808 850//850 870//870
f 850//850 818//818 872//872
f 870//870 872//872 825//825
f 850//850 872//872 870//870
f 818//818 849//849 869//869
f 849//849 807//807 867//867
f 869//869 867//867 824//824
f 849//849 867//867 869//869
f 825//825 873//873 871//871
f 873//873 824//824 868//868
f 871//871 868//868 811//811
f 873//873 868//868 871//871
f 818//818 869//869 872//872
f 869//869 824//824 873//873
f 872//872 873//873 825//825
f 869//869 873//873 872//872
f 808//808 870//870 886//886
f 870//870 825//825 888//888
f 886//886 888//888 830//830
f 870//870 888//888 886//886
f 825//825 871//871 891//891
f 871//871 811//811 889//889
f 891//891 889//889 831//831
f 871//871 889//889 891//891
f 830//830 893//893 887//887
f 893//893 831//831 890//890
f 887//887 890//890 813//813
f 893//893 890//890 887//887
f 825//825 891//891 888//888
f 891//891 831//831 893//893
f 888//888 893//893 830//830
f 891//891 893//893 888//888
f 808//808 886//886 904//904
f 886//886 830//830 907//907
f 904//904 907//907 834//834
f 886//886 907//907 904//904
f 830//830 887//887 922//922
f 887//887 813//813 919//919
f 922//922 919//919 837//837
f 887//887 919//919 922//922
f 834//834 924//924 905//905
f 924//924 837//837 920//920
f 905//905 920//920 814//814
f 924//924 920//920 905//905
f 830//830 922//922 907//907
f 922//922 837//837 924//924
f 907//907 924//924 834//834
f 922//922 924//924 907//907
f 809//809 908//908 865//865
f 908//908 835//835 911//911
f 865//865 911//911 823//823
f 908//908 911//911 865//865
f 835//835 909//909 918//918
f 909//909 814//814 914//914
f 918//918 914//914 836//836
f 909//909 914//914 918//918
f 823//823 916//916 866//866
f 916//916 836//836 913//913
f 866//866 913//913 810//810
f 916//916 913//913 866//866
f 835//835 918//918 911//911
f 918//918 836//836 916//916
f 911//911 916//916 823//823
f 918//918 916//916 911//911
f 807//807 851//851 946//946
f 851//851 819//819 948//948
f 946//946 948//948 843//843
f 851//851 948//948 946//946
f 819//819 852//852 952//952
f 852//852 809//809 950//950
f 952//952 950//950 844//844
f 852//852 950//950 952//952
f 843//843 954//954 947//947
f 954//954 844//844 951//951
f 947//947 951//951 816//816
f 954//954 951//951 947//947
f 819//819 952//952 948//948
f 952//952 844//844 954//954
f 948//948 954//954 843//843
f 952//952 954//954 948//948
f 811//811 868//868 931//931
f 868//868 824//824 933//933
f 931//931 933//933 840//840
f 868//868 933//933 931//931
f 824//824 867//867 930//930
f 867//867 807//807 928//928
f 930//930 928//928 839//839
f 867//867 928//928 930//930
f 840//840 935//935 932//932
f 935//935 839//839 929//929
f 932//932 929//929 815//815
f 935//935 929//929 932//932
f 824//824 930//930 933//933
f 930//930 839//839 935//935
f 933//933 935//935 840//840
f 930//930 935//935 933//933
f 813//813 890//890 895//895
f 890//890 831//831 899//899
f 895//895 899//899 832//832
f 890//890 899//899 895//895
f 831//831 889//889 892//892
f 889//889 811//811 881//881
f 892//892 881//881 828//828
f 889//889 881//881 892//892
f 832//832 897//897 894//894
f 897//897 828//828 882//882
f 894//894 882//882 812//812
f 897//897 882//882 894//894
f 831//831 892//892 899//899
f 892//892 828//828 897//897
f 899//899 897//897 832//832
f 892//892 897//897 899//899
f 814//814 920//920 901//901
f 920//920 837//837 923//923
f 901//901 923//923 833//833
f 920//920 923//923 901//901
f 837//837 919//919 921//921
f 919//919 813//813 884//884
f 921//921 884//884 829//829
f 919//919 884//884 921//921
f 833//833 903//903 900//900
f 903//903 829//829 883//883
f 900//900 883//883 806//806
f 903//903 883//883 900//900
f 837//837 921//921 923//923
f 921//921 829//829 903//903
f 923//923 903//903 833//833
f 921//921 903//903 923//923
f 967//967 1104//1104 1020//1020
f 1104//1104 1004//1004 1106//1106
f 1020//1020 1106//1106 983//983
f 1104//1104 1106//1106 1020//1020
f 1004//1004 1105//1105 1121//1121
f 1105//1105 978//978 1118//1118
f 1121//1121 1118//1118 1007//1007
f 1105//1105 1118//1118 1121//1121
f 983//983 1119//1119 1021//1021
f 1119//1119 1007//1007 1117//1117
f 1021//1021 1117//1117 972//972
f 1119//1119 1117//1117 1021//1021
f 1004//1004 1121//1121 1106//1106
f 1121//1121 1007//1007 1119//1119
f 1106//1106 1119//1119 983//983
f 1121//1121 1119//1119 1106//1106
f 967//967 1020//1020 1009//1009
f 1020//1020 983//983 1022//1022
f 1009//1009 1022//1022 979//979
f 1020//1020 1022//1022 1009//1009
f 983//983 1021//1021 1026//1026
f 1021//1021 972//972 1024//1024
f 1026//1026 1024//1024 984//984
f 1021//1021 1024//1024 1026//1026
f 979//979 1025//1025 1010//1010
f 1025//1025 984//984 1023//1023
f 1010//1010 1023//1023 968//968
f 1025//1025 1023//1023 1010//1010
f 983//983 1026//1026 1022//1022
f 1026//1026 984//984 1025//1025
f 1022//1022 1025//1025 979//979
f 1026//1026 1025//1025 1022//1022
f 967//967 1009//1009 1036//1036
f 1009//1009 979//979 1038//1038
f 1036//1036 1038//1038 988//988
f 1009//1009 1038//1038 1036//1036
f 979//979 1010//1010 1041//1041
f 1010//1010 968//968 1039//1039
f 1041//1041 1039//1039 989//989
f 1010//1010 1039//1039 1041//1041
f 988//988 1042//1042 1037//1037
f 1042//1042 989//989 1040//1040
f 1037//1037 1040//1040 974//974
f 1042//1042 1040//1040 1037//1037
f 979//979 1041//1041 1038//1038
f 1041//1041 989//989 1042//1042
f 1038//1038 1042//1042 988//988
f 1041//1041 1042//1042 1038//1038
f 967//967 1036//1036 1087//1087
f 1036//1036 988//988 1089//1089
f 1087//1087 1089//1089 1000//1000
f 1036//1036 1089//1089 1087//1087
f 988//988 1037//1037 1100//1100
f 1037//1037 974//974 1098//1098
f 1100//1100 1098//1098 1003//1003
f 1037//1037 1098//1098 1100//1100
f 1000//1000 1102//1102 1088//1088
f 1102//1102 1003//1003 1099//1099
f 1088//1088 1099//1099 977//977
f 1102//1102 1099//1099 1088//1088
f 988//988 1100//1100 1089//1089
f 1100//1100 1003//1003 1102//1102
f 1089//1089 1102//1102 1000//1000
f 1100//1100 1102//1102 1089//1089
f 967//967 1087//1087 1104//1104
f 1087//1087 1000//1000 1107//1107
f 1104//1104 1107//1107 1004//1004
f 1087//1087 1107//1107 1104//1104
f 1000//1000 1088//1088 1125//1125
f 1088//1088 977//977 1123//1123
f 1125//1125 1123//1123 1008//1008
f 1088//1088 1123//1123 1125//1125
f 1004//1004 1127//1127 1105//1105
f 1127//1127 1008//1008 1124//1124
f 1105//1105 1124//1124 978//978
f 1127//1127 1124//1124 1105//1105
f 1000//1000 1125//1125 1107//1107
f 1125//1125 1008//1008 1127//1127
f 1107//1107 1127//1127 1004//1004
f 1125//1125 1127//1127 1107//1107
f 968//968 1023//1023 1062//1062
f 1023//1023 984//984 1064//1064
f 1062//1062 1064//1064 995//995
f 1023//1023 1064//1064 1062//1062
f 984//984 1024//1024 1077//1077
f 1024//1024 972//972 1075//1075
f 1077//1077 1075//1075 998//998
f 1024//1024 1075//1075 1077//1077
f 995//995 1079//1079 1063//1063
f 1079//1079 998//998 1076//1076
f 1063//1063 1076//1076 976//976
f 1079//1079 1076//1076 1063//1063
f 984//984 1077//1077 1064//1064
f 1077//1077 998//998 1079//1079
f 1064//1064 1079//1079 995//995
f 1077//1077 1079//1079 1064//1064
f 972//972 1117//1117 1028//1028
f 1117//1117 1007//1007 1120//1120
f 1028//1028 1120//1120 985//985
f 1117//1117 1120//1120 1028//1028
f 1007//1007 1118//1118 1122//1122
f 1118//1118 978//978 1113//1113
f 1122//1122 1113//1113 1006//1006
f 1118//1118 1113//1113 1122//1122
f 985//985 1115//1115 1027//1027
f 1115//1115 1006//1006 1112//1112
f 1027//1027 1112//1112 971//971
f 1115//1115 1112//1112 1027//1027
f 1007//1007 1122//1122 1120//1120
f 1122//1122 1006//1006 1115//1115
f 1120//1120 1115//1115 985//985
f 1122//1122 1115//1115 1120//1120
f 978//978 1124//1124 1109//1109
f 1124//1124 1008//1008 1128//1128
f 1109//1109 1128//1128 1005//1005
f 1124//1124 1128//1128 1109//1109
f 1008//1008 1123//1123 1126//1126
f 1123//1123 977//977 1091//1091
f 1126//1126 1091//1091 1001//1001
f 1123//1123 1091//1091 1126//1126
f 1005//1005 1111//1111 1108//1108
f 1111//1111 1001//1001 1090//1090
f 1108//1108 1090//1090 969//969
f 1111//1111 1090//1090 1108//1108
f 1008//1008 1126//1126 1128//1128
f 1126//1126 1001//1001 1111//1111
f 1128//1128 1111//1111 1005//1005
f 1126//1126 1111//1111 1128//1128
f 977//977 1099//1099 1094//1094
f 1099//1099 1003//1003 1103//1103
f 1094//1094 1103//1103 1002//1002
f 1099//1099 1103//1103 1094//1094
f 1003//1003 1098//1098 1101//1101
f 1098//1098 974//974 1044//1044
f 1101//1101 1044//1044 990//990
f 1098//1098 1044//1044 1101//1101
f 1002//1002 1096//1096 1093//1093
f 1096//1096 990//990 1043//1043
f 1093//1093 1043//1043 973//973
f 1096//1096 1043//1043 1093//1093
f 1003//1003 1101//1101 1103//1103
f 1101//1101 990//990 1096//1096
f 1103//1103 1096//1096 1002//1002
f 1101//1101 1096//1096 1103//1103
f 974//974 1040//1040 1056//1056
f 1040//1040 989//989 1058//1058
f 1056//1056 1058//1058 994//994
f 1040//1040 1058//1058 1056//1056
f 989//989 1039//1039 1047//1047
f 1039//1039 968//968 1045//1045
f 1047//1047 1045//1045 991//991
f 1039//1039 1045//1045 1047//1047
f 994//994 1060//1060 1057//1057
f 1060//1060 991//991 1046//1046
f 1057//1057 1046//1046 975//975
f 1060//1060 1046//1046 1057//1057
f 989//989 1047//1047 1058//1058
f 1047//1047 991//991 1060//1060
f 1058//1058 1060//1060 994//994
f 1047//1047 1060//1060 1058//1058
f 970//970 1066//1066 1016//1016
f 1066//1066 996//996 1068//1068
f 1016//1016 1068//1068 982//982
f 1066//1066 1068//1068 1016//1016
f 996//996 1067//1067 1074//1074
f 1067//1067 976//976 1071//1071
f 1074//1074 1071//1071 997//997
f 1067//1067 1071//1071 1074//1074
f 982//982 1072//1072 1017//1017
f 1072//1072 997//997 1070//1070
f 1017//1017 1070//1070 971//971
f 1072//1072 1070//1070 1017//1017
f 996//996 1074//1074 1068//1068
f 1074//1074 997//997 1072//1072
f 1068//1068 1072//1072 982//982
f 1074//1074 1072//1072 1068//1068
f 970//970 1016//1016 1012//1012
f 1016//1016 982//982 1018//1018
f 1012//1012 1018//1018 980//980
f 1016//1016 1018//1018 1012//1012
f 982//982 1017//1017 1019//1019
f 1017//1017 971//971 1014//1014
f 1019//1019 1014//1014 981//981
f 1017//1017 1014//1014 1019//1019
f 980//980 1015//1015 1011//1011
f 1015//1015 981//981 1013//1013
f 1011//1011 1013//1013 969//969
f 1015//1015 1013//1013 1011//1011
f 982//982 1019//1019 1018//1018
f 1019//1019 981//981 1015//1015
f 1018//1018 1015//1015 980//980
f 1019//1019 1015//1015 1018//1018
f 970//970 1012//1012 1032//1032
f 1012//1012 980//980 1034//1034
f 1032//1032 1034//1034 987//987
f 1012//1012 1034//1034 1032//1032
f 980//980 1011//1011 1031//1031
f 1011//1011 969//969 1029//1029
f 1031//1031 1029//1029 986//986
f 1011//1011 1029//1029 1031//1031
f 987//987 1035//1035 1033//1033
f 1035//1035 986//986 1030//1030
f 1033//1033 1030//1030 973//973
f 1035//1035 1030//1030 1033//1033
f 980//980 1031//1031 1034//1034
f 1031//1031 986//986 1035//1035
f 1034//1034 1035//1035 987//987
f 1031//1031 1035//1035 1034//1034
f 970//970 1032//1032 1048//1048
f 1032//1032 987//987 1050//1050
f 1048//1048 1050//1050 992//992
f 1032//1032 1050//1050 1048//1048
f 987//987 1033//1033 1053//1053
f 1033//1033 973//973 1051//1051
f 1053//1053 1051//1051 993//993
f 1033//1033 1051//1051 1053//1053
f 992//992 1055//1055 1049//1049
f 1055//1055 993//993 1052//1052
f 1049//1049 1052//1052 975//975
f 1055//1055 1052//1052 1049//1049
f 987//987 1053//1053 1050//1050
f 1053//1053 993//993 1055//1055
f 1050//1050 1055//1055 992//992
f 1053//1053 1055//1055 1050//1050
f 970//970 1048//1048 1066//1066
f 1048//1048 992//992 1069//1069
f 1066//1066 1069//1069 996//996
f 1048//1048 1069//1069 1066//1066
f 992//992 1049//1049 1084//1084
f 1049//1049 975//975 1081//1081
f 1084//1084 1081//1081 999//999
f 1049//1049 1081//1081 1084//1084
f 996//996 1086//1086 1067//1067
f 1086//1086 999//999 1082//1082
f 1067//1067 1082//1082 976//976
f 1086//1086 1082//1082 1067//1067
f 992//992 1084//1084 1069//1069
f 1084//1084 999//999 1086//1086
f 1069//1069 1086//1086 996//996
f 1084//1084 1086//1086 1069//1069
f 971//971 1070//1070 1027//1027
f 1070//1070 997//997 1073//1073
f 1027//1027 1073//1073 985//985
f 1070//1070 1073//1073 1027//1027
f 997//997 1071//1071 1080//1080
f 1071//1071 976//976 1076//1076
f 1080//1080 1076//1076 998//998
f 1071//1071 1076//1076 1080//1080
f 985//985 1078//1078 1028//1028
f 1078//1078 998//998 1075//1075
f 1028//1028 1075//1075 972//972
f 1078//1078 1075//1075 1028//1028
f 997//997 1080//1080 1073//1073
f 1080//1080 998//998 1078//1078
f 1073//1073 1078//1078 985//985
f 1080//1080 1078//1078 1073//1073
f 969//969 1013//1013 1108//1108
f 1013//1013 981//981 1110//1110
f 1108//1108 1110//1110 1005//1005
f 1013//1013 1110//1110 1108//1108
f 981//981 1014//1014 1114//1114
f 1014//1014 971//971 1112//1112
f 1114//1114 1112//1112 1006//1006
f 1014//1014 1112//1112 1114//1114
f 1005//1005 1116//1116 1109//1109
f 1116//1116 1006//1006 1113//1113
f 1109//1109 1113//1113 978//978
f 1116//1116 1113//1113 1109//1109
f 981//981 1114//1114 1110//1110
f 1114//1114 1006//1006 1116//1116
f 1110//1110 1116//1116 1005//1005
f 1114//1114 1116//1116 1110//1110
f 973//973 1030//1030 1093//1093
f 1030//1030 986//986 1095//1095
f 1093//1093 1095//1095 1002//1002
f 1030//1030 1095//1095 1093//1093
f 986//986 1029//1029 1092//1092
f 1029//1029 969//969 1090//1090
f 1092//1092 1090//1090 1001//1001
f 1029//1029 1090//1090 1092//1092
f 1002//1002 1097//1097 1094//1094
f 1097//1097 1001//1001 1091//1091
f 1094//1094 1091//1091 977//977
f 1097//1097 1091//1091 1094//1094
f 986//986 1092//1092 1095//1095
f 1092//1092 1001//1001 1097//1097
f 1095//1095 1097//1097 1002//1002
f 1092//1092 1097//1097 1095//1095
f 975//975 1052//1052 1057//1057
f 1052//1052 993//993 1061//1061
f 1057//1057 1061//1061 994//994
f 1052//1052 1061//1061 1057//1057
f 993//993 1051//1051 1054//1054
f 1051//1051 973//973 1043//1043
f 1054//1054 1043//1043 990//990
f 1051//1051 1043//1043 1054//1054
f 994//994 1059//1059 1056//1056
f 1059//1059 990//990 1044//1044
f 1056//1056 1044//1044 974//974
f 1059//1059 1044//1044 1056//1056
f 993//993 1054//1054 1061//1061
f 1054//1054 990//990 1059//1059
f 1061//1061 1059//1059 994//994
f 1054//1054 1059//1059 1061//1061
f 976//976 1082//1082 1063//1063
f 1082//1082 999//999 1085//1085
f 1063//1063 1085//1085 995//995
f 1082//1082 1085//1085 1063//1063
f 999//999 1081//1081 1083//1083
f 1081//1081 975//975 1046//1046
f 1083//1083 1046//1046 991//991
f 1081//1081 1046//1046 1083//1083
f 995//995 1065//1065 1062//1062
f 1065//1065 991//991 1045//1045
f 1062//1062 1045//1045 968//968
f 1065//1065 1045//1045 1062//1062
f 999//999 1083//1083 1085//1085
f 1083//1083 991//991 1065//1065
f 1085//1085 1065//1065 995//995
f 1083//1083 1065//1065 1085//1085
f 1129//1129 1266//1266 1182//1182
f 1266//1266 1166//1166 1268//1268
f 1182//1182 1268//1268 1145//1145
f 1266//1266 1268//1268 1182//1182
f 1166//1166 1267//1267 1283//1283
f 1267//1267 1140//1140 1280//1280
f 1283//1283 1280//1280 1169//1169
f 1267//1267 1280//1280 1283//1283
f 1145//1145 1281//1281 1183//1183
f 1281//1281 1169//1169 1279//1279
f 1183//1183 1279//1279 1134//1134
f 1281//1281 1279//1279 1183//1183
f 1166//1166 1283//1283 1268//1268
f 1283//1283 1169//1169 1281//1281
f 1268//1268 1281//1281 1145//1145
f 1283//1283 1281//1281 1268//1268
f 1129//1129 1182//1182 1171//1171
f 1182//1182 1145//1145 1184//1184
f 1171//1171 1184//1184 1141//1141
f 1182//1182 1184//1184 1171//1171
f 1145//1145 1183//1183 1188//1188
f 1183//1183 1134//1134 1186//1186
f 1188//1188 1186//1186 1146//1146
f 1183//1183 1186//1186 1188//1188
f 1141//1141 1187//1187 1172//1172
f 1187//1187 1146//1146 1185//1185
f 1172//1172 1185//1185 1130//1130
f 1187//1187 1185//1185 1172//1172
f 1145//1145 1188//1188 1184//1184
f 1188//1188 1146//1146 1187//1187
f 1184//1184 1187//1187 1141//1141
f 1188//1188 1187//1187 1184//1184
f 1129//1129 1171//1171 1198//1198
f 1171//1171 1141//1141 1200//1200
f 1198//1198 1200//1200 1150//1150
f 1171//1171 1200//1200 1198//1198
f 1141//1141 1172//1172 1203//1203
f 1172//1172 1130//1130 1201//1201
f 1203//1203 1201//1201 1151//1151
f 1172//1172 1201//1201 1203//1203
f 1150//1150 1204//1204 1199//1199
f 1204//1204 1151//1151 1202//1202
f 1199//1199 1202//1202 1136//1136
f 1204//1204 1202//1202 1199//1199
f 1141//1141 1203//1203 1200//1200
f 1203//1203 1151//1151 1204//1204
f 1200//1200 1204//1204 1150//1150
f 1203//1203 1204//1204 1200//1200
f 1129//1129 1198//1198 1249//1249
f 1198//1198 1150//1150 1251//1251
f 1249//1249 1251//1251 1162//1162
f 1198//1198 1251//1251 1249//1249
f 1150//1150 1199//1199 1262//1262
f 1199//1199 1136//1136 1260//1260
f 1262//1262 1260//1260 1165//1165
f 1199//1199 1260//1260 1262//1262
f 1162//1162 1264//1264 1250//1250
f 1264//1264 1165//1165 1261//1261
f 1250//1250 1261//1261 1139//1139
f 1264//1264 1261//1261 1250//1250
f 1150//1150 1262//1262 1251//1251
f 1262//1262 1165//1165 1264//1264
f 1251//1251 1264//1264 1162//1162
f 1262//1262 1264//1264 1251//1251
f 1129//1129 1249//1249 1266//1266
f 1249//1249 1162//1162 1269//1269
f 1266//1266 1269//1269 1166//1166
f 1249//1249 1269//1269 1266//1266
f 1162//1162 1250//1250 1287//1287
f 1250//1250 1139//1139 1285//1285
f 1287//1287 1285//1285 1170//1170
f 1250//1250 1285//1285 1287//1287
f 1166//1166 1289//1289 1267//1267
f 1289//1289 1170//1170 1286//1286
f 1267//1267 1286//1286 1140//1140
f 1289//1289 1286//1286 1267//1267
f 1162//1162 1287//1287 1269//1269
f 1287//1287 1170//1170 1289//1289
f 1269//1269 1289//1289 1166//1166
f 1287//1287 1289//1289 1269//1269
f 1130//1130 1185//1185 1224//1224
f 1185//1185 1146//1146 1226//1226
f 1224//1224 1226//1226 1157//1157
f 1185//1185 1226//1226 1224//1224
f 1146//1146 1186//1186 1239//1239
f 1186//1186 1134//1134 1237//1237
f 1239//1239 1237//1237 1160//1160
f 1186//1186 1237//1237 1239//1239
f 1157//1157 1241//1241 1225//1225
f 1241//1241 1160//1160 1238//1238
f 1225//1225 1238//1238 1138//1138
f 1241//1241 1238//1238 1225//1225
f 1146//1146 1239//1239 1226//1226
f 1239//1239 1160//1160 1241//1241
f 1226//1226 1241//1241 1157//1157
f 1239//1239 1241//1241 1226//1226
f 1134//1134 1279//1279 1190//1190
f 1279//1279 1169//1169 1282//1282
f 1190//1190 1282//1282 1147//1147
f 1279//1279 1282//1282 1190//1190
f 1169//1169 1280//1280 1284//1284
f 1280//1280 1140//1140 1275//1275
f 1284//1284 1275//1275 1168//1168
f 1280//1280 1275//1275 1284//1284
f 1147//1147 1277//1277 1189//1189
f 1277//1277 1168//1168 1274//1274
f 1189//1189 1274//1274 1133//1133
f 1277//1277 1274//1274 1189//1189
f 1169//1169 1284//1284 1282//1282
f 1284//1284 1168//1168 1277//1277
f 1282//1282 1277//1277 1147//1147
f 1284//1284 1277//1277 1282//1282
f 1140//1140 1286//1286 1271//1271
f 1286//1286 1170//1170 1290//1290
f 1271//1271 1290//1290 1167//1167
f 1286//1286 1290//1290 1271//1271
f 1170//1170 1285//1285 1288//1288
f 1285//1285 1139//1139 1253//1253
f 1288//1288 1253//1253 1163//1163
f 1285//1285 1253//1253 1288//1288
f 1167//1167 1273//1273 1270//1270
f 1273//1273 1163//1163 1252//1252
f 1270//1270 1252//1252 1131//1131
f 1273//1273 1252//1252 1270//1270
f 1170//1170 1288//1288 1290//1290
f 1288//1288 1163//1163 1273//1273
f 1290//1290 1273//1273 1167//1167
f 1288//1288 1273//1273 1290//1290
f 1139//1139 1261//1261 1256//1256
f 1261//1261 1165//1165 1265//1265
f 1256//1256 1265//1265 1164//1164
f 1261//1261 1265//1265 1256//1256
f 1165//1165 1260//1260 1263//1263
f 1260//1260 1136//1136 1206//1206
f 1263//1263 1206//1206 1152//1152
f 1260//1260 1206//1206 1263//1263
f 1164//1164 1258//1258 1255//1255
f 1258//1258 1152//1152 1205//1205
f 1255//1255 1205//1205 1135//1135
f 1258//1258 1205//1205 1255//1255
f 1165//1165 1263//1263 1265//1265
f 1263//1263 1152//1152 1258//1258
f 1265//1265 1258//1258 1164//1164
f 1263//1263 1258//1258 1265//1265
f 1136//1136 1202//1202 1218//1218
f 1202//1202 1151//1151 1220//1220
f 1218//1218 1220//1220 1156//1156
f 1202//1202 1220//1220 1218//1218
f 1151//1151 1201//1201 1209//1209
f 1201//1201 1130//1130 1207//1207
f 1209//1209 1207//1207 1153//1153
f 1201//1201 1207//1207 1209//1209
f 1156//1156 1222//1222 1219//1219
f 1222//1222 1153//1153 1208//1208
f 1219//1219 1208//1208 1137//1137
f 1222//1222 1208//1208 1219//1219
f 1151//1151 1209//1209 1220//1220
f 1209//1209 1153//1153 1222//1222
f 1220//1220 1222//1222 1156//1156
f 1209//1209 1222//1222 1220//1220
f 1132//1132 1228//1228 1178//1178
f 1228//1228 1158//1158 1230//1230
f 1178//1178 1230//1230 1144//1144
f 1228//1228 1230//1230 1178//1178
f 1158//1158 1229//1229 1236//1236
f 1229//1229 1138//1138 1233//1233
f 1236//1236 1233//1233 1159//1159
f 1229//1229 1233//1233 1236//1236
f 1144//1144 1234//1234 1179//1179
f 1234//1234 1159//1159 1232//1232
f 1179//1179 1232//1232 1133//1133
f 1234//1234 1232//1232 1179//1179
f 1158//1158 1236//1236 1230//1230
f 1236//1236 1159//1159 1234//1234
f 1230//1230 1234//1234 1144//1144
f 1236//1236 1234//1234 1230//1230
f 1132//1132 1178//1178 1174//1174
f 1178//1178 1144//1144 1180//1180
f 1174//1174 1180//1180 1142//1142
f 1178//1178 1180//1180 1174//1174
f 1144//1144 1179//1179 1181//1181
f 1179//1179 1133//1133 1176//1176
f 1181//1181 1176//1176 1143//1143
f 1179//1179 1176//1176 1181//1181
f 1142//1142 1177//1177 1173//1173
f 1177//1177 1143//1143 1175//1175
f 1173//1173 1175//1175 1131//1131
f 1177//1177 1175//1175 1173//1173
f 1144//1144 1181//1181 1180//1180
f 1181//1181 1143//1143 1177//1177
f 1180//1180 1177//1177 1142//1142
f 1181//1181 1177//1177 1180//1180
f 1132//1132 1174//1174 1194//1194
f 1174//1174 1142//1142 1196//1196
f 1194//1194 1196//1196 1149//1149
f 1174//1174 1196//1196 1194//1194
f 1142//1142 1173//1173 1193//1193
f 1173//1173 1131//1131 1191//1191
f 1193//1193 1191//1191 1148//1148
f 1173//1173 1191//1191 1193//1193
f 1149//1149 1197//1197 1195//1195
f 1197//1197 1148//1148 1192//1192
f 1195//1195 1192//1192 1135//1135
f 1197//1197 1192//1192 1195//1195
f 1142//1142 1193//1193 1196//1196
f 1193//1193 1148//1148 1197//1197
f 1196//1196 1197//1197 1149//1149
f 1193//1193 1197//1197 1196//1196
f 1132//1132 1194//1194 1210//1210
f 1194//1194 1149//1149 1212//1212
f 1210//1210 1212//1212 1154//1154
f 1194//1194 1212//1212 1210//1210
f 1149//1149 1195//1195 1215//1215
f 1195//1195 1135//1135 1213//1213
f 1215//1215 1213//1213 1155//1155
f 1195//1195 1213//1213 1215//1215
f 1154//1154 1217//1217 1211//1211
f 1217//1217 1155//1155 1214//1214
f 1211//1211 1214//1214 1137//1137
f 1217//1217 1214//1214 1211//1211
f 1149//1149 1215//1215 1212//1212
f 1215//1215 1155//1155 1217//1217
f 1212//1212 1217//1217 1154//1154
f 1215//1215 1217//1217 1212//1212
f 1132//1132 1210//1210 1228//1228
f 1210//1210 1154//1154 1231//1231
f 1228//1228 1231//1231 1158//1158
f 1210//1210 1231//1231 1228//1228
f 1154//1154 1211//1211 1246//1246
f 1211//1211 1137//1137 1243//1243
f 1246//1246 1243//1243 1161//1161
f 1211//1211 1243//1243 1246//1246
f 1158//1158 1248//1248 1229//1229
f 1248//1248 1161//1161 1244//1244
f 1229//1229 1244//1244 1138//1138
f 1248//1248 1244//1244 1229//1229
f 1154//1154 1246//1246 1231//1231
f 1246//1246 1161//1161 1248//1248
f 1231//1231 1248//1248 1158//1158
f 1246//1246 1248//1248 1231//1231
f 1133//1133 1232//1232 1189//1189
f 1232//1232 1159//1159 1235//1235
f 1189//1189 1235//1235 1147//1147
f 1232//1232 1235//1235 1189//1189
f 1159//1159 1233//1233 1242//1242
f 1233//1233 1138//1138 1238//1238
f 1242//1242 1238//1238 1160//1160
f 1233//1233 1238//1238 1242//1242
f 1147//1147 1240//1240 1190//1190
f 1240//1240 1160//1160 1237//1237
f 1190//1190 1237//1237 1134//1134
f 1240//1240 1237//1237 1190//1190
f 1159//1159 1242//1242 1235//1235
f 1242//1242 1160//1160 1240//1240
f 1235//1235 1240//1240 1147//1147
f 1242//1242 1240//1240 1235//1235
f 1131//1131 1175//1175 1270//1270
f 1175//1175 1143//1143 1272//1272
f 1270//1270 1272//1272 1167//1167
f 1175//1175 1272//1272 1270//1270
f 1143//1143 1176//1176 1276//1276
f 1176//1176 1133//1133 1274//1274
f 1276//1276 1274//1274 1168//1168
f 1176//1176 1274//1274 1276//1276
f 1167//1167 1278//1278 1271//1271
f 1278//1278 1168//1168 1275//1275
f 1271//1271 1275//1275 1140//1140
f 1278//1278 1275//1275 1271//1271
f 1143//1143 1276//1276 1272//1272
f 1276//1276 1168//1168 1278//1278
f 1272//1272 1278//1278 1167//1167
f 1276//1276 1278//1278 1272//1272
f 1135//1135 1192//1192 1255//1255
f 1192//1192 1148//1148 1257//1257
f 1255//1255 1257//1257 1164//1164
f 1192//1192 1257//1257 1255//1255
f 1148//1148 1191//1191 1254//1254
f 1191//1191 1131//1131 1252//1252
f 1254//1254 1252//1252 1163//1163
f 1191//1191 1252//1252 1254//1254
f 1164//1164 1259//1259 1256//1256
f 1259//1259 1163//1163 1253//1253
f 1256//1256 1253//1253 1139//1139
f 1259//1259 1253//1253 1256//1256
f 1148//1148 1254//1254 1257//1257
f 1254//1254 1163//1163 1259//1259
f 1257//1257 1259//1259 1164//1164
f 1254//1254 1259//1259 1257//1257
f 1137//1137 1214//1214 1219//1219
f 1214//1214 1155//1155 1223//1223
f 1219//1219 1223//1223 1156//1156
f 1214//1214 1223//1223 1219//1219
f 1155//1155 1213//1213 1216//1216
f 1213//1213 1135//1135 1205//1205
f 1216//1216 1205//1205 1152//1152
f 1213//1213 1205//1205 1216//1216
f 1156//1156 1221//1221 1218//1218
f 1221//1221 1152//1152 1206//1206
f 1218//1218 1206//1206 1136//1136
f 1221//1221 1206//1206 1218//1218
f 1155//1155 1216//1216 1223//1223
f 1216//1216 1152//1152 1221//1221
f 1223//1223 1221//1221 1156//1156
f 1216//1216 1221//1221 1223//1223
f 1138//1138 1244//1244 1225//1225
f 1244//1244 1161//1161 1247//1247
f 1225//1225 1247//1247 1157//1157
f 1244//1244 1247//1247 1225//1225
f 1161//1161 1243//1243 1245//1245
f 1243//1243 1137//1137 1208//1208
f 1245//1245 1208//1208 1153//1153
f 1243//1243 1208//1208 1245//1245
f 1157//1157 1227//1227 1224//1224
f 1227//1227 1153//1153 1207//1207
f 1224//1224 1207//1207 1130//1130
f 1227//1227 1207//1207 1224//1224
f 1161//1161 1245//1245 1247//1247
f 1245//1245 1153//1153 1227//1227
f 1247//1247 1227//1227 1157//1157
f 1245//1245 1227//1227 1247//1247
f 1291//1291 1428//1428 1344//1344
f 1428//1428 1328//1328 1430//1430
f 1344//1344 1430//1430 1307//1307
f 1428//1428 1430//1430 1344//1344
f 1328//1328 1429//1429 1445//1445
f 1429//1429 1302//1302 1442//1442
f 1445//1445 1442//1442 1331//1331
f 1429//1429 1442//1442 1445//1445
f 1307//1307 1443//1443 1345//1345
f 1443//1443 1331//1331 1441//1441
f 1345//1345 1441//1441 1296//1296
f 1443//1443 1441//1441 1345//1345
f 1328//1328 1445//1445 1430//1430
f 1445//1445 1331//1331 1443//1443
f 1430//1430 1443//1443 1307//1307
f 1445//1445 1443//1443 1430//1430
f 1291//1291 1344//1344 1333//1333
f 1344//1344 1307//1307 1346//1346
f 1333//1333 1346//1346 1303//1303
f 1344//1344 1346//1346 1333//1333
f 1307//1307 1345//1345 1350//1350
f 1345//1345 1296//1296 1348//1348
f 1350//1350 1348//1348 1308//1308
f 1345//1345 1348//1348 1350//1350
f 1303//1303 1349//1349 1334//1334
f 1349//1349 1308//1308 1347//1347
f 1334//1334 1347//1347 1292//1292
f 1349//1349 1347//1347 1334//1334
f 1307//1307 1350//1350 1346//1346
f 1350//1350 1308//1308 1349//1349
f 1346//1346 1349//1349 1303//1303
f 1350//1350 1349//1349 1346//1346
f 1291//1291 1333//1333 1360//1360
f 1333//1333 1303//1303 1362//1362
f 1360//1360 1362//1362 1312//1312
f 1333//1333 1362//1362 1360//1360
f 1303//1303 1334//1334 1365//1365
f 1334//1334 1292//1292 1363//1363
f 1365//1365 1363//1363 1313//1313
f 1334//1334 1363//1363 1365//1365
f 1312//1312 1366//1366 1361//1361
f 1366//1366 1313//1313 1364//1364
f 1361//1361 1364//1364 1298//1298
f 1366//1366 1364//1364 1361//1361
f 1303//1303 1365//1365 1362//1362
f 1365//1365 1313//1313 1366//1366
f 1362//1362 1366//1366 1312//1312
f 1365//1365 1366//1366 1362//1362
f 1291//1291 1360//1360 1411//1411
f 1360//1360 1312//1312 1413//1413
f 1411//1411 1413//1413 1324//1324
f 1360//1360 1413//1413 1411//1411
f 1312//1312 1361//1361 1424//1424
f 1361//1361 1298//1298 1422//1422
f 1424//1424 1422//1422 1327//1327
f 1361//1361 1422//1422 1424//1424
f 1324//1324 1426//1426 1412//1412
f 1426//1426 1327//1327 1423//1423
f 1412//1412 1423//1423 1301//1301
f 1426//1426 1423//1423 1412//1412
f 1312//1312 1424//1424 1413//1413
f 1424//1424 1327//1327 1426//1426
f 1413//1413 1426//1426 1324//1324
f 1424//1424 1426//1426 1413//1413
f 1291//1291 1411//1411 1428//1428
f 1411//1411 1324//1324 1431//1431
f 1428//1428 1431//1431 1328//1328
f 1411//1411 1431//1431 1428//1428
f 1324//1324 1412//1412 1449//1449
f 1412//1412 1301//1301 1447//1447
f 1449//1449 1447//1447 1332//1332
f 1412//1412 1447//1447 1449//1449
f 1328//1328 1451//1451 1429//1429
f 1451//1451 1332//1332 1448//1448
f 1429//1429 1448//1448 1302//1302
f 1451//1451 1448//1448 1429//1429
f 1324//1324 1449//1449 1431//1431
f 1449//1449 1332//1332 1451//1451
f 1431//1431 1451//1451 1328//1328
f 1449//1449 1451//1451 1431//1431
f 1292//1292 1347//1347 1386//1386
f 1347//1347 1308//1308 1388//1388
f 1386//1386 1388//1388 1319//1319
f 1347//1347 1388//1388 1386//1386
f 1308//1308 1348//1348 1401//1401
f 1348//1348 1296//1296 1399//1399
f 1401//1401 1399//1399 1322//1322
f 1348//1348 1399//1399 1401//1401
f 1319//1319 1403//1403 1387//1387
f 1403//1403 1322//1322 1400//1400
f 1387//1387 1400//1400 1300//1300
f 1403//1403 1400//1400 1387//1387
f 1308//1308 1401//1401 1388//1388
f 1401//1401 1322//1322 1403//1403
f 1388//1388 1403//1403 1319//1319
f 1401//1401 1403//1403 1388//1388
f 1296//1296 1441//1441 1352//1352
f 1441//1441 1331//1331 1444//1444
f 1352//1352 1444//1444 1309//1309
f 1441//1441 1444//1444 1352//1352
f 1331//1331 1442//1442 1446//1446
f 1442//1442 1302//1302 1437//1437
f 1446//1446 1437//1437 1330//1330
f 1442//1442 1437//1437 1446//1446
f 1309//1309 1439//1439 1351//1351
f 1439//1439 1330//1330 1436//1436
f 1351//1351 1436//1436 1295//1295
f 1439//1439 1436//1436 1351//1351
f 1331//1331 1446//1446 1444//1444
f 1446//1446 1330//1330 1439//1439
f 1444//1444 1439//1439 1309//1309
f 1446//1446 1439//1439 1444//1444
f 1302//1302 1448//1448 1433//1433
f 1448//1448 1332//1332 1452//1452
f 1433//1433 1452//1452 1329//1329
f 1448//1448 1452//1452 1433//1433
f 1332//1332 1447//1447 1450//1450
f 1447//1447 1301//1301 1415//1415
f 1450//1450 1415//1415 1325//1325
f 1447//1447 1415//1415 1450//1450
f 1329//1329 1435//1435 1432//1432
f 1435//1435 1325//1325 1414//1414
f 1432//1432 1414//1414 1293//1293
f 1435//1435 1414//1414 1432//1432
f 1332//1332 1450//1450 1452//1452
f 1450//1450 1325//1325 1435//1435
f 1452//1452 1435//1435 1329//1329
f 1450//1450 1435//1435 1452//1452
f 1301//1301 1423//1423 1418//1418
f 1423//1423 1327//1327 1427//1427
f 1418//1418 1427//1427 1326//1326
f 1423//1423 1427//1427 1418//1418
f 1327//1327 1422//1422 1425//1425
f 1422//1422 1298//1298 1368//1368
f 1425//1425 1368//1368 1314//1314
f 1422//1422 1368//1368 1425//1425
f 1326//1326 1420//1420 1417//1417
f 1420//1420 1314//1314 1367//1367
f 1417//1417 1367//1367 1297//1297
f 1420//1420 1367//1367 1417//1417
f 1327//1327 1425//1425 1427//1427
f 1425//1425 1314//1314 1420//1420
f 1427//1427 1420//1420 1326//1326
f 1425//1425 1420//1420 1427//1427
f 1298//1298 1364//1364 1380//1380
f 1364//1364 1313//1313 1382//1382
f 1380//1380 1382//1382 1318//1318
f 1364//1364 1382//1382 1380//1380
f 1313//1313 1363//1363 1371//1371
f 1363//1363 1292//1292 1369//1369
f 1371//1371 1369//1369 1315//1315
f 1363//1363 1369//1369 1371//1371
f 1318//1318 1384//1384 1381//1381
f 1384//1384 1315//1315 1370//1370
f 1381//1381 1370//1370 1299//1299
f 1384//1384 1370//1370 1381//1381
f 1313//1313 1371//1371 1382//1382
f 1371//1371 1315//1315 1384//1384
f 1382//1382 1384//1384 1318//1318
f 1371//1371 1384//1384 1382//1382
f 1294//1294 1390//1390 1340//1340
f 1390//1390 1320//1320 1392//1392
f 1340//1340 1392//1392 1306//1306
f 1390//1390 1392//1392 1340//1340
f 1320//1320 1391//1391 1398//1398
f 1391//1391 1300//1300 1395//1395
f 1398//1398 1395//1395 1321//1321
f 1391//1391 1395//1395 1398//1398
f 1306//1306 1396//1396 1341//1341
f 1396//1396 1321//1321 1394//1394
f 1341//1341 1394//1394 1295//1295
f 1396//1396 1394//1394 1341//1341
f 1320//1320 1398//1398 1392//1392
f 1398//1398 1321//1321 1396//1396
f 1392//1392 1396//1396 1306//1306
f 1398//1398 1396//1396 1392//1392
f 1294//1294 1340//1340 1336//1336
f 1340//1340 1306//1306 1342//1342
f 1336//1336 1342//1342 1304//1304
f 1340//1340 1342//1342 1336//1336
f 1306//1306 1341//1341 1343//1343
f 1341//1341 1295//1295 1338//1338
f 1343//1343 1338//1338 1305//1305
f 1341//1341 1338//1338 1343//1343
f 1304//1304 1339//1339 1335//1335
f 1339//1339 1305//1305 1337//1337
f 1335//1335 1337//1337 1293//1293
f 1339//1339 1337//1337 1335//1335
f 1306//1306 1343//1343 1342//1342
f 1343//1343 1305//1305 1339//1339
f 1342//1342 1339//1339 1304//1304
f 1343//1343 1339//1339 1342//1342
f 1294//1294 1336//1336 1356//1356
f 1336//1336 1304//1304 1358//1358
f 1356//1356 1358//1358 1311//1311
f 1336//1336 1358//1358 1356//1356
f 1304//1304 1335//1335 1355//1355
f 1335//1335 1293//1293 1353//1353
f 1355//1355 1353//1353 1310//1310
f 1335//1335 1353//1353 1355//1355
f 1311//1311 1359//1359 1357//1357
f 1359//1359 1310//1310 1354//1354
f 1357//1357 1354//1354 1297//1297
f 1359//1359 1354//1354 1357//1357
f 1304//1304 1355//1355 1358//1358
f 1355//1355 1310//1310 1359//1359
f 1358//1358 1359//1359 1311//1311
f 1355//1355 1359//1359 1358//1358
f 1294//1294 1356//1356 1372//1372
f 1356//1356 1311//1311 1374//1374
f 1372//1372 1374//1374 1316//1316
f 1356//1356 1374//1374 1372//1372
f 1311//1311 1357//1357 1377//1377
f 1357//1357 1297//1297 1375//1375
f 1377//1377 1375//1375 1317//1317
f 1357//1357 1375//1375 1377//1377
f 1316//1316 1379//1379 1373//1373
f 1379//1379 1317//1317 1376//1376
f 1373//1373 1376//1376 1299//1299
f 1379//1379 1376//1376 1373//1373
f 1311//1311 1377//1377 1374//1374
f 1377//1377 1317//1317 1379//1379
f 1374//1374 1379//1379 1316//1316
f 1377//1377 1379//1379 1374//1374
f 1294//1294 1372//1372 1390//1390
f 1372//1372 1316//1316 1393//1393
f 1390//1390 1393//1393 1320//1320
f 1372//1372 1393//1393 1390//1390
f 1316//1316 1373//1373 1408//1408
f 1373//1373 1299//1299 1405//1405
f 1408//1408 1405//1405 1323//1323
f 1373//1373 1405//1405 1408//1408
f 1320//1320 1410//1410 1391//1391
f 1410//1410 1323//1323 1406//1406
f 1391//1391 1406//1406 1300//1300
f 1410//1410 1406//1406 1391//1391
f 1316//1316 1408//1408 1393//1393
f 1408//1408 1323//1323 1410//1410
f 1393//1393 1410//1410 1320//1320
f 1408//1408 1410//1410 1393//1393
f 1295//1295 1394//1394 1351//1351
f 1394//1394 1321//1321 1397//1397
f 1351//1351 1397//1397 1309//1309
f 1394//1394 1397//1397 1351//1351
f 1321//1321 1395//1395 1404//1404
f 1395//1395 1300//1300 1400//1400
f 1404//1404 1400//1400 1322//1322
f 1395//1395 1400//1400 1404//1404
f 1309//1309 1402//1402 1352//1352
f 1402//1402 1322//1322 1399//1399
f 1352//1352 1399//1399 1296//1296
f 1402//1402 1399//1399 1352//1352
f 1321//1321 1404//1404 1397//1397
f 1404//1404 1322//1322 1402//1402
f 1397//1397 1402//1402 1309//1309
f 1404//1404 1402//1402 1397//1397
f 1293//1293 1337//1337 1432//1432
f 1337//1337 1305//1305 1434//1434
f 1432//1432 1434//1434 1329//1329
f 1337//1337 1434//1434 1432//1432
f 1305//1305 1338//1338 1438//1438
f 1338//1338 1295//1295 1436//1436
f 1438//1438 1436//1436 1330//1330
f 1338//1338 1436//1436 1438//1438
f 1329//1329 1440//1440 1433//1433
f 1440//1440 1330//1330 1437//1437
f 1433//1433 1437//1437 1302//1302
f 1440//1440 1437//1437 1433//1433
f 1305//1305 1438//1438 1434//1434
f 1438//1438 1330//1330 1440//1440
f 1434//1434 1440//1440 1329//1329
f 1438//1438 1440//1440 1434//1434
f 1297//1297 1354//1354 1417//1417
f 1354//1354 1310//1310 1419//1419
f 1417//1417 1419//1419 1326//1326
f 1354//1354 1419//1419 1417//1417
f 1310//1310 1353//1353 1416//1416
f 1353//1353 1293//1293 1414//1414
f 1416//1416 1414//1414 1325//1325
f 1353//1353 1414//1414 1416//1416
f 1326//1326 1421//1421 1418//1418
f 1421//1421 1325//1325 1415//1415
f 1418//1418 1415//1415 1301//1301
f 1421//1421 1415//1415 1418//1418
f 1310//1310 1416//1416 1419//1419
f 1416//1416 1325//1325 1421//1421
f 1419//1419 1421//1421 1326//1326
f 1416//1416 1421//1421 1419//1419
f 1299//1299 1376//1376 1381//1381
f 1376//1376 1317//1317 1385//1385
f 1381//1381 1385//1385 1318//1318
f 1376//1376 1385//1385 1381//1381
f 1317//1317 1375//1375 1378//1378
f 1375//1375 1297//1297 1367//1367
f 1378//1378 1367//1367 1314//1314
f 1375//1375 1367//1367 1378//1378
f 1318//1318 1383//1383 1380//1380
f 1383//1383 1314//1314 1368//1368
f 1380//1380 1368//1368 1298//1298
f 1383//1383 1368//1368 1380//1380
f 1317//1317 1378//1378 1385//1385
f 1378//1378 1314//1314 1383//1383
f 1385//1385 1383//1383 1318//1318
f 1378//1378 1383//1383 1385//1385
f 1300//1300 1406//1406 1387//1387
f 1406//1406 1323//1323 1409//1409
f 1387//1387 1409//1409 1319//1319
f 1406//1406 1409//1409 1387//1387
f 1323//1323 1405//1405 1407//1407
f 1405//1405 1299//1299 1370//1370
f 1407//1407 1370//1370 1315//1315
f 1405//1405 1370//1370 1407//1407
f 1319//1319 1389//1389 1386//1386
f 1389//1389 1315//1315 1369//1369
f 1386//1386 1369//1369 1292//1292
f 1389//1389 1369//1369 1386//1386
f 1323//1323 1407//1407 1409//1409
f 1407//1407 1315//1315 1389//1389
f 1409//1409 1389//1389 1319//1319
f 1407//1407 1389//1389 1409//1409

